d_most_recent_category,total,percentage
4_medical,3926926.67,0.6821255485899614
9_human_capital,1325903.88,0.23031571209195495
10_office_management,365782.49,0.06353813117668711
6_industrial_products_and_services,71399.42,0.012402412866654286
3_information_technology,30063.43,0.0052221585537381805
1_facilities_and_construction,21907.50,0.0038054353251115785
11_defence,14913.83,0.002590601395892411
