d_most_recent_category,total,percentage
4_medical,3705479.743870968,0.6983531550040039
9_human_capital,1162835.92,0.21915384501215646
10_office_management,300789.19160714286,0.05668822810255433
6_industrial_products_and_services,71399.41600985221,0.013456289301917708
3_information_technology,30063.43,0.005665903645936407
1_facilities_and_construction,21907.5,0.00412879648540941
11_defence,13550.43513957307,0.0025537824480217947
