owner_org,d_fiscal_year,total
dnd-mdn,2017-2018,1490548.048607334
dnd-mdn,2018-2019,4154500.7182320445
dnd-mdn,2020-2021,2623879.7204564316
