d_most_recent_category,total,percentage
9_human_capital,4651306.00,0.7709157370926019
2_professional_services,1160413.52,0.19232900240332354
3_information_technology,221762.19,0.0367552605040746
