d_most_recent_category,total,percentage
3_information_technology,6805235.58,0.489905846605723
9_human_capital,3716539.80,0.2675520272529638
2_professional_services,2236763.17,0.1610235735171091
10_office_management,1039445.77,0.07482923325602774
6_industrial_products_and_services,80000.00,0.005759163990952641
1_facilities_and_construction,12920.70,9.301553772237725e-4
