d_fiscal_year,total
2017-2018,3350835.5207869173
2018-2019,2553947.697326068
2019-2020,3242516.0782430265
2020-2021,2594278.4499271116
