d_fiscal_year,total
2017-2018,2913525.197295677
2018-2019,2405181.1839524116
2019-2020,3125622.860776818
2020-2021,2418413.8112278082
