d_most_recent_category,total,percentage
10_office_management,4551707.640232219,0.41902009629780085
9_human_capital,2605424.947904834,0.23984963421597935
3_information_technology,2119780.917376534,0.19514232335098747
2_professional_services,1572908.8477391265,0.14479849518931026
1_facilities_and_construction,12920.7,0.0011894509459220853
