d_most_recent_category,total,percentage
3_information_technology,5301721.826404526,0.4867319166244638
9_human_capital,2695350.347904834,0.24745037249527602
2_professional_services,1981455.2097836935,0.1819102403978067
10_office_management,901040.4610849886,0.08272126772020953
1_facilities_and_construction,12920.7,0.0011862027622438786
