d_fiscal_year,total
2017-2018,2913525.197295677
2018-2019,2403654.667590084
2019-2020,3108199.7099805297
2020-2021,2401003.970311751
