d_fiscal_year,total
2017-2018,125270.02408468243
2018-2019,278669.7498799211
2019-2020,30647.41472275965
2020-2021,5608491.333602475
