d_most_recent_category,total,percentage
3_information_technology,3219953.01,0.4692696450387971
6_industrial_products_and_services,2527322.97,0.3683270993821957
11_defence,1058031.28,0.15419540568338203
9_human_capital,56319.20,0.008207849895625233
