d_most_recent_category,total,percentage
2_professional_services,11809951.307805495,0.7500918858378514
1_facilities_and_construction,3934721.486000026,0.24990811416214864
