d_most_recent_category,total,percentage
4_medical,5372104.05,0.7226933487767735
6_industrial_products_and_services,1459724.82,0.19637248389925707
9_human_capital,334262.32,0.044967326225679526
3_information_technology,225477.67,0.030332847081917084
1_facilities_and_construction,41880.01,0.005633994016372797
