d_most_recent_category,total,percentage
5_transportation_and_logistics,25991456.45165574,0.7796890976602319
11_defence,7225735.43969653,0.21675688530142576
6_industrial_products_and_services,118475.52999999998,0.0035540170383423506
