d_most_recent_category,total,percentage
5_transportation_and_logistics,33205489.014303092,0.9960949212324516
6_industrial_products_and_services,118475.52999999998,0.0035540170383423506
NA,11702.877049180328,3.5106172920612843e-4
