d_most_recent_category,total,percentage
2_professional_services,32176845.578145456,0.9652377788463127
1_facilities_and_construction,443201.13,0.01329510294178539
11_defence,316192.57704918034,0.009485113138807344
5_transportation_and_logistics,280952.60615763546,0.008427988034752193
6_industrial_products_and_services,118475.52999999998,0.0035540170383423506
