d_fiscal_year,total
2017-2018,13747355.244509075
2018-2019,10674585.494730856
2019-2020,4206918.490188355
2020-2021,6357040.488486486
