d_most_recent_category,total,percentage
5_transportation_and_logistics,25548255.321655743,0.7663939947184465
11_defence,7225735.43969653,0.21675688530142576
1_facilities_and_construction,443201.13,0.01329510294178539
6_industrial_products_and_services,118475.52999999998,0.0035540170383423506
