d_fiscal_year,total
2019-2020,148120.86398191168
2020-2021,141762.17114395942
