d_most_recent_category,total,percentage
2_professional_services,197718.03575949365,0.6820614240969357
10_office_management,92164.99936637744,0.3179385759030644
