d_fiscal_year,total
2017-2018,534267.6449220028
2018-2019,762245.5690968472
2019-2020,582177.590596078
2020-2021,633316.8467586619
