category,total,percentage
2_professional_services,1648920.451812513,0.656415377919278
3_information_technology,683063.7862598631,0.2719194688305815
10_office_management,161519.66330121382,0.06429903317089553
9_human_capital,18503.75,0.00736612007924497
