d_fiscal_year,total
2017-2018,2029097.5496141056
2018-2019,1481081.0465385
2019-2020,1687429.6324486814
2020-2021,953427.6314872669
