d_most_recent_category,total,percentage
9_human_capital,8361962.91,0.9894700607123439
2_professional_services,76388.00,0.009038982810103312
3_information_technology,12600.00,0.0014909564775527795
