d_most_recent_category,total,percentage
9_human_capital,7277399.243816338,0.8611337731988626
2_professional_services,1127404.165683944,0.13340559870210028
3_information_technology,46147.5,0.005460628099037055
