d_most_recent_category,total,percentage
9_human_capital,10209779.60,0.9888349009839977
2_professional_services,76388.00,0.007398310578852294
8_security_and_protection,26292.32,0.0025464565356269546
3_information_technology,12600.00,0.0012203319015229998
