owner_org,d_fiscal_year,total
dnd-mdn,2020-2021,31652
rcmp-grc,2017-2018,1301816.9016666666
rcmp-grc,2018-2019,1146296.9241485507
rcmp-grc,2019-2020,1406919.7241847827
rcmp-grc,2020-2021,1812469.78
