d_fiscal_year,total
2017-2018,1301816.9016666666
2018-2019,1146296.9241485507
2019-2020,1406919.7241847827
2020-2021,1844121.78
