d_most_recent_category,total,percentage
6_industrial_products_and_services,14605220.879999999,0.9588053732255459
10_office_management,627506.5200000001,0.041194626774454075
