d_fiscal_year,total
2017-2018,54742.46000000001
2018-2019,1508946.6975
2019-2020,2427687.43625
2020-2021,231356.43674180328
