d_fiscal_year,total
2017-2018,1735589.9974848484
2018-2019,1914541.5518388022
2019-2020,1224095.9725822222
2020-2021,1303287.140242401
