d_most_recent_category,total,percentage
1_facilities_and_construction,645508730.45127,0.9907620764223902
2_professional_services,6018761.176367887,0.009237923577609738
