d_fiscal_year,total
2017-2018,136236759.79652366
2018-2019,125355758.74879865
2019-2020,179250454.37400672
2020-2021,210607468.27715626
