d_most_recent_category,total,percentage
5_transportation_and_logistics,6274517.690465671,0.42140182433048645
2_professional_services,6018791.731782705,0.40422705635088313
10_office_management,2273118.2550840657,0.15266451173879247
3_information_technology,171367.10440055994,0.011509157195358775
9_human_capital,151836.2739333585,0.01019745038447921
