d_fiscal_year,total
2017-2018,6966275.562273065
2018-2019,6379696.11942178
2019-2020,7803992.49483434
2020-2021,4959920.12163401
