d_fiscal_year,total
2017-2018,6953790.672767278
2018-2019,6367211.229915993
2019-2020,7791473.4001518255
2020-2021,4947435.232128223
