category,total,percentage
5_transportation_and_logistics,17085834.66376781,0.6543818604730387
2_professional_services,6080103.173884892,0.232865956219983
10_office_management,2589989.938192473,0.0991957646619934
3_information_technology,341978.52231801726,0.01309766517586886
9_human_capital,11978,4.587534691160099e-4
