d_most_recent_category,total,percentage
5_transportation_and_logistics,6863803.970000001,0.9654228081427059
1_facilities_and_construction,228447.13,0.03213204670772988
2_professional_services,17384.09,0.0024451451495642773
