d_fiscal_year,total
2017-2018,17384.09
2018-2019,60703.840000000004
2019-2020,6803100.130000001
2020-2021,228447.13
