d_most_recent_category,total,percentage
1_facilities_and_construction,6293440.309742254,0.7975363715058106
2_professional_services,800014.154997474,0.1013818126378803
10_office_management,751072.77,0.09517971447116981
6_industrial_products_and_services,46574.079999999994,0.005902101385139312
