d_fiscal_year,total
2017-2018,2484731.5756118284
2018-2019,1647648.044305386
2019-2020,2197800.723694788
2020-2021,1577668.4711277261
