d_most_recent_category,d_fiscal_year,total
11_defence,2017-2018,7673.981264637002
11_defence,2019-2020,391541.7512362637
11_defence,2020-2021,4928025.489697802
6_industrial_products_and_services,2018-2019,14525
