d_most_recent_category,total,percentage
11_defence,5327241.222198703,0.9972808619104971
6_industrial_products_and_services,14525,0.002719138089502805
