d_fiscal_year,total
2017-2018,7673.981264637002
2018-2019,14525
2019-2020,391541.7512362637
2020-2021,4928025.489697802
