d_fiscal_year,total
2017-2018,6571550.118009091
2018-2019,8449918.823910559
2019-2020,6040232.388549726
2020-2021,5157583.196191854
