d_fiscal_year,total
2017-2018,6588352.958775049
2018-2019,8376264.2203089325
2019-2020,5628961.982151352
2020-2021,5110078.669041829
