d_most_recent_category,total,percentage
2_professional_services,19134929.05,0.7495947932978402
1_facilities_and_construction,6380934.56,0.24996775863863058
11_defence,11166.75,4.3744806352918273e-4
