category,total,percentage
2_professional_services,19910249.325704943,0.7247216714127871
1_facilities_and_construction,5412575.7861487055,0.19701465844135962
NA,1982940.80164326,0.0721779094058951
10_office_management,156027.11,0.005679297435965343
5_transportation_and_logistics,11166.75,4.0646330399291507e-4
