d_most_recent_category,total,percentage
2_professional_services,19134929.04855492,0.7489903567992126
1_facilities_and_construction,6401534.921722248,0.2505725478739344
5_transportation_and_logistics,11166.75,4.370953268530277e-4
