d_most_recent_category,total,percentage
2_professional_services,23740396.87,0.7705912331447088
1_facilities_and_construction,7056465.14,0.2290463045215478
11_defence,11166.75,3.6246233374338755e-4
