d_fiscal_year,total
2017-2018,6765349.751484962
2018-2019,8750926.765266698
2019-2020,6342065.009197253
2020-2021,5614618.2475479925
