d_fiscal_year,total
2017-2018,1580485.6865784498
2018-2019,3517544.3634215496
2019-2020,82884.16
2020-2021,18330.52
