category,total,percentage
2_professional_services,17101936.055358063,0.5994705335888807
3_information_technology,11391800.17601297,0.3993143529450193
1_facilities_and_construction,34665.2448,0.001215113466099911
