owner_org,d_fiscal_year,total
dfo-mpo,2018-2019,12324.91
nrcan-rncan,2017-2018,39518.01
rcmp-grc,2017-2018,18763.5
rcmp-grc,2020-2021,59809.25349918699
ssc-spc,2017-2018,6899380.976979723
ssc-spc,2018-2019,6960009.79588384
ssc-spc,2019-2020,6968528.2946960665
ssc-spc,2020-2021,7570066.735112216
