d_fiscal_year,total
2017-2018,404241918.3482428
2018-2019,404241918.3482428
2019-2020,14527785.381877908
2020-2021,14488091.979195181
