d_fiscal_year,total
2017-2018,390488222.75557923
2018-2019,390488222.75557923
2019-2020,736408.431426225
2020-2021,734396.3865316178
