owner_org,d_fiscal_year,total
esdc-edsc,2017-2018,139249423.7438169
esdc-edsc,2018-2019,38465.79989056088
