d_most_recent_category,total,percentage
10_office_management,2497698.50,0.408776587369662
1_facilities_and_construction,1820060.55,0.2978734784983656
2_professional_services,1170085.88,0.19149777803679183
5_transportation_and_logistics,622335.00,0.10185215609518065
