d_fiscal_year,total
2019-2020,4117084.8204715676
2020-2021,5072039.449764216
