owner_org,d_fiscal_year,total
pwgsc-tpsgc,2019-2020,4117084.8204715676
pwgsc-tpsgc,2020-2021,5072039.449764216
