d_fiscal_year,total
2017-2018,666744.59
2018-2019,681129.55
2019-2020,1933309.9053846153
2020-2021,1908724.8246153847
