d_fiscal_year,total
2017-2018,15143551.8250239
2018-2019,4690517.119585304
2019-2020,4381045.777735574
2020-2021,371072.1833601169
