d_most_recent_category,total,percentage
1_facilities_and_construction,4515722.025849056,0.5492284925256031
8_security_and_protection,2257427,0.27456145907552326
2_professional_services,590060.5444141689,0.07176661040080226
3_information_technology,254700,0.030978101895005147
6_industrial_products_and_services,232624.25999999998,0.028293121435140043
10_office_management,229215,0.027878467317878304
5_transportation_and_logistics,142188.1,0.017293747350047826
