d_most_recent_category,total,percentage
1_facilities_and_construction,4044499.0258490564,0.49191559849627453
8_security_and_protection,2257427,0.27456145907552326
2_professional_services,609879.4,0.07417709539405026
NA,502463.14441416896,0.06111250289025054
6_industrial_products_and_services,289123.26,0.035164859868457264
3_information_technology,207802,0.02527409316837793
10_office_management,168555,0.020500643757018423
5_transportation_and_logistics,142188.1,0.017293747350047826
