owner_org,d_fiscal_year,total
cic,2017-2018,20372561.477877207
cic,2018-2019,62484839.68974718
cic,2019-2020,54089444.36970497
cic,2020-2021,41811925.798845045
