owner_org,d_fiscal_year,total
cic,2017-2018,18765515.01993498
cic,2018-2019,45205472.02570976
cic,2019-2020,38837157.56475055
cic,2020-2021,29512490.235803656
