d_fiscal_year,total
2017-2018,20372561.477877207
2018-2019,62484839.68974718
2019-2020,54089444.36970497
2020-2021,41811925.798845045
