owner_org,d_fiscal_year,total
cic,2017-2018,19921669.7714287
cic,2018-2019,58153906.19359703
cic,2019-2020,49746645.3023325
cic,2020-2021,37480992.3026949
