owner_org,d_fiscal_year,total
dnd-mdn,2017-2018,275080.0844324906
dnd-mdn,2018-2019,238686.14443249058
dnd-mdn,2019-2020,239340.07907477138
dnd-mdn,2020-2021,238686.14443249058
isc-sac,2020-2021,52185.41628571429
phac-aspc,2019-2020,404949.17994722957
phac-aspc,2020-2021,10557603.620052772
rcmp-grc,2018-2019,349933.41000000003
