d_most_recent_category,total,percentage
4_medical,10962552.8,0.8871917346431236
11_defence,991792.452372243,0.08026506984997946
2_professional_services,211350.21,0.017104424749232537
6_industrial_products_and_services,190768.6162857143,0.015438770757664337
