d_most_recent_category,total,percentage
1_facilities_and_construction,10304207.00,0.8374114052911004
5_transportation_and_logistics,921192.92,0.07486432072661314
6_industrial_products_and_services,344520.30,0.02799878035974156
10_office_management,324685.37,0.026386817460267893
11_defence,268823.05,0.021846949628844845
3_information_technology,141403.77,0.011491726533432067
