d_most_recent_category,total,percentage
1_facilities_and_construction,11244416.299999999,0.9347710477307144
10_office_management,248143.4578995434,0.020628667059247766
5_transportation_and_logistics,165014.6,0.013717997130083558
2_professional_services,162523.37339261288,0.013510896428384893
3_information_technology,141403.76909090907,0.011755181048053256
6_industrial_products_and_services,56370.729999999996,0.004686212688820959
11_defence,11187,9.299979146950921e-4
