d_most_recent_category,total,percentage
1_facilities_and_construction,10304207,0.8672470265108274
5_transportation_and_logistics,921192.92,0.0775316160392378
6_industrial_products_and_services,344520.3,0.028996331862084893
10_office_management,214251.5778995434,0.018032347744822274
3_information_technology,97341.41,0.008192677843027739
