d_fiscal_year,total
2017-2018,1567123.007858933
2018-2019,9988335.773764575
2019-2020,231136.11975978027
2020-2021,94918.30651625541
