d_fiscal_year,total
2017-2018,2714404.5260229176
2018-2019,5649410.662961363
2019-2020,1144871.452616794
2020-2021,991615.0507528499
