d_fiscal_year,total
2017-2018,63342489.17404209
2018-2019,60254796.995992385
2019-2020,60410454.93929015
2020-2021,60178360.38060778
