d_most_recent_category,total,percentage
3_information_technology,123591335.8839843,0.9741024940570777
11_defence,2622770.677280472,0.02067173592554194
6_industrial_products_and_services,663030.74,0.005225770017380354
