d_most_recent_category,total,percentage
6_industrial_products_and_services,124232380.2939843,0.97915497572269
NA,2622770.677280472,0.02067173592554194
3_information_technology,21986.329999999998,1.7328835176817021e-4
