d_most_recent_category,total,percentage
3_information_technology,125994010.99203399,0.9930395158023323
6_industrial_products_and_services,663030.74,0.005225770017380354
11_defence,220095.56923076924,0.0017347141802873513
