d_fiscal_year,total
2017-2018,471732.39999999997
2018-2019,289745.66000000003
2019-2020,2219158.9899999998
2020-2021,1216570.8499999999
