d_most_recent_category,total,percentage
3_information_technology,3031887.2804418234,0.6065237677632669
10_office_management,1479894.0599999998,0.2960502281703811
11_defence,246162.41,0.049244361212903924
6_industrial_products_and_services,152144.43000000002,0.030436228128621984
2_professional_services,69150.86,0.013833509056167224
1_facilities_and_construction,19554.809999999998,0.003911905668658775
