d_fiscal_year,total
2017-2018,558650.2
2018-2019,664417.12
2019-2020,2411412.5602173912
2020-2021,1364313.970224432
