d_most_recent_category,total,percentage
3_information_technology,4441599.280441823,0.8885341971142194
6_industrial_products_and_services,300949.27,0.06020437709656706
11_defence,166508.43,0.03330972130112606
10_office_management,70182.06,0.014039798819428587
1_facilities_and_construction,19554.809999999998,0.003911905668658775
