d_fiscal_year,total
2017-2018,866397.0486416091
2018-2019,1812048.7929123288
2019-2020,494721.29800006363
2020-2021,5446124.612931913
