d_most_recent_category,total,percentage
6_industrial_products_and_services,17936507.311469346,0.8947643668983288
4_medical,1407716.036955505,0.07022404789887343
1_facilities_and_construction,453341.02255821164,0.022614959868968495
10_office_management,146328.41,0.007299606598948468
3_information_technology,86312.2439781022,0.004305694469806684
2_professional_services,15862.94,7.913242650741823e-4
