d_fiscal_year,total
2017-2018,5248779.861986513
2018-2019,4493164.819566531
2019-2020,4701252.705248757
2020-2021,5602870.578159365
