d_fiscal_year,total
2017-2018,7119833.279482241
2018-2019,2242894.1641135537
2019-2020,16565519.529254435
2020-2021,16783111.330835853
