d_fiscal_year,total
2017-2018,6875016.34182724
2018-2019,2234159.7644244544
2019-2020,16332502.443038218
2020-2021,16650885.297052069
