d_fiscal_year,total
2017-2018,7116366.015782819
2018-2019,2289042.01904997
2019-2020,16565519.529254435
2020-2021,16861081.330835853
