category,total,percentage
1_facilities_and_construction,31478902.990879603,0.7313582642600376
NA,8547485.105462378,0.1985861410840992
2_professional_services,2015589.8421768707,0.04682876937807319
9_human_capital,637764.4451804423,0.01481736189374434
5_transportation_and_logistics,305720.99,0.007102902304411358
6_industrial_products_and_services,56236.61,0.0013065610796343516
