owner_org,d_fiscal_year,total
dfo-mpo,2017-2018,372846.64267553115
dfo-mpo,2018-2019,135532.48968747462
dfo-mpo,2019-2020,17849.5264
dfo-mpo,2020-2021,76910
dnd-mdn,2017-2018,6746986.63680671
dnd-mdn,2018-2019,2064166.0791879836
dnd-mdn,2019-2020,16501595.59809253
dnd-mdn,2020-2021,16691511.330835853
nrc-cnrc,2018-2019,11865
nrc-cnrc,2020-2021,14690
nrcan-rncan,2018-2019,31330.59523809524
nrcan-rncan,2019-2020,46074.40476190476
