d_fiscal_year,total
2017-2018,1582903.6555470729
2018-2019,1091951.6235025113
2019-2020,676719.0381555521
2020-2021,2877331.3806223194
