d_fiscal_year,total
2017-2018,3097122.217815636
2018-2019,628283.2953481578
2019-2020,387989.5894059406
2020-2021,653007.46
