d_most_recent_category,total,percentage
11_defence,3741039.74492236,0.3533618857246144
5_transportation_and_logistics,3399541.0391183295,0.32110544503343647
3_information_technology,2708531.4,0.2558357644682529
6_industrial_products_and_services,637379.93,0.06020405805458691
2_professional_services,100500.7,0.00949284671910931
