d_most_recent_category,total,percentage
11_defence,5460172.26,0.4057371705729707
5_transportation_and_logistics,4271952.31,0.31744233708151665
3_information_technology,2938036.20,0.21832104154694978
6_industrial_products_and_services,686750.51,0.0510313952653473
2_professional_services,100500.70,0.007468055533215532
