d_fiscal_year,total
2017-2018,123603.01999999999
2019-2020,3064841.1799999997
2020-2021,8890401.86
