d_most_recent_category,d_fiscal_year,total
2_professional_services,2017-2018,949498.4237691131
2_professional_services,2018-2019,2864189.4601299693
2_professional_services,2019-2020,2872036.554541284
2_professional_services,2020-2021,2864189.4601299693
4_medical,2020-2021,19631.014885319662
