d_fiscal_year,total
2017-2018,949498.4237691131
2018-2019,2864189.4601299693
2019-2020,2872036.554541284
2020-2021,2883820.475015289
