d_most_recent_category,total,percentage
2_professional_services,9549913.90,0.997948594728082
4_medical,19631.01,0.002051405271918068
