d_most_recent_category,total,percentage
2_professional_services,10263999.49,0.9899202691688007
4_medical,104511.80,0.010079730831199313
