d_fiscal_year,total
2017-2018,631413.0926805624
2018-2019,1170962.140070083
2019-2020,3419828.8707638253
2020-2021,3684800.509696931
