d_fiscal_year,total
2017-2018,352295.70945945947
2018-2019,5781794.290540541
