d_fiscal_year,total
2017-2018,1023906.3819012799
2018-2019,847930.4045614034
2019-2020,1099382.2814035087
2020-2021,1096378.5046783625
