d_fiscal_year,total
2017-2018,63797951.36181078
2018-2019,85267735.29410858
2019-2020,89919489.17547162
2020-2021,99224210.55829969
