d_fiscal_year,total
2017-2018,64070764.44031952
2018-2019,85186340.66878171
2019-2020,91264864.74775173
2020-2021,101632571.0144469
