d_fiscal_year,total
2017-2018,63698962.06810909
2018-2019,84259087.2240285
2019-2020,89619087.99171169
2020-2021,99243024.00047807
