d_most_recent_category,total,percentage
3_information_technology,262644923.92439967,0.7754157760663171
2_professional_services,72429159.08616814,0.21383513438393278
NA,2100083.3313375795,0.006200149318864426
10_office_management,958757.7263551403,0.0028305738992893733
1_facilities_and_construction,332702.3440492672,9.82248742733378e-4
9_human_capital,230939.88,6.81811868278891e-4
7_travel,18394.16,5.430572058416608e-5
