d_fiscal_year,total
2017-2018,63762951.77629659
2018-2019,85141016.7520888
2019-2020,89793611.92772326
2020-2021,99090935.36923322
