d_most_recent_category,total,percentage
3_information_technology,308462376.91,0.7070010027299511
2_professional_services,107284789.59,0.2458985584419926
11_defence,16801724.20,0.038509837000448015
9_human_capital,1595816.48,0.0036576384556499157
10_office_management,1266507.12,0.0029028558126406967
1_facilities_and_construction,867335.56,0.0019879478324345275
7_travel,18394.16,4.215972688305376e-5
