d_fiscal_year,total
2017-2018,63782704.8227314
2018-2019,85160132.94211733
2019-2020,89808628.30271958
2020-2021,99108474.6895739
