d_most_recent_category,total,percentage
10_office_management,201483401.53472915,0.5963518524368588
2_professional_services,71659947.22772661,0.21209956725599688
3_information_technology,62880479.140637204,0.18611404181188926
11_defence,1092909.51,0.003234800513937213
1_facilities_and_construction,724809.1840492672,0.00214529482964146
7_travel,18394.16,5.444315167633899e-5
