d_most_recent_category,total,percentage
3_information_technology,279850709.6251243,0.7803696429198506
2_professional_services,73331975.9743702,0.20448777129200008
NA,3888957.627227991,0.010844440876907743
10_office_management,958757.7263551403,0.00267351626717204
1_facilities_and_construction,333278.9345629407,9.293553820391702e-4
9_human_capital,230939.88,6.439807565003709e-4
7_travel,18394.16,5.129250552996244e-5
