d_fiscal_year,total
2019-2020,2739700.797718568
2020-2021,1982168.7105779313
