d_fiscal_year,total
2017-2018,1707846.0068150675
2018-2019,2499573.0918816663
2019-2020,585148.8113305994
2020-2021,450584.1147538036
