d_most_recent_category,total,percentage
3_information_technology,85121836.08317867,0.6029979379545383
2_professional_services,54784366.71776402,0.3880891400260234
NA,1258187.2000000002,0.008912922019438458
