d_fiscal_year,total
2017-2018,33437535.934204523
2018-2019,45253973.100427605
2019-2020,44716913.77473361
2020-2021,42489845.69025809
