d_fiscal_year,total
2017-2018,32812509.698858913
2018-2019,44695595.14108933
2019-2020,44157006.01276701
2020-2021,42350633.65108061
