d_most_recent_category,total,percentage
3_information_technology,85573324.2699231,0.6096803364870831
2_professional_services,54784366.71776402,0.390319663512917
