d_most_recent_category,total,percentage
2_professional_services,4584492.523766569,0.9551692931147236
6_industrial_products_and_services,118036.65,0.02459268565880439
4_medical,80709.12000000001,0.016815573959094256
9_human_capital,16426.6,0.0034224472673776846
