d_most_recent_category,total,percentage
2_professional_services,18330855.23,0.8576152259345993
3_information_technology,2794763.27,0.13075393947036204
1_facilities_and_construction,169500.00,0.007930114496617275
9_human_capital,79100.00,0.003700720098421395
