d_most_recent_category,total,percentage
2_professional_services,18184679.79032377,0.9682699646035802
10_office_management,400000.7935890411,0.021298629325106688
1_facilities_and_construction,91947.94520547945,0.004895903292003821
9_human_capital,79100,0.004211795592952782
3_information_technology,24860,0.0013237071863565887
