d_fiscal_year,total
2017-2018,4414641.655573701
2018-2019,4963027.275652441
2019-2020,4441206.915620703
2020-2021,4961712.682271447
