d_fiscal_year,total
2017-2018,13537140.33820214
2018-2019,12183107.350352764
2019-2020,2962400.9073591824
2020-2021,4385062.13623026
