owner_org,d_fiscal_year,total
cfia-acia,2017-2018,3000440.8817447494
cfia-acia,2019-2020,186044.33
dfo-mpo,2017-2018,26590.18
dfo-mpo,2018-2019,475207.80000000005
dnd-mdn,2017-2018,433920.91000000003
dnd-mdn,2018-2019,978127.2566371681
dnd-mdn,2019-2020,1014642.6933628318
dnd-mdn,2020-2021,1778398.2734653808
pwgsc-tpsgc,2017-2018,6320504.92401413
pwgsc-tpsgc,2018-2019,6996804.796650659
pwgsc-tpsgc,2019-2020,1761713.8839963505
pwgsc-tpsgc,2020-2021,2606663.8627648787
