owner_org,d_fiscal_year,total
csc-scc,2017-2018,1819221.316001565
csc-scc,2018-2019,1819221.316001565
csc-scc,2019-2020,2168221.1578733632
csc-scc,2020-2021,2450340.1180406474
