d_fiscal_year,total
2017-2018,1226581.9948915222
2018-2019,1722378.7316980732
2019-2020,1140524.2914151552
2020-2021,695249.9809976246
