owner_org,d_fiscal_year,total
pwgsc-tpsgc,2018-2019,708445.8247619047
pwgsc-tpsgc,2019-2020,5684670.845714285
pwgsc-tpsgc,2020-2021,5621363.6095238095
