d_most_recent_category,total,percentage
3_information_technology,16776270.227184614,0.3734518803354173
10_office_management,13626015.692607194,0.3033249412994248
2_professional_services,9325885.802854495,0.20760094715366667
8_security_and_protection,2632901.71,0.05861029186001889
6_industrial_products_and_services,2070394.2013084353,0.04608846883387003
9_human_capital,444569.801936653,0.009896444574703863
1_facilities_and_construction,46136.23777424483,0.00102702594289846
