d_fiscal_year,total
2017-2018,9749611.22275854
2018-2019,13105476.568433994
2019-2020,15497267.046516027
2020-2021,12509263.061879776
