d_fiscal_year,total
2017-2018,7835436.512758541
2018-2019,10927603.00678182
2019-2020,13619825.992052259
2020-2021,12539308.162073014
