d_fiscal_year,total
2017-2018,7845819.949196897
2018-2019,10920047.991995638
2019-2020,13656793.576516027
2020-2021,12576358.061879776
