d_fiscal_year,total
2017-2018,7845819.949196897
2018-2019,10940050.620343463
2019-2020,13686920.992052259
2020-2021,12606403.162073014
