d_most_recent_category,total,percentage
3_information_technology,26606268.816803183,0.5902117147366753
2_professional_services,8796373.387012916,0.1951315554977073
8_security_and_protection,2632901.71,0.0584061389325968
7_travel,2340750.9746956523,0.05192530587656675
6_industrial_products_and_services,1940311.4213503269,0.04304228221565155
10_office_management,1407806.5625119908,0.031229629791344114
9_human_capital,1308645.613517323,0.029029924370639018
1_facilities_and_construction,46136.23777424483,0.0010234485788190946
