d_fiscal_year,total
2017-2018,12305827.928
2018-2019,15654126.158956124
2019-2020,18608503.70924137
2020-2021,15267093.766052969
