d_fiscal_year,total
2017-2018,12420430.933654761
2018-2019,16234541.72531016
2019-2020,19462051.306959797
2020-2021,16114229.472598862
