category,total,percentage
3_information_technology,41105426.70433821,0.6399599027548272
8_security_and_protection,8088107.65,0.12592168480319654
2_professional_services,7815810.670126122,0.12168236258392058
7_travel,2260575.8306183573,0.03519432845541429
6_industrial_products_and_services,2127147.021308435,0.03311700935969357
10_office_management,1454344.5251969963,0.022642318923278757
9_human_capital,1296450.313517323,0.0201841042189558
1_facilities_and_construction,83390.7234181418,0.0012982889007133569
