d_most_recent_category,total,percentage
3_information_technology,27054267.076845076,0.5319191208241931
2_professional_services,8639352.337012915,0.16985995911629936
8_security_and_protection,8088107.65,0.15902183186479923
7_travel,2260575.8306183573,0.04444561388277532
6_industrial_products_and_services,2108321.8913084352,0.041452120053882505
10_office_management,1407806.5625119908,0.027679154156898835
9_human_capital,1257050.313517323,0.02471510670382149
1_facilities_and_construction,46136.23777424483,9.070933973301358e-4
