d_most_recent_category,total,percentage
3_information_technology,38730247.86806509,0.6263427250111121
8_security_and_protection,8088107.65,0.1308002831002101
2_professional_services,7795287.630126122,0.12606481923717505
7_travel,2260575.8306183573,0.036557866364992524
6_industrial_products_and_services,2127147.021308435,0.03440006545695667
10_office_management,1454344.5251969963,0.023519552885897577
9_human_capital,1296450.313517323,0.020966099286947794
1_facilities_and_construction,83390.7234181418,0.0013485886567081323
