d_most_recent_category,total,percentage
3_information_technology,26606268.816803183,0.5912633000758054
2_professional_services,8796373.387012916,0.1954792230851841
8_security_and_protection,2632901.71,0.05851020165768879
7_travel,2260575.8306183573,0.05023611295842009
6_industrial_products_and_services,1940311.4213503269,0.043118971023769964
10_office_management,1407806.5625119908,0.031285271894025336
9_human_capital,1308645.613517323,0.02908164723906402
1_facilities_and_construction,46136.23777424483,0.001025272066042353
