d_fiscal_year,total
2017-2018,8050398.799196897
2018-2019,11124626.841995638
2019-2020,13812049.306516027
2020-2021,12576358.061879776
