d_most_recent_category,total,percentage
11_defence,7375629.561470712,0.8298468751267232
5_transportation_and_logistics,1481193.8415619226,0.1666520899175976
1_facilities_and_construction,31116.99,0.0035010349556791574
