owner_org,d_fiscal_year,total
dnd-mdn,2019-2020,2582335.694774859
dnd-mdn,2020-2021,1490035.5047489502
