d_most_recent_category,total,percentage
11_defence,9450486.62,0.8247780546647383
5_transportation_and_logistics,1965536.76,0.17153948261818003
1_facilities_and_construction,31116.99,0.0027156919544130435
6_industrial_products_and_services,11077.47,9.66770762668621e-4
