d_most_recent_category,total,percentage
6_industrial_products_and_services,6826941.552372771,0.6436588752577022
1_facilities_and_construction,1923816.4531964057,0.18138159305557308
3_information_technology,743782.6806373075,0.07012544636313407
8_security_and_protection,509470.7196464941,0.048034005838298234
10_office_management,372450.80149062193,0.03511547039581179
2_professional_services,210362.03999999998,0.019833389963072944
11_defence,19634.88,0.0018512191264077004
