d_fiscal_year,total
2017-2018,2030158.0514259082
2018-2019,4114200.938741106
2019-2020,2699940.5612057354
2020-2021,1692230.2759708504
