d_most_recent_category,total,percentage
6_industrial_products_and_services,6407416.326414392,0.6041051258940868
1_facilities_and_construction,1923816.4531964057,0.18138159305557308
3_information_technology,1488397.8765956864,0.1403293840786673
8_security_and_protection,509470.7196464941,0.048034005838298234
10_office_management,277357.75149062194,0.026149891133374546
