d_most_recent_category,total,percentage
3_information_technology,6209483.02,0.961260974644453
6_industrial_products_and_services,137954.02,0.021356015501379586
2_professional_services,88333.49,0.01367449373154156
11_defence,23956.00,0.0037085161226258533
