d_most_recent_category,total,percentage
3_information_technology,3998432.916136454,0.9639183080777118
6_industrial_products_and_services,137954.02,0.03325713056589412
2_professional_services,11716.572873873234,0.0028245613563940754
