d_most_recent_category,total,percentage
3_information_technology,4001780.1928487825,0.9639474004151491
6_industrial_products_and_services,137954.02,0.033230315646385754
2_professional_services,11716.572873873234,0.002822283938465067
