d_most_recent_category,total,percentage
2_professional_services,3799986.13354063,0.8847218588916641
1_facilities_and_construction,237003.8,0.05517979148650654
9_human_capital,173564.26509977828,0.04040964726183509
4_medical,84565.33,0.019688702359994297
