d_most_recent_category,total,percentage
2_professional_services,3973771.4786404083,0.9251829785277895
1_facilities_and_construction,250388.65,0.05829608427201533
9_human_capital,60775.28999999999,0.014149848355730863
4_medical,10184.11,0.0023710888444642923
