d_most_recent_category,total,percentage
2_professional_services,3912775.108640408,0.9109816577977683
1_facilities_and_construction,250388.65,0.05829608427201533
4_medical,71180.48,0.01657240957448551
9_human_capital,60775.28999999999,0.014149848355730863
