d_most_recent_category,total,percentage
1_facilities_and_construction,35506969.98347366,0.9069167148036572
2_professional_services,3644331.7886639675,0.09308328519634279
