d_most_recent_category,total,percentage
1_facilities_and_construction,32994311.81331237,0.8427385634669513
2_professional_services,3644331.7886639675,0.09308328519634279
5_transportation_and_logistics,2512658.1701612906,0.0641781513367059
