d_fiscal_year,total
2017-2018,8154874.1851192545
2018-2019,6179896.123706005
2020-2021,24816531.46331237
