d_most_recent_category,total,percentage
10_office_management,10467769.48,0.980697150348903
1_facilities_and_construction,187748.50,0.017589651671139604
2_professional_services,18286.34,0.0017131979799573738
