d_most_recent_category,total,percentage
10_office_management,13895952.87,0.9802408113583251
1_facilities_and_construction,239064.04,0.01686392655318856
11_defence,22757.07,0.001605316956267328
2_professional_services,18286.34,0.0012899451322191076
