d_fiscal_year,total
2017-2018,1607815.2602051743
2018-2019,1723290.772332741
2019-2020,5048587.745398876
2020-2021,2294110.54236423
