d_most_recent_category,d_fiscal_year,total
1_facilities_and_construction,2018-2019,47307.45
1_facilities_and_construction,2019-2020,140441.05000000002
10_office_management,2017-2018,1607815.2602051743
10_office_management,2018-2019,1657696.982332741
10_office_management,2019-2020,4908146.695398876
10_office_management,2020-2021,2294110.54236423
2_professional_services,2018-2019,18286.34
