d_most_recent_category,total,percentage
10_office_management,10392223.360301021,0.9736194376859196
1_facilities_and_construction,263294.62,0.024667364334122865
2_professional_services,18286.34,0.0017131979799573738
