d_fiscal_year,total
2017-2018,869435.5957293524
2018-2019,799449.5052832284
2019-2020,1250715.6091220507
2020-2021,1209783.1160533878
