owner_org,d_fiscal_year,total
csc-scc,2017-2018,869435.5957293524
csc-scc,2018-2019,799449.5052832284
csc-scc,2019-2020,1250715.6091220507
csc-scc,2020-2021,1209783.1160533878
