d_most_recent_category,d_fiscal_year,total
4_medical,2019-2020,474127.68999999994
4_medical,2020-2021,223061.26
6_industrial_products_and_services,2017-2018,654661.7166383797
6_industrial_products_and_services,2018-2019,487313.00671071385
6_industrial_products_and_services,2019-2020,1005668.7550747937
6_industrial_products_and_services,2020-2021,1935799.5011246433
