d_fiscal_year,total
2017-2018,654661.7166383797
2018-2019,487313.00671071385
2019-2020,1479796.4450747936
2020-2021,2158860.761124643
