owner_org,d_fiscal_year,total
cbsa-asfc,2019-2020,33366.41
cra-arc,2018-2019,0
cra-arc,2019-2020,0
cra-arc,2020-2021,0
phac-aspc,2019-2020,253186.2915720396
phac-aspc,2020-2021,51976334.77503174
