d_fiscal_year,total
2017-2018,2231910.9169675093
2018-2019,2753890.083032491
