d_most_recent_category,total,percentage
2_professional_services,5346868.231000616,0.5025000612899884
9_human_capital,4962024.374406365,0.46633233596538337
10_office_management,296996.6698019802,0.02791182395577541
7_travel,34643.22,0.003255778788852772
