d_most_recent_category,total,percentage
9_human_capital,12536548.03,0.8502695357497297
2_professional_services,2097458.30,0.14225645581725524
3_information_technology,57988.79,0.003932988670871124
7_travel,34643.22,0.0023496160593757254
10_office_management,17566.30,0.0011914037027681548
