d_most_recent_category,total,percentage
2_professional_services,42591854.72592371,0.8516939766063448
NA,7416547.230416265,0.14830602339365512
