d_most_recent_category,d_fiscal_year,total
1_facilities_and_construction,2017-2018,1344851.6327246507
2_professional_services,2017-2018,10640675.547544252
2_professional_services,2018-2019,10640675.547544252
2_professional_services,2019-2020,10669828.08329095
2_professional_services,2020-2021,10640675.547544252
