d_most_recent_category,total,percentage
2_professional_services,42591854.72592371,0.9693911595979262
1_facilities_and_construction,1344851.6327246507,0.030608840402073845
