d_fiscal_year,total
2017-2018,11985527.180268904
2018-2019,10640675.547544252
2019-2020,10669828.08329095
2020-2021,10640675.547544252
