d_fiscal_year,total
2017-2018,2828697.0997810406
2018-2019,3695074.1377433077
2019-2020,2837945.550773859
2020-2021,831701.7292086567
