d_most_recent_category,total,percentage
2_professional_services,10326262.24,0.9054756775981284
9_human_capital,812981.84,0.07128768039341761
3_information_technology,219418.38,0.019240069797723226
10_office_management,45577.87,0.003996572210730731
