d_most_recent_category,total,percentage
2_professional_services,8655570.317067936,0.8892512735420071
9_human_capital,812981.84,0.08352368591598722
3_information_technology,219418.38,0.022542486133902737
10_office_management,45577.87,0.004682554408103011
