d_most_recent_category,total,percentage
10_office_management,6583929.704061259,0.6459000670632304
2_professional_services,2796506.973445605,0.2743443692263489
9_human_capital,812981.84,0.07975556371042061
