d_fiscal_year,total
2017-2018,2931152.358912672
2018-2019,3610648.8673911868
2019-2020,2552533.4987361617
2020-2021,639213.6820279149
