d_most_recent_category,total,percentage
2_professional_services,9149424.097067935,0.8945990320627997
9_human_capital,812981.84,0.07949055147434966
3_information_technology,219418.38,0.021453970029402396
10_office_management,45577.87,0.004456446433448277
