owner_org,d_fiscal_year,total
cbsa-asfc,2017-2018,9723318.715298122
cbsa-asfc,2018-2019,20853074.980493486
cbsa-asfc,2019-2020,19689826.31673056
cbsa-asfc,2020-2021,24131347.328734025
