d_fiscal_year,total
2017-2018,7321736.598512798
2018-2019,11113325.284641895
2019-2020,9923392.375136912
2020-2021,13288501.95574492
