d_most_recent_category,total,percentage
4_medical,32156129.390470974,0.7718252008307958
2_professional_services,6098604.149036403,0.14638131085243167
1_facilities_and_construction,3407717.1758333333,0.08179348831677256
