d_most_recent_category,total,percentage
4_medical,42052408.67,0.7409908206756424
3_information_technology,6280463.10,0.11066584895828677
2_professional_services,6098604.15,0.10746137584297147
1_facilities_and_construction,2320116.00,0.04088195452309941
