category,total,percentage
4_medical,63803644.84055312,0.8576039126103476
2_professional_services,6098604.149036403,0.08197316615290058
1_facilities_and_construction,3407717.1758333333,0.0458041478722333
3_information_technology,1087601.1758333333,0.01461877336451858
