d_most_recent_category,total,percentage
4_medical,32156129.39,0.7721123537866904
2_professional_services,6098604.15,0.14643577114480585
1_facilities_and_construction,2320116.00,0.05570913725546256
3_information_technology,1072106.67,0.025742737813041167
