d_most_recent_category,d_fiscal_year,total
1_facilities_and_construction,2020-2021,2320116
2_professional_services,2017-2018,4881558.1456102785
2_professional_services,2018-2019,1217046.0034261243
3_information_technology,2020-2021,1072106.6745291478
4_medical,2017-2018,2440178.452902519
4_medical,2018-2019,9896279.281215772
4_medical,2019-2020,9923392.375136912
4_medical,2020-2021,9896279.281215772
