d_fiscal_year,total
2017-2018,578491118.6725208
2018-2019,602332407.0411577
2019-2020,540634401.066542
2020-2021,580883431.2998717
