d_fiscal_year,total
2017-2018,579558054.8833032
2018-2019,601944213.1967123
2019-2020,537546123.3546312
2020-2021,576996289.4747251
