d_fiscal_year,total
2017-2018,582686602.0212433
2018-2019,601442394.3803344
2019-2020,537694425.0750633
2020-2021,577370130.8984154
