d_most_recent_category,total,percentage
10_office_management,14440806.253197921,0.9815759881822864
11_defence,203855.43,0.013856539007596116
6_industrial_products_and_services,67196.01000000001,0.004567472810117537
