category,total,percentage
1_facilities_and_construction,34674254.08795066,0.9610601040620941
2_professional_services,1366669.9813268841,0.03787974764045411
6_industrial_products_and_services,38249.27419354839,0.0010601482974517762
