d_fiscal_year,total
2017-2018,6489044.96120107
2018-2019,7051455.429772036
2019-2020,10844007.657864004
2020-2021,11694665.294633983
