d_fiscal_year,total
2017-2018,6490588.777343114
2018-2019,7053614.406369148
2019-2020,9191871.726120446
2020-2021,9858759.804717802
