owner_org,d_fiscal_year,total
csc-scc,2017-2018,107801.04999999999
pc,2017-2018,4683188.630030448
pc,2019-2020,6794033.435599022
pc,2020-2021,1652044.604400978
pwgsc-tpsgc,2017-2018,562555.1327895893
