d_fiscal_year,total
2018-2019,5227410.351007955
2019-2020,21065945.829333544
2020-2021,17645890.59461767
