d_fiscal_year,total
2018-2019,6853831.678691696
2019-2020,33966145.53457482
2020-2021,34616128.91696362
