owner_org,d_fiscal_year,total
pwgsc-tpsgc,2018-2019,5227410.351007955
pwgsc-tpsgc,2019-2020,21054929.707908154
pwgsc-tpsgc,2020-2021,17630060.34138827
