owner_org,d_fiscal_year,total
pwgsc-tpsgc,2018-2019,6853831.678691696
pwgsc-tpsgc,2019-2020,33966145.53457482
pwgsc-tpsgc,2020-2021,34616128.91696362
