d_fiscal_year,total
2018-2019,5227410.351007955
2019-2020,21054929.707908154
2020-2021,17630060.34138827
