d_fiscal_year,total
2018-2019,5227410.351007955
2019-2020,30401653.283483505
2020-2021,31061375.715738676
