d_most_recent_category,total,percentage
2_professional_services,11879140.874863816,0.5035596228876649
3_information_technology,11018369.128222056,0.46707130267180996
9_human_capital,466271.34426229505,0.019765353804067718
10_office_management,226555,0.009603720636457456
