category,total,percentage
2_professional_services,12595694.286983466,0.497366658483789
3_information_technology,12036245.458586546,0.47527568135837606
NA,466271.34426229505,0.018411674272067583
10_office_management,226555,0.008945985885767373
