d_most_recent_category,total,percentage
2_professional_services,12226058.496983467,0.4984501140487857
3_information_technology,11609263.818756036,0.4733037123868763
NA,466271.34426229505,0.019009642787376227
10_office_management,226555,0.00923653077696176
