d_most_recent_category,total,percentage
10_office_management,11554719.956046907,0.4892370234983139
2_professional_services,11340904.572288966,0.480183891762902
1_facilities_and_construction,466271.34426229505,0.01974233953546081
3_information_technology,255940.47475,0.010836745203323301
