d_most_recent_category,total,percentage
10_office_management,11554719.956046907,0.4892370234983139
2_professional_services,11036215.892288966,0.46728310459853456
3_information_technology,560629.15475,0.02373753236769074
1_facilities_and_construction,466271.34426229505,0.01974233953546081
