d_fiscal_year,total
2017-2018,25648807.64509553
2018-2019,29535466.722654562
2019-2020,29599560.11168642
2020-2021,29518686.996627167
