d_fiscal_year,total
2017-2018,820244.0187542795
2018-2019,1165032.1944832695
2019-2020,1651328.0865513985
2020-2021,1720187.1626871414
