d_most_recent_category,total,percentage
1_facilities_and_construction,5646742.0477976175,0.9382154186486626
2_professional_services,343260.91762943624,0.05703336239080284
6_industrial_products_and_services,28595.679999999997,0.004751218960534454
