d_fiscal_year,total
2017-2018,4884917.782197802
2018-2019,7699897.420723861
2019-2020,8842631.473229628
2020-2021,5193351.679781156
