category,total,percentage
3_information_technology,23235590.790352408,0.8695656562372548
2_professional_services,2582696.691372549,0.09665449712721058
6_industrial_products_and_services,805735.86,0.030153751551938154
1_facilities_and_construction,96892.58185970636,0.003626095083596522
