d_fiscal_year,total
2017-2018,8914925.47369305
2018-2019,6702068.831555872
2019-2020,5902328.420374682
2020-2021,5201593.1979610585
