d_fiscal_year,total
2017-2018,281949.27
2018-2019,2869805.7021894446
2019-2020,13849206.178579785
2020-2021,300338.6192307692
