d_fiscal_year,total
2017-2018,34704871.335845254
2018-2019,36805018.504330315
2019-2020,23830433.91258193
2020-2021,21312054.218502957
