d_most_recent_category,total,percentage
3_information_technology,114499911.62763923,0.9852093260072602
NA,1020140.4003627395,0.0087777520697364525
6_industrial_products_and_services,305203.3032584885,0.002626108059160294
10_office_management,207261.07,0.0017833685299801809
1_facilities_and_construction,128522.7,0.0011058677761727456
9_human_capital,46855.6,4.0316689715699794e-4
2_professional_services,10972.3,9.441066053312151e-5
