d_fiscal_year,total
2017-2018,34783780.732880324
2018-2019,36772577.98824527
2019-2020,28527200.435067646
2020-2021,25951701.395283394
