d_most_recent_category,total,percentage
3_information_technology,56532871.89775746,0.48419750513206217
10_office_management,33553920.99043738,0.2873854500148362
11_defence,26246001.999807127,0.2247939696214484
2_professional_services,178603.11,0.0015297149670235966
1_facilities_and_construction,128522.7,0.0011007820512883768
6_industrial_products_and_services,115889.2732584885,9.925782133412867e-4
