d_most_recent_category,total,percentage
3_information_technology,115113707.90188447,0.9859355858198389
10_office_management,1196629.7039905326,0.010248994926120455
6_industrial_products_and_services,247683.72145673604,0.0021213824093011184
1_facilities_and_construction,128522.7,0.0011007820512883768
9_human_capital,46855.6,4.0131279129949546e-4
11_defence,11438.043928719437,9.796552249977899e-5
2_professional_services,10972.3,9.397647965185493e-5
