category,total,percentage
3_information_technology,123779542.19866113,0.9821024819328699
NA,1556903.3795570189,0.012352919117591954
6_industrial_products_and_services,305203.3032584885,0.0024215707725207115
10_office_management,207261.07,0.001644468929513168
1_facilities_and_construction,128522.7,0.001019736059874351
9_human_capital,46855.6,3.7176580422795846e-4
2_professional_services,10972.3,8.705738340199311e-5
