d_fiscal_year,total
2017-2018,4188870.238589519
2018-2019,4182790.748589519
2019-2020,3622150.855696783
2020-2021,1352367.3887281653
