d_fiscal_year,total
2017-2018,2342532.493992933
2018-2019,2342532.493992933
2019-2020,2348950.391236749
