owner_org,d_fiscal_year,total
pc,2017-2018,2342532.493992933
pc,2018-2019,2342532.493992933
pc,2019-2020,2348950.391236749
