d_most_recent_category,total,percentage
2_professional_services,80519762.83,0.9637723232507894
3_information_technology,2308008.14,0.027625446131259238
1_facilities_and_construction,606315.66,0.007257227679304253
11_defence,87348.36,0.0010455064556332912
9_human_capital,25021.87,2.994964830137278e-4
