d_most_recent_category,total,percentage
2_professional_services,75939532.70371217,0.9616710313002171
3_information_technology,2308008.143643836,0.02922778811935946
1_facilities_and_construction,606315.6592848181,0.0076781642525092795
11_defence,87348.35999999999,0.0011061483321384254
9_human_capital,25021.87,3.168679957755876e-4
