d_fiscal_year,total
2017-2018,35119760.092972495
2018-2019,18715626.77954593
2019-2020,18142693.62866227
2020-2021,17267220.09234096
