d_fiscal_year,total
2017-2018,72713174.18972297
2018-2019,49945801.33075165
2019-2020,36615661.33802031
2020-2021,35656770.43830141
