d_fiscal_year,total
2017-2018,1636957.5591027527
2018-2019,1573799.8840350034
2019-2020,1503356.357867438
2020-2021,645399.4055619073
