owner_org,d_fiscal_year,total
csc-scc,2017-2018,31794.960000000003
csc-scc,2019-2020,40000
dnd-mdn,2017-2018,19996.45443228454
pc,2017-2018,960056.3785537571
pc,2018-2019,1001205.630744409
pc,2019-2020,1029358.5093353911
pc,2020-2021,212587.3435012595
pwgsc-tpsgc,2017-2018,625109.766116711
pwgsc-tpsgc,2018-2019,572594.2532905944
pwgsc-tpsgc,2019-2020,433997.8485320469
pwgsc-tpsgc,2020-2021,432812.0620606479
