d_fiscal_year,total
2017-2018,1721437.0184201894
2018-2019,2683194.604392935
2019-2020,3065901.131683667
2020-2021,2077287.5011982932
