d_most_recent_category,total,percentage
1_facilities_and_construction,5631323.440011321,0.5898019955552
6_industrial_products_and_services,1064946.3520623264,0.1115381651039259
2_professional_services,866721.971963038,0.09077694685821673
10_office_management,813582.2917127071,0.08521131210313909
5_transportation_and_logistics,652722.1263765543,0.06836347028917082
3_information_technology,518524.0735691386,0.054308110090347514
