d_most_recent_category,total,percentage
1_facilities_and_construction,6185601.50,0.5942449768065917
6_industrial_products_and_services,1866142.23,0.17927854690559875
2_professional_services,889408.04,0.08544460191792425
10_office_management,815303.70,0.07832546739011444
5_transportation_and_logistics,526087.05,0.050540693092814996
11_defence,126635.08,0.0121657138869558
