d_fiscal_year,total
2017-2018,3557380.193370199
2018-2019,3280823.8597828434
2019-2020,4748650.395833647
2020-2021,4940609.347897098
