owner_org,d_fiscal_year,total
cbsa-asfc,2018-2019,40320.43
dfo-mpo,2017-2018,126956.28
dfo-mpo,2018-2019,113230.39
dfo-mpo,2019-2020,1014791.07
dfo-mpo,2020-2021,508511.97000000003
dnd-mdn,2017-2018,115586.81084905661
dnd-mdn,2018-2019,442682.4564236707
dnd-mdn,2019-2020,3264711.5627272725
dnd-mdn,2020-2021,10328145.58
esdc-edsc,2017-2018,13910.39
pwgsc-tpsgc,2018-2019,20002.499952941176
pwgsc-tpsgc,2019-2020,149246.4800470588
rcmp-grc,2020-2021,13190.62
