d_fiscal_year,total
2018-2019,420292.273647541
2019-2020,1170719.7609128065
2020-2021,2912813.9854396526
