d_most_recent_category,total,percentage
3_information_technology,20383678.25,0.442008183408661
9_human_capital,18900952.20,0.40985613310166
5_transportation_and_logistics,5000000.00,0.10842208603163919
11_defence,1537573.65,0.033341388566782926
NA,148214.26,0.0032139398497671484
2_professional_services,63228.25,0.0013710677819306794
10_office_management,56500.00,0.0012251695721575229
6_industrial_products_and_services,25918.69,5.620316874014774e-4
