d_most_recent_category,total,percentage
3_information_technology,9771914.940488365,0.6392121275575998
5_transportation_and_logistics,5000000,0.32706594943286227
2_professional_services,180740.26,0.011822796947528478
10_office_management,177377.16066203808,0.011602805891926967
NA,146789.1228846154,0.009601944768534766
11_defence,10615.220000000001,6.943754015477418e-4
