d_most_recent_category,total,percentage
3_information_technology,9937307.321150402,0.6500309707596379
5_transportation_and_logistics,5000000,0.32706594943286227
9_human_capital,147168,0.009626728329227096
NA,146789.1228846154,0.009601944768534766
2_professional_services,33572.26,0.0021960686183013813
10_office_management,22600,0.0014783380914365376
