d_fiscal_year,total
2019-2020,933408.3904074542
2020-2021,14363086.44910654
