d_fiscal_year,total
2018-2019,4568906.405741794
2019-2020,7162879.827281462
2020-2021,4680757.139582235
