owner_org,d_fiscal_year,total
dnd-mdn,2018-2019,4568906.405741794
dnd-mdn,2019-2020,7162879.827281462
dnd-mdn,2020-2021,4680757.139582235
