category,total,percentage
2_professional_services,2076613.7081704466,0.47645666900813316
3_information_technology,1476299.992670154,0.3387211469311071
1_facilities_and_construction,494222.60000000003,0.11339405726643281
10_office_management,200970.4,0.046110495648029666
9_human_capital,73320,0.016822485007312198
6_industrial_products_and_services,37025.689999999995,0.00849514613898512
