d_fiscal_year,total
2017-2018,904939.4117540881
2018-2019,1425649.728068799
2019-2020,882468.0054347777
2020-2021,1119886.8455829355
