d_vendor_name,overall_total
CDW CANADA,190502.90786885246
GENESIS INTEGRATION,137953.34999999998
MICROSOFT CANADA,58284.25000000001
NISHA TECHONOLOGIES,51111.88
BLUMETRIC ENVIRONMENTAL,49907
ESRI,49412.42890410959
HEWLETT PACKARD,48044.16336986302
AECOM,47000
BELL CANADA,45682.31763686131
CISTEL TECHNOLOGY,41706.922520547945
DECISIVE TECHNOLOGIES,36031.18000000001
STRATOS,32148.499999999996
ORACLE CANADA,27651.2
CONTRACT COMMUNITY,8819.291707317074
