d_fiscal_year,total
2017-2018,1153159.3406593406
2018-2019,1153159.3406593406
2019-2020,1156318.6813186812
2020-2021,1153159.3406593406
