d_fiscal_year,total
2017-2018,3719731.1109114587
2018-2019,5018544.085027815
2019-2020,6391858.899327461
2020-2021,3391902.282822362
