d_most_recent_category,total,percentage
5_transportation_and_logistics,12287968.497177636,0.6634242718426934
1_facilities_and_construction,5884682.070911459,0.31771247776366673
2_professional_services,349385.81,0.01886325039363981
