d_most_recent_category,total,percentage
3_information_technology,651123.22,0.5104557455523407
2_professional_services,251237.24,0.1969604061364826
10_office_management,203845.26,0.15980690142416798
9_human_capital,134046.82,0.1050875878075614
8_security_and_protection,35319.78,0.02768935907944732
