d_fiscal_year,total
2017-2018,42065372.33661403
2018-2019,8009858.345630024
2019-2020,8830553.364253491
2020-2021,12213280.205446007
