d_fiscal_year,total
2017-2018,40252354.48168434
2018-2019,7911575.671494103
2019-2020,8830799.958078142
2020-2021,11906745.594735457
