d_fiscal_year,total
2017-2018,3628497.1
2018-2019,3975242.0253077974
2019-2020,4172949.8511627903
2020-2021,4209754.453529412
