owner_org,d_fiscal_year,total
csc-scc,2017-2018,3628497.1
csc-scc,2018-2019,3975242.0253077974
csc-scc,2019-2020,4172949.8511627903
csc-scc,2020-2021,4209754.453529412
