d_most_recent_category,total,percentage
1_facilities_and_construction,16056480.297793983,0.6168574835690774
NA,9844003.750537798,0.3781867052541766
6_industrial_products_and_services,128997.19406597422,0.004955811176745964
