d_most_recent_category,total,percentage
1_facilities_and_construction,18144171.054700483,0.6970623381132394
11_defence,7747962.769284086,0.2976610519868497
6_industrial_products_and_services,128997.19406597422,0.004955811176745965
3_information_technology,7543.1241830065355,2.8979156798253917e-4
10_office_management,807.1001642036125,3.100715518252353e-5
