d_most_recent_category,total,percentage
1_facilities_and_construction,16056480.297793983,0.6168574835690774
3_information_technology,5981664.126513012,0.2298034321471556
6_industrial_products_and_services,3991336.8180907597,0.15333908428376694
