d_most_recent_category,total,percentage
3_information_technology,18505447.83,0.9002243242216835
6_industrial_products_and_services,756302.93,0.03679145191893598
10_office_management,596149.55,0.029000558560139538
11_defence,582541.70,0.02833858510415295
2_professional_services,116043.01,0.005645080195088052
