d_most_recent_category,total,percentage
3_information_technology,22263002.84,0.9130637221490524
6_industrial_products_and_services,756302.93,0.031017952662064606
10_office_management,651710.54,0.026728346271633962
11_defence,582541.70,0.023891552124859074
2_professional_services,129190.21,0.005298426792389953
