d_most_recent_category,total,percentage
3_information_technology,18135064.074591752,0.8822064697635982
10_office_management,966533.3025721498,0.047018413018224924
6_industrial_products_and_services,756302.9299999999,0.03679145191893598
11_defence,582541.7000000001,0.02833858510415295
2_professional_services,116043.00643086818,0.005645080195088052
