d_fiscal_year,total
2017-2018,5428655.333412049
2018-2019,6358971.483468223
2019-2020,3846623.6081583365
2020-2021,4912190.920433888
