d_fiscal_year,total
2017-2018,630667.7973442611
2018-2019,1254713.0790898844
2019-2020,1208131.4801694825
2020-2021,1175767.9515351397
