d_most_recent_category,total,percentage
3_information_technology,4233499.280572718,0.9955046081058619
2_professional_services,19117.177554744525,0.004495391894138113
