d_most_recent_category,total,percentage
3_information_technology,4035517.03,0.9489492113225557
11_defence,197982.25,0.046555396783306245
2_professional_services,19117.18,0.004495391894138113
