d_most_recent_category,total,percentage
3_information_technology,4250163.130584023,0.9955221545143569
2_professional_services,19117.177554744525,0.004477845485643185
