d_fiscal_year,total
2017-2018,56388305.591487534
2018-2019,102859380.96424341
2019-2020,132763611.9737925
2020-2021,112847403.91801056
