d_fiscal_year,total
2017-2018,56388305.591487534
2018-2019,102869683.7806181
2019-2020,132948495.09667851
2020-2021,113023794.17874987
