d_most_recent_category,total,percentage
1_facilities_and_construction,14876046.241626695,0.6304074497065797
11_defence,8701317.685371231,0.3687388034444434
6_industrial_products_and_services,20146.3,8.537468489769147e-4
