d_fiscal_year,total
2017-2018,5828917.259433283
2018-2019,5082669.77259024
2019-2020,6134330.452848849
2020-2021,6551592.742125554
