owner_org,d_fiscal_year,total
dnd-mdn,2017-2018,5828917.259433283
dnd-mdn,2018-2019,5082669.77259024
dnd-mdn,2019-2020,6134330.452848849
dnd-mdn,2020-2021,6551592.742125554
