owner_org,d_fiscal_year,total
pc,2017-2018,1380038.753222494
pc,2018-2019,1075316.095205345
pc,2019-2020,724818.2133019675
pc,2020-2021,628866.4114285714
pwgsc-tpsgc,2017-2018,1064942.410733945
