d_fiscal_year,total
2017-2018,1628768.7389971884
2018-2019,1667119.2941846298
2019-2020,688462.0461273474
2020-2021,8094125.470690834
