d_most_recent_category,total,percentage
6_industrial_products_and_services,6246342.83,0.9925830687039334
4_medical,24814.80,0.003943227421808734
2_professional_services,21860.08,0.003473703874257809
