owner_org,d_fiscal_year,total
ic,2017-2018,7315961.295966392
ic,2018-2019,6852151.193943377
ic,2019-2020,5041299.888729463
ic,2020-2021,5027525.845317634
