d_most_recent_category,total,percentage
2_professional_services,16129404.835251916,0.6654885483558686
10_office_management,8107533.388704949,0.3345114516441315
