d_most_recent_category,total,percentage
6_industrial_products_and_services,14001722.524788955,0.3726092598574269
2_professional_services,12143983.43,0.3231717147345312
5_transportation_and_logistics,5485038.569699813,0.14596605225728054
3_information_technology,2863525.5769807626,0.07620320599359225
10_office_management,1416892.2611756604,0.03770587338805562
1_facilities_and_construction,744066.663250187,0.01980085865773978
4_medical,525385.034520548,0.013981374684885119
11_defence,203099.75686368547,0.005404824295598006
8_security_and_protection,193780.98289389067,0.005156836130890662
