d_most_recent_category,total,percentage
6_industrial_products_and_services,14145261.101869248,0.3764290615191287
2_professional_services,12143983.43,0.3231717147345312
5_transportation_and_logistics,3808957.1199999996,0.10136272096516699
11_defence,3465347.2610975388,0.09221868779505596
10_office_management,1416892.2611756604,0.03770587338805562
3_information_technology,1133820.9453664303,0.03017287212454608
1_facilities_and_construction,744066.663250187,0.01980085865773978
4_medical,525385.034520548,0.013981374684885119
8_security_and_protection,193780.98289389067,0.005156836130890662
