d_most_recent_category,total,percentage
6_industrial_products_and_services,13339890.834185965,0.36723338730578564
2_professional_services,12143983.43,0.33431129428401907
5_transportation_and_logistics,5365149.569699813,0.14769701449384243
3_information_technology,2429963.741723622,0.06689438669292239
10_office_management,1560205.6011756603,0.042950845320628955
1_facilities_and_construction,563916.9415110565,0.015524049721570378
4_medical,525385.034520548,0.014463306204298603
11_defence,203099.75686368547,0.005591126089495024
8_security_and_protection,193780.98289389067,0.00533458988743745
