d_fiscal_year,total
2017-2018,3541350.179628817
2018-2019,7181982.988728929
2019-2020,10438325.641352305
2020-2021,15126703.304443136
