d_most_recent_category,total,percentage
6_industrial_products_and_services,17200828.21,0.415803150068103
2_professional_services,12164540.83,0.2940587704999338
5_transportation_and_logistics,3983850.53,0.09630336278852454
11_defence,3515136.15,0.0849729250033201
10_office_management,1513586.63,0.03658859213925421
3_information_technology,1164468.69,0.028149211401228183
1_facilities_and_construction,843118.31,0.020381067926244757
4_medical,558449.53,0.013499645058725382
8_security_and_protection,423740.94,0.010243275114666104
