d_most_recent_category,total,percentage
6_industrial_products_and_services,14009084.236418797,0.3703882956071918
2_professional_services,12319263.38,0.3257108665670162
5_transportation_and_logistics,5485038.569699813,0.14501976381078338
3_information_technology,2861033.6370900525,0.07564330077777615
10_office_management,1662094.3511756603,0.04394436377717633
1_facilities_and_construction,563916.9415110565,0.014909485252955733
4_medical,525385.034520548,0.013890734339915492
11_defence,203099.75686368547,0.00536978517035499
8_security_and_protection,193780.98289389067,0.0051234046968299555
