d_fiscal_year,total
2017-2018,3673004.863327447
2018-2019,7296947.455030299
2019-2020,10632758.494706487
2020-2021,15974783.987109268
