d_most_recent_category,total,percentage
5_transportation_and_logistics,5623199.21,0.9745463423055064
2_professional_services,124241.81,0.02153212023532698
10_office_management,22627.54,0.00392153745916669
