d_fiscal_year,total
2017-2018,1715509.58
2018-2019,1393345.3735955057
2019-2020,469707.9864044944
2020-2021,1166106.38
