d_fiscal_year,total
2017-2018,1000047.6276013143
2018-2019,1491116.4294179315
2019-2020,1381807.1858997026
2020-2021,1270431.6515607885
