d_fiscal_year,total
2017-2018,307925
2018-2019,3503997.966795167
2019-2020,465457.1035318086
2020-2021,79694.443119891
