d_most_recent_category,total,percentage
9_human_capital,11314024.805610945,0.9846340678227344
2_professional_services,176563.60215053763,0.015365932177265632
