d_fiscal_year,total
2017-2018,1782224.1345127793
2018-2019,3142383.7727651387
2019-2020,3696777.661889372
2020-2021,2869202.838594193
