d_most_recent_category,total,percentage
9_human_capital,11312489.731846085,0.9846320147519833
2_professional_services,176563.60215053763,0.01536798524801674
