d_fiscal_year,total
2017-2018,1568794.9133012115
2018-2019,3113901.2739767064
2019-2020,3704477.661889372
2020-2021,2832833.507295085
