d_most_recent_category,total,percentage
9_human_capital,11406915.333996622,0.9912158523884531
2_professional_services,101088,0.008784147611546883
