d_fiscal_year,total
2018-2019,2343891.5862135035
2019-2020,4739581.881514599
2020-2021,4726632.204242701
