d_fiscal_year,total
2017-2018,304721.2272440945
2018-2019,535224.3727559055
2019-2020,4283376.910067467
2020-2021,4801297.214945565
