d_most_recent_category,total,percentage
10_office_management,95641966.02655187,0.8410691466718007
3_information_technology,9356843.639884291,0.08228346637661302
2_professional_services,8244448.342061022,0.0725011354316155
9_human_capital,420586.72,0.0036986119000699596
1_facilities_and_construction,34613.14655172414,3.043857298563121e-4
6_industrial_products_and_services,16290.08,1.432538900445826e-4
