d_most_recent_category,total,percentage
3_information_technology,97808255.2366372,0.8601193512322651
2_professional_services,14897578.861743543,0.13100832679708801
10_office_management,568933.5501164384,0.0050031641484298605
9_human_capital,389077.07999999996,0.0034215182023162112
1_facilities_and_construction,34613.14655172414,3.043857298563121e-4
6_industrial_products_and_services,16290.08,1.432538900445826e-4
