d_most_recent_category,total,percentage
3_information_technology,97328889.37348877,0.8517289608486018
2_professional_services,15934334.794264844,0.13944199408310207
10_office_management,568933.5501164384,0.004978760001802436
9_human_capital,389077.07999999996,0.0034048289174115915
1_facilities_and_construction,34613.14655172414,3.0290101463163976e-4
6_industrial_products_and_services,16290.08,1.425551344503465e-4
