d_most_recent_category,total,percentage
3_information_technology,93561906.44162427,0.8461500453432402
2_professional_services,15978132.228978645,0.1445021571731866
10_office_management,568933.5501164384,0.005145290081585449
9_human_capital,389077.07999999996,0.0035187139874006627
1_facilities_and_construction,34613.14655172414,3.1303247911570824e-4
NA,24706.31319018405,2.2343760213118212e-4
6_industrial_products_and_services,16290.08,1.4732333334021062e-4
