d_fiscal_year,total
2017-2018,29830777.709519364
2018-2019,26245898.111136183
2019-2020,28535670.873177666
2020-2021,29258025.312083587
