d_fiscal_year,total
2017-2018,29589000.692467548
2018-2019,25974466.675519742
2019-2020,27579152.31000549
2020-2021,27431039.162468486
