d_fiscal_year,total
2017-2018,30406272.231251974
2018-2019,28104044.71790148
2019-2020,28901790.159500007
2020-2021,27492719.489201535
