d_most_recent_category,total,percentage
3_information_technology,95332774.42731483,0.838350136123061
2_professional_services,17373059.671065927,0.15277754190629206
10_office_management,568933.5501164384,0.00500316414842986
9_human_capital,389077.07999999996,0.0034215182023162104
1_facilities_and_construction,34613.14655172414,3.043857298563121e-4
6_industrial_products_and_services,16290.08,1.4325389004458258e-4
