d_most_recent_category,total,percentage
3_information_technology,96957313.16348878,0.8514709441578955
2_professional_services,15904144.98575986,0.13966885947236096
10_office_management,568933.5501164384,0.004996326437634507
9_human_capital,389077.07999999996,0.0034168420911085034
1_facilities_and_construction,34613.14655172414,3.0396973279340486e-4
6_industrial_products_and_services,16290.08,1.4305810820705453e-4
