d_fiscal_year,total
2017-2018,29860967.518024348
2018-2019,26449576.92254359
2019-2020,28703568.271770258
2020-2021,29258025.312083587
