d_fiscal_year,total
2017-2018,3748488.76
2018-2019,1664258.3284331742
2019-2020,1425292.5215668262
2020-2021,1984313.5391183295
