d_fiscal_year,total
2017-2018,883971.4458419826
2018-2019,2067648.679096536
2019-2020,4373748.099217211
2020-2021,5561047.440400301
