d_fiscal_year,total
2017-2018,1608882.5035342902
2018-2019,2236666.08294269
2019-2020,4363578.099217211
2020-2021,5544245.127925053
