d_most_recent_category,total,percentage
11_defence,71922252.99896021,0.5435729928157056
6_industrial_products_and_services,59847939.92464631,0.45231791917259406
1_facilities_and_construction,281574.92000000004,0.0021280829727129886
10_office_management,250819.25758645026,0.0018956382596086248
9_human_capital,11295.210000000001,8.536677937870842e-5
