d_most_recent_category,total,percentage
11_defence,82485673.50060882,0.6234090638094066
6_industrial_products_and_services,22476733.69063437,0.16987434196640583
5_transportation_and_logistics,17236662.106703147,0.1302710026009495
3_information_technology,9821942.883246643,0.07423214187114639
1_facilities_and_construction,281574.92000000004,0.0021280829727129886
9_human_capital,11295.210000000001,8.536677937870842e-5
