owner_org,d_fiscal_year,total
cnsc-ccsn,2019-2020,11295.210000000001
cnsc-ccsn,2020-2021,200850.86922279792
dnd-mdn,2017-2018,34622610.73321376
dnd-mdn,2018-2019,41034079.6566644
dnd-mdn,2019-2020,42018703.71043078
dnd-mdn,2020-2021,33364040.6979722
