d_most_recent_category,total,percentage
11_defence,109499062.43466252,0.8275704750097832
6_industrial_products_and_services,16435266.127405664,0.12421422333259839
2_professional_services,4160571.663060498,0.03144471003635979
10_office_management,1926111.9560642922,0.014557141869166925
1_facilities_and_construction,281574.92000000004,0.0021280829727129886
9_human_capital,11295.210000000001,8.536677937870842e-5
