d_most_recent_category,total,percentage
11_defence,83354241.57448916,0.6299735153900619
6_industrial_products_and_services,20363558.63795366,0.15390341725488788
5_transportation_and_logistics,18230449.827917054,0.13778183747220352
3_information_technology,9821942.883246643,0.07423214187114639
1_facilities_and_construction,281574.92000000004,0.0021280829727129886
10_office_management,250819.25758645026,0.0018956382596086248
9_human_capital,11295.210000000001,8.536677937870842e-5
