d_most_recent_category,total,percentage
11_defence,82485673.50060882,0.6234090638094066
6_industrial_products_and_services,24737163.121706583,0.18695818374920412
5_transportation_and_logistics,17236662.106703147,0.1302710026009495
3_information_technology,7561513.4521744335,0.057148300088348127
1_facilities_and_construction,281574.92000000004,0.0021280829727129886
9_human_capital,11295.210000000001,8.536677937870842e-5
