d_most_recent_category,total,percentage
2_professional_services,8232894.98,0.7321997946116374
0_other,2971497.32,0.26427274141283424
3_information_technology,39663.00,0.0035274639755283345
