d_most_recent_category,total,percentage
3_information_technology,3658619.7235143767,0.8627269007661951
2_professional_services,546321.5852360817,0.1288262688311469
9_human_capital,35821,0.008446830402658118
