d_most_recent_category,total,percentage
3_information_technology,3658619.72,0.8627269007661951
2_professional_services,546321.59,0.1288262688311469
9_human_capital,35821.00,0.008446830402658118
