d_most_recent_category,total,percentage
10_office_management,1935742.2617521195,0.4594253630683904
2_professional_services,1166566.51158398,0.27687066285507717
3_information_technology,1111090.0012195045,0.26370397407653245
