d_fiscal_year,total
2017-2018,1009007.6247647664
2018-2019,1053272.2788814614
2019-2020,1046787.2228875294
2020-2021,1104331.6480218468
