d_fiscal_year,total
2018-2019,1738271.1111313866
2019-2020,1743033.497737226
2020-2021,1738271.1111313866
