d_fiscal_year,total
2017-2018,1211233.4011762985
2018-2019,1967115.9273975424
2019-2020,1318664.4625666805
2020-2021,1451221.8389109103
