d_most_recent_category,total,percentage
1_facilities_and_construction,35974971.33370482,0.9539736129893898
2_professional_services,1697436.0013268841,0.04501210410936298
3_information_technology,38249.27419354839,0.0010142829012473723
