d_fiscal_year,total
2017-2018,7239902.347890911
2018-2019,9141558.803960968
2019-2020,10186310.731302531
2020-2021,11242314.754862178
