d_most_recent_category,total,percentage
1_facilities_and_construction,3705780.787339396,0.918057182094708
2_professional_services,330766.01999999996,0.08194281790529201
