d_most_recent_category,total,percentage
1_facilities_and_construction,36190997.63147775,0.959662036085795
2_professional_services,1482985.391326884,0.039323723391599036
6_industrial_products_and_services,38249.27419354839,0.0010142405226060552
