d_fiscal_year,total
2017-2018,7228891.3155087605
2018-2019,9126160.233771373
2019-2020,10183808.665047342
2020-2021,11171796.394897781
