d_most_recent_category,total,percentage
1_facilities_and_construction,36111978.242496155,0.9541402265243086
2_professional_services,1697436.0013268841,0.04484916223477984
3_information_technology,38249.27419354839,0.0010106112409116253
