d_most_recent_category,total,percentage
1_facilities_and_construction,36270957.63147775,0.9617823030424228
2_professional_services,1403025.391326884,0.03720345643497116
6_industrial_products_and_services,38249.27419354839,0.0010142405226060552
