d_fiscal_year,total
2017-2018,7709992.043614557
2018-2019,16712485.2993088
2019-2020,8482185.482417528
2020-2021,3052233.89564715
