d_fiscal_year,total
2017-2018,3030976.2463359036
2018-2019,3099750.474276375
2019-2020,4337734.647899033
2020-2021,2970990.6058412986
