category,total,percentage
2_professional_services,6497461.717021125,0.4834618055424179
3_information_technology,6062822.066385273,0.45112122711218844
10_office_management,443964.96951807226,0.03303445485465626
9_human_capital,267827.82142813905,0.019928477882822343
8_security_and_protection,103680.7,0.0077146523681070256
5_transportation_and_logistics,32084.85,0.0023873629714388374
1_facilities_and_construction,19598.780000000002,0.0014583020228355773
6_industrial_products_and_services,12011.070000000002,8.937172455336361e-4
