d_most_recent_category,total,percentage
2_professional_services,7584249.91,0.5054800743047703
3_information_technology,6275029.02,0.4182222594971128
10_office_management,689507.59,0.04595475533613304
9_human_capital,287891.25,0.019187565163047256
8_security_and_protection,103680.70,0.006910179457720436
5_transportation_and_logistics,32084.85,0.0021384121767507504
1_facilities_and_construction,19598.78,0.0013062323745150462
6_industrial_products_and_services,12011.07,8.005216899504171e-4
