d_fiscal_year,total
2017-2018,175745076.9970972
2018-2019,177201712.26113963
2019-2020,173873913.0373653
2020-2021,389597309.21740484
