d_fiscal_year,total
2017-2018,174580838.44937247
2018-2019,173724104.87414628
2019-2020,171051852.88310647
2020-2021,371136224.3401236
