d_fiscal_year,total
2017-2018,175275062.39051196
2018-2019,175566988.2205859
2019-2020,171520708.02670416
2020-2021,371297077.4201236
