d_fiscal_year,total
2017-2018,175980389.05697125
2018-2019,177707041.20195913
2019-2020,175136034.7496578
2020-2021,390738274.3830035
