owner_org,d_fiscal_year,total
dfatd-maecd,2018-2019,15428.89
dnd-mdn,2017-2018,1927247.60504819
dnd-mdn,2018-2019,2071995.2553485266
dnd-mdn,2019-2020,1785862.0335841314
dnd-mdn,2020-2021,180110.88601915183
pc,2017-2018,39923.63
pc,2018-2019,13321.600000000002
pc,2019-2020,15531.47
pc,2020-2021,13139.44
tc,2018-2019,11633.630000000001
tc,2020-2021,85477.95
