d_fiscal_year,total
2017-2018,1967171.2350481902
2018-2019,2112379.3753485265
2019-2020,1801393.5035841314
2020-2021,278728.27601915185
