owner_org,d_fiscal_year,total
pc,2018-2019,1093716.7072455753
pc,2019-2020,2313874.652323009
pc,2020-2021,2515845.5822519967
