d_most_recent_category,total,percentage
1_facilities_and_construction,6791116.46,0.8587898808667479
2_professional_services,1044482.49,0.1320829933242889
9_human_capital,58336.25,0.007377075839337354
3_information_technology,13839.00,0.0017500499696259128
