d_fiscal_year,total
2017-2018,1248273.1926889375
2018-2019,1248273.1926889375
2019-2020,1251693.1192442498
2020-2021,1248273.1926889375
