d_most_recent_category,total,percentage
11_defence,11130935.880153257,0.6357402598215068
5_transportation_and_logistics,3738517.7147758286,0.21352438365732165
6_industrial_products_and_services,723597.6767547858,0.041328076990053815
3_information_technology,680915,0.03889026795924739
9_human_capital,589126.04,0.033647767426727704
1_facilities_and_construction,544338.8580470163,0.031089760175762305
10_office_management,101190.8,0.005779483969380335
