d_most_recent_category,total,percentage
11_defence,16711693.57,0.6405500682832026
5_transportation_and_logistics,6241130.58,0.2392191194195627
3_information_technology,996316.32,0.0381882593481067
6_industrial_products_and_services,877901.50,0.03364948402779825
9_human_capital,589126.04,0.022580878690080873
1_facilities_and_construction,572238.86,0.021933602248018238
10_office_management,101190.80,0.0038785879832306095
