d_fiscal_year,total
2017-2018,10088811.558421947
2018-2019,13456891.935609788
2019-2020,1025772.3697043479
