d_fiscal_year,total
2017-2018,2229810.3781501167
2018-2019,1458859.791742379
2019-2020,670650.640471273
2020-2021,340.6117711598746
