owner_org,d_fiscal_year,total
pwgsc-tpsgc,2017-2018,2229810.3781501167
pwgsc-tpsgc,2018-2019,1458859.791742379
pwgsc-tpsgc,2019-2020,670650.640471273
pwgsc-tpsgc,2020-2021,340.6117711598746
