d_fiscal_year,total
2017-2018,2464227.439422967
2018-2019,1693276.8530152293
2019-2020,749003.7404035683
2020-2021,340.6117711598746
