owner_org,d_fiscal_year,total
dnd-mdn,2017-2018,152897.91096774195
dnd-mdn,2019-2020,5057112.268947433
dnd-mdn,2020-2021,5039923.031043308
