d_fiscal_year,total
2019-2020,2670281.710791821
2020-2021,9875254.05450965
