d_fiscal_year,total
2019-2020,5268499.983214286
2020-2021,6447254.213772016
