owner_org,d_fiscal_year,total
cbsa-asfc,2019-2020,2620306.7275775354
cbsa-asfc,2020-2021,3427999.8407376357
cic,2019-2020,49974.98321428571
cic,2020-2021,6447254.213772016
