d_most_recent_category,total,percentage
2_professional_services,6497229.20,0.5178917280644467
4_medical,6048306.57,0.4821082719355532
