owner_org,d_fiscal_year,total
cbsa-asfc,2019-2020,5218525
cic,2019-2020,49974.98321428571
cic,2020-2021,4253376.38337912
