d_most_recent_category,total,percentage
11_defence,57393601.07,0.5791477114548863
5_transportation_and_logistics,41696288.66,0.420749172411851
6_industrial_products_and_services,10218.82,1.0311613326272648e-4
