d_most_recent_category,total,percentage
11_defence,62506291.03,0.5997947653617809
5_transportation_and_logistics,41696288.66,0.40010717739240953
6_industrial_products_and_services,10218.82,9.805724580958669e-5
