d_most_recent_category,total,percentage
2_professional_services,42628869.01,0.4301596600854571
11_defence,28984178.714558303,0.29247373325306386
10_office_management,27432669.46939394,0.2768177539831755
5_transportation_and_logistics,44172.54,4.4573654504073034e-4
6_industrial_products_and_services,10218.82,1.0311613326272648e-4
