d_fiscal_year,total
2017-2018,9396465.237
2018-2019,44392979.85188889
2019-2020,27451640.191111114
2020-2021,17859023.273952242
