d_fiscal_year,total
2017-2018,1159743.1745360824
2018-2019,2903333.041237113
2019-2020,2896254.254226804
