d_fiscal_year,total
2017-2018,2939906.40442035
2018-2019,2877823.7634195895
2019-2020,1261694.8758637917
2020-2021,1296936.0173018523
