d_most_recent_category,total,percentage
1_facilities_and_construction,3931571.2493594815,0.4693650644624308
6_industrial_products_and_services,3272537.290937354,0.39068722886982205
2_professional_services,698922.3507087487,0.08343985480311218
10_office_management,344207.1400000001,0.041092681833210985
11_defence,65971.84,0.007875954668085912
5_transportation_and_logistics,63151.19,0.007539215363338061
