d_most_recent_category,total,percentage
2_professional_services,4642274.14,0.4315491089612137
11_defence,3983000.00,0.37026251537168114
1_facilities_and_construction,2109301.96,0.1960822112986597
6_industrial_products_and_services,22656.50,0.002106164368445517
