d_fiscal_year,total
2017-2018,1909135.121981132
2018-2019,2074322.4586746057
2019-2020,1571206.6993442622
2020-2021,902335.06
