d_fiscal_year,total
2017-2018,7300339.290744401
2018-2019,1268575.2907444006
2019-2020,249068.5730709064
2020-2021,3775197.889182058
