d_fiscal_year,total
2017-2018,2464180.518175666
2018-2019,2054997.6118243337
2019-2020,2939267.903439803
2020-2021,3803225.0171089265
