owner_org,d_fiscal_year,total
dnd-mdn,2019-2020,2086118.843439803
dnd-mdn,2020-2021,3525154.5271089263
ec,2017-2018,87698.33
