d_fiscal_year,total
2017-2018,87698.33
2019-2020,2086118.843439803
2020-2021,3525154.5271089263
