d_fiscal_year,total
2017-2018,25567463.063172266
2018-2019,6183635.942722251
2019-2020,3882129.750604595
2020-2021,4505013.612428548
