d_fiscal_year,total
2017-2018,24534963.394163504
2018-2019,3699897.146177891
2019-2020,1633322.4667820323
2020-2021,2127894.335884189
