d_most_recent_category,total,percentage
1_facilities_and_construction,30084166.213007614,0.7495137912739488
2_professional_services,10054076.155920044,0.25048620872605115
