d_most_recent_category,total,percentage
1_facilities_and_construction,35960558.996343754,0.781502643177528
2_professional_services,10054076.155920044,0.21849735682247196
