d_fiscal_year,total
2017-2018,25567463.063172266
2018-2019,6183635.942722251
2019-2020,6730071.866171098
2020-2021,7412575.145384213
