d_most_recent_category,total,percentage
1_facilities_and_construction,35839669.86152978,0.7809270972978049
2_professional_services,10054076.155920044,0.21907290270219518
