d_fiscal_year,total
2017-2018,24546389.394163504
2018-2019,3715477.736177891
2019-2020,1407209.4667820323
2020-2021,2036855.4058841886
