d_fiscal_year,total
2017-2018,25567463.063172266
2018-2019,6183635.942722251
2019-2020,6790599.121084798
2020-2021,7405536.345284487
