d_most_recent_category,total,percentage
5_transportation_and_logistics,10908220.87,0.9445769271258178
11_defence,640040.11,0.05542307287418226
