d_fiscal_year,total
2017-2018,1570789.92
2018-2019,2014848.2801583114
2019-2020,4286746.199841688
2020-2021,3505671.67
