d_fiscal_year,total
2017-2018,6342703.3233847115
2018-2019,4512604.021411405
2019-2020,3248745.96308854
2020-2021,2400651.1606931216
