d_most_recent_category,total,percentage
1_facilities_and_construction,16166382.478577778,0.9795014814931035
2_professional_services,338321.99000000005,0.020498518506896567
