d_fiscal_year,total
2017-2018,2115119.516953089
2018-2019,1503179.5169530888
2019-2020,2445627.735032323
2020-2021,1546074.598920302
