d_most_recent_category,total,percentage
2_professional_services,6054396.832810032,0.8605347155777845
1_facilities_and_construction,981225.0000000001,0.13946528442221548
