owner_org,d_fiscal_year,total
dnd-mdn,2017-2018,1971622.9185322805
dnd-mdn,2018-2019,1359682.9185322805
dnd-mdn,2019-2020,2301737.995245978
dnd-mdn,2020-2021,1402578.0004994934
