d_most_recent_category,total,percentage
5_transportation_and_logistics,6296038.7700000005,0.6979150329423368
6_industrial_products_and_services,1546074.8615726342,0.17138218606391836
11_defence,1179097.3652109704,0.13070278099374488
