d_most_recent_category,total,percentage
11_defence,7475136.135210971,0.8240775824278957
2_professional_services,1595776.9615726343,0.1759224175721042
