d_most_recent_category,total,percentage
11_defence,7698564.45,0.5330155476100887
2_professional_services,4627738.00,0.32040470909539537
1_facilities_and_construction,2117111.98,0.14657974329451592
