owner_org,d_fiscal_year,total
dfatd-maecd,2019-2020,13439.04
dnd-mdn,2017-2018,1685044.6587458868
dnd-mdn,2018-2019,7594374.500000001
