d_fiscal_year,total
2017-2018,1685044.6587458868
2018-2019,7594374.500000001
2019-2020,13439.04
