owner_org,d_fiscal_year,total
pwgsc-tpsgc,2017-2018,255926.38080175518
pwgsc-tpsgc,2018-2019,412855.3071780822
pwgsc-tpsgc,2019-2020,522507.45201741654
pwgsc-tpsgc,2020-2021,4898232.482758658
