d_fiscal_year,total
2017-2018,453923.5708017551
2018-2019,627173.4328219178
2019-2020,522507.45201741654
2020-2021,4898232.482758658
