d_fiscal_year,total
2017-2018,13389100.623507705
2018-2019,13093248.666850358
2019-2020,8732890.785715343
2020-2021,11705179.232820371
