d_most_recent_category,total,percentage
2_professional_services,32659944.29387834,0.6960710235530151
3_information_technology,8351477.985772336,0.1779923988059781
9_human_capital,3786967.090834318,0.08071042728547181
1_facilities_and_construction,1735289.338408779,0.036983670733732224
NA,386740.6,0.00824247962180281
