d_fiscal_year,total
2017-2018,13873528.232601883
2018-2019,13790745.429277869
2019-2020,9442093.473738547
2020-2021,12511968.878590822
