d_most_recent_category,total,percentage
3_information_technology,7757562.721316826,0.9026993744009932
2_professional_services,836176.1703984063,0.09730062559900667
