d_most_recent_category,total,percentage
3_information_technology,15872841.065845128,0.94995659178658
2_professional_services,836176.1703984063,0.050043408213420015
