d_most_recent_category,total,percentage
3_information_technology,7575336.794258002,0.9208602820083176
2_professional_services,651032.5499999999,0.07913971799168244
