d_most_recent_category,total,percentage
3_information_technology,10038977.884829508,0.6008119892924617
10_office_management,6443231.401414025,0.3856140256674109
2_professional_services,226807.94999999998,0.013573985040127363
