owner_org,d_fiscal_year,total
pc,2017-2018,6192523.592094395
pc,2018-2019,4268123.048219994
pc,2019-2020,3457193.1023216443
pc,2020-2021,1445220.067363966
