category,total,percentage
3_information_technology,318587.6583783784,0.32057440608457155
2_professional_services,311925.6383767244,0.31387084099286516
NA,203518.03837672438,0.20478719926629552
10_office_management,118868.06284848484,0.11960933717281341
9_human_capital,28250,0.028426170109619557
8_security_and_protection,12653.140000000001,0.012732046373834748
