d_fiscal_year,total
2017-2018,118413.37379781912
2018-2019,302830.8943610046
2019-2020,224823.19491286555
2020-2021,190012.59653189834
