d_most_recent_category,total,percentage
3_information_technology,292784.96837837837,0.42060085276476117
2_professional_services,208257.54295728364,0.2991728046957891
10_office_management,118868.06284848484,0.1707601618945
NA,35297.49541944075,0.050706690155932856
9_human_capital,28250,0.0405825960137712
8_security_and_protection,12653.140000000001,0.018176894475245627
