d_most_recent_category,total,percentage
3_information_technology,318587.6583783784,0.38104922455563767
2_professional_services,311914.70295728365,0.37306798478745257
10_office_management,118868.06284848484,0.1421730628342506
NA,45806.49541944075,0.054787211934176586
9_human_capital,28250,0.03378863025796146
8_security_and_protection,12653.140000000001,0.01513388563052115
