d_most_recent_category,total,percentage
3_information_technology,292784.96837837837,0.42060085276476117
2_professional_services,218777.47837672438,0.31428523971235994
10_office_management,143645.62284848484,0.20635441703386198
9_human_capital,28250,0.0405825960137712
8_security_and_protection,12653.140000000001,0.018176894475245627
