owner_org,d_fiscal_year,total
dfo-mpo,2017-2018,6842319.189473684
dfo-mpo,2018-2019,4622078.990526316
dfo-mpo,2019-2020,4974900.898447081
dfo-mpo,2020-2021,1827497.5755695493
dnd-mdn,2018-2019,17841.239570917758
dnd-mdn,2019-2020,60461.97854588796
dnd-mdn,2020-2021,60296.78188319428
nrcan-rncan,2017-2018,0.2142018779342723
nrcan-rncan,2018-2019,0.2142018779342723
nrcan-rncan,2019-2020,152396.5847887324
nrcan-rncan,2020-2021,88739.93822231953
