d_most_recent_category,total,percentage
2_professional_services,21987556.32,0.9497845484884054
9_human_capital,919758.82,0.039730323044638416
3_information_technology,146679.16,0.0063360201435374176
1_facilities_and_construction,45584.48,0.0019690880661757167
6_industrial_products_and_services,37837.55,0.0016344481314326058
0_other,12630.02,5.455721258103772e-4
