d_most_recent_category,total,percentage
3_information_technology,63083175.42,0.8478831393364671
11_defence,11317614.61,0.15211686066353305
