d_most_recent_category,total,percentage
3_information_technology,34550521.85,0.8378098268916134
11_defence,6688576.50,0.1621901731083866
