d_fiscal_year,total
2019-2020,13761818.470090313
2020-2021,27477279.87855153
