d_most_recent_category,total,percentage
1_facilities_and_construction,4719835.935213512,0.43641642165789757
6_industrial_products_and_services,3281510.4200000004,0.303422630529364
2_professional_services,2670243.429953161,0.2469022437753343
5_transportation_and_logistics,72750.84,0.006726856971559113
9_human_capital,65110,0.006020351894469038
4_medical,5531.81129476584,5.114951713759599e-4
