d_most_recent_category,total,percentage
1_facilities_and_construction,6686315.60,0.4381109953561572
2_professional_services,4585144.95,0.3004348786442896
6_industrial_products_and_services,3664632.92,0.24011968194551106
4_medical,179338.90,0.01175091764128392
5_transportation_and_logistics,72750.84,0.0047668917851856115
9_human_capital,65110.00,0.004266236982740477
3_information_technology,8400.00,5.503976448321303e-4
