d_fiscal_year,total
2017-2018,1941079.5015044096
2018-2019,2447967.627668724
2019-2020,3441468.0682196775
2020-2021,2735843.9430157724
