d_most_recent_category,total,percentage
1_facilities_and_construction,4725367.746508277,0.44105930654976094
6_industrial_products_and_services,3281510.4200000004,0.30629165557548416
2_professional_services,2568939.8034300725,0.23978129725590072
5_transportation_and_logistics,72750.84,0.006790463041743793
9_human_capital,65110,0.006077277577110291
