d_most_recent_category,total,percentage
1_facilities_and_construction,4615827.946508277,0.4368418567996725
6_industrial_products_and_services,3391050.22,0.3209289193125868
2_professional_services,2421620.133900306,0.22918207697856713
5_transportation_and_logistics,72750.84,0.006885137920571082
9_human_capital,65110,0.0061620089886025116
