d_fiscal_year,total
2017-2018,412443.9157117712
2018-2019,171972.25132890735
2019-2020,3127342.5034922627
2020-2021,3196006.56231124
