d_most_recent_category,total,percentage
2_professional_services,6370867.6572277425,0.9127724326789551
3_information_technology,499815.34783561644,0.0716099745717705
9_human_capital,109005.9394520548,0.015617592749274425
