d_most_recent_category,total,percentage
2_professional_services,9405053.68,0.9277651160052094
3_information_technology,574279.48,0.05665001849421549
9_human_capital,157988.80,0.015584865500575175
