d_fiscal_year,total
2017-2018,419380.84571177117
2018-2019,192945.34549329092
2019-2020,3148919.6359945456
2020-2021,3218443.1173158064
