d_most_recent_category,total,percentage
2_professional_services,6370867.6572277425,0.9222762271850722
3_information_technology,427891.63616438356,0.06194356955414434
9_human_capital,109005.9394520548,0.015780203260783523
