d_most_recent_category,total,percentage
11_defence,13488218.46160822,0.9813999673560299
6_industrial_products_and_services,102755.91,0.007476498620383057
2_professional_services,96195.91,0.006999194386011401
9_human_capital,43860,0.0031912444694422045
1_facilities_and_construction,12824.324324324325,9.330951681334504e-4
