d_fiscal_year,total
2017-2018,148884.03569011576
2018-2019,2012691.593588602
2019-2020,2018205.8171326804
2020-2021,2012691.593588602
