d_fiscal_year,total
2017-2018,13321235.86137476
2018-2019,10235167.952072507
2019-2020,5033357.880168961
2020-2021,4198762.421479975
