category,total,percentage
5_transportation_and_logistics,27072669.345096204,0.8256751432319469
1_facilities_and_construction,5715854.7700000005,0.1743248567680531
