d_most_recent_category,total,percentage
11_defence,11180175.510821918,0.9280105283000294
2_professional_services,854484.42,0.07092648386966588
6_industrial_products_and_services,12806.31,0.0010629878303046658
