d_fiscal_year,total
2017-2018,2236299.385103839
2018-2019,2667764.5571114994
2019-2020,4181767.1854268974
2020-2021,5380122.910337605
