d_fiscal_year,total
2017-2018,2207148.3251038394
2018-2019,2667764.5571114994
2019-2020,4003077.277230176
2020-2021,5301952.418534326
