d_fiscal_year,total
2017-2018,1157642.1672950245
2018-2019,1668972.3090794422
2019-2020,2035458.9213535024
2020-2021,3354787.7636520234
