d_most_recent_category,total,percentage
2_professional_services,4204560.370141107,0.5116990889298373
3_information_technology,1970062.871321013,0.2397585687075365
1_facilities_and_construction,1960962.9199178726,0.23865109576568969
9_human_capital,57700,0.007022146153715648
NA,23575,0.002869100443220908
