d_most_recent_category,total,percentage
2_professional_services,4547568.47,0.45958095280158606
1_facilities_and_construction,3280118.73,0.3314914555445362
11_defence,1754350.00,0.17729603192942772
3_information_technology,224561.81,0.02269439844243627
9_human_capital,57700.00,0.005831208733905993
0_other,30733.50,0.003105952548107763
