owner_org,d_fiscal_year,total
cfia-acia,2017-2018,79227.63647416413
pwgsc-tpsgc,2017-2018,622847.2201376146
rcmp-grc,2017-2018,1848269.1243589744
rcmp-grc,2018-2019,1848269.1243589744
