d_most_recent_category,total,percentage
2_professional_services,95669660.11954752,0.7247902058887178
1_facilities_and_construction,36326687.70946323,0.2752097941112821
