d_fiscal_year,total
2017-2018,39736534.97609706
2018-2019,49366947.28759886
2019-2020,52878505.6241074
2020-2021,46087260.27176339
