category,total,percentage
2_professional_services,123587985.97503574,0.6571408520237074
1_facilities_and_construction,42159308.66562075,0.22416907111709633
7_travel,20077410.96782742,0.10675541676432293
6_industrial_products_and_services,2244542.5510828025,0.011934660094873288
