d_most_recent_category,total,percentage
2_professional_services,95170844.25186874,0.7058640749074947
1_facilities_and_construction,39334850.13952476,0.29173911215792747
10_office_management,323159.54105960263,0.0023968129345777866
