d_most_recent_category,total,percentage
2_professional_services,95494003.79292834,0.7082608878420725
1_facilities_and_construction,39334850.13952476,0.29173911215792747
