d_fiscal_year,total
2017-2018,5820273.97260274
2018-2019,11300000
2019-2020,5479726.02739726
