owner_org,d_fiscal_year,total
ssc-spc,2017-2018,5820273.97260274
ssc-spc,2018-2019,11300000
ssc-spc,2019-2020,5479726.02739726
