owner_org,d_fiscal_year,total
cbsa-asfc,2017-2018,879656.879831692
cbsa-asfc,2018-2019,490902.04707707843
cbsa-asfc,2019-2020,210201.28029197082
cbsa-asfc,2020-2021,209626.9598540146
cic,2017-2018,65992.74099931555
dnd-mdn,2017-2018,4327745.503649023
dnd-mdn,2018-2019,2022278.3314587804
nrcan-rncan,2017-2018,41450.71286549707
pwgsc-tpsgc,2017-2018,390210.18522798247
pwgsc-tpsgc,2018-2019,32072.070018738286
tbs-sct,2017-2018,20754.67889908257
