d_most_recent_category,total,percentage
11_defence,6350023.835107803,0.7306527662154196
3_information_technology,2340867.5550653716,0.2693472337845805
