d_most_recent_category,total,percentage
10_office_management,235075601.21937624,0.7819642123246324
3_information_technology,46875071.4195942,0.15592697885339957
2_professional_services,14654235.005096668,0.04874639168650545
11_defence,2970498.639101862,0.009881177019170887
1_facilities_and_construction,1046537.1693846154,0.0034812401162917363
