d_most_recent_category,total,percentage
3_information_technology,295299012.6586216,0.9425631705716538
2_professional_services,10898005.482562598,0.03478527919233652
9_human_capital,6050048.639101862,0.019311114439711886
1_facilities_and_construction,1046537.1693846154,0.003340435796297767
