d_fiscal_year,total
2017-2018,69110290.05205852
2018-2019,73622310.07876806
2019-2020,69117361.8663526
2020-2021,72639134.44793461
