d_most_recent_category,total,percentage
3_information_technology,285889394.6661851,0.9500717206601531
2_professional_services,10898005.482562598,0.036216407511973664
9_human_capital,3079550,0.010234004555416397
1_facilities_and_construction,1046537.1693846154,0.003477867272456929
