d_most_recent_category,total,percentage
3_information_technology,283033681.30,0.9401328881997639
2_professional_services,10926833.28,0.03629488646699827
9_human_capital,3079550.00,0.010229122635023088
11_defence,2970498.64,0.009866894470472029
1_facilities_and_construction,1046537.17,0.003476208227742742
