d_most_recent_category,total,percentage
3_information_technology,264888807.2434397,0.9311035486189344
2_professional_services,12050064.872562598,0.04235686015083325
NA,3838739.4038077444,0.013493450018912584
9_human_capital,3040000,0.010685822542891391
1_facilities_and_construction,671484.9253037383,0.002360318668428431
