d_most_recent_category,total,percentage
3_information_technology,290015374.782746,0.9415778926882586
2_professional_services,10898005.482562598,0.03538198981506845
9_human_capital,6050048.639101862,0.019642379486033743
1_facilities_and_construction,1046537.1693846154,0.0033977380106391722
