d_fiscal_year,total
2017-2018,65167384.83417755
2018-2019,76021209.7574263
2019-2020,82030172.44884956
2020-2021,84791199.03334174
