d_fiscal_year,total
2017-2018,63785206.99031159
2018-2019,74658627.83784951
2019-2020,80372056.49561201
2020-2021,82241209.06292582
