category,total,percentage
3_information_technology,265556711.20025033,0.8632409754144575
NA,21573991.581974737,0.07013023113832573
2_professional_services,15392623.775346551,0.050036557170637985
9_human_capital,3040000,0.009882079625850845
7_travel,1392744.1631616596,0.004527371289079777
1_facilities_and_construction,671484.9253037383,0.0021827853616480427
