d_fiscal_year,total
2017-2018,63785328.93410064
2018-2019,74700322.03019442
2019-2020,80430276.86805545
2020-2021,81862081.45438142
