d_fiscal_year,total
2017-2018,63785206.99031159
2018-2019,74658520.47316727
2019-2020,80365507.24999529
2020-2021,82234677.7114228
