d_most_recent_category,total,percentage
1_facilities_and_construction,5700684.7535605235,0.9496320090536885
2_professional_services,302361.3729503916,0.05036799094631142
