d_most_recent_category,d_fiscal_year,total
1_facilities_and_construction,2017-2018,1888718.8809169482
1_facilities_and_construction,2018-2019,2169750.212089214
1_facilities_and_construction,2019-2020,1096058.0660319407
1_facilities_and_construction,2020-2021,546157.5945224205
2_professional_services,2017-2018,75266.07057441253
2_professional_services,2018-2019,27882.25237597911
2_professional_services,2019-2020,128783.1975
2_professional_services,2020-2021,70429.8525
