d_most_recent_category,total,percentage
1_facilities_and_construction,5718433.703560524,0.9525886663283373
2_professional_services,227112.42295039163,0.03783286321046373
11_defence,57499.99999999999,0.009578470461199019
