d_fiscal_year,total
2017-2018,1963984.9514913606
2018-2019,2197632.464465193
2019-2020,1224841.2635319408
2020-2021,616587.4470224205
