d_fiscal_year,total
2017-2018,2082413.4500992806
2018-2019,3382691.027867856
2019-2020,1780535.307216917
2020-2021,1775670.4566507505
