owner_org,d_fiscal_year,total
pwgsc-tpsgc,2017-2018,2082413.4500992806
pwgsc-tpsgc,2018-2019,3382691.027867856
pwgsc-tpsgc,2019-2020,1780535.307216917
pwgsc-tpsgc,2020-2021,1775670.4566507505
