d_most_recent_category,total,percentage
1_facilities_and_construction,8794905.166883219,0.9809218361408356
2_professional_services,171054.03888217523,0.019078163859164346
