d_most_recent_category,total,percentage
6_industrial_products_and_services,5733665.414153005,0.5420896443631972
1_facilities_and_construction,3443990.8632493704,0.32561226499902834
2_professional_services,732184.553906634,0.06922442029068174
11_defence,345661.80352839857,0.03268061015247281
5_transportation_and_logistics,321466.4583251232,0.03039306019461991
