d_most_recent_category,total,percentage
6_industrial_products_and_services,5945202.118322429,0.7123027398177122
1_facilities_and_construction,1213475.8632493704,0.14538819116533064
2_professional_services,732184.553906634,0.0877240257640001
5_transportation_and_logistics,321466.4583251232,0.03851533294701406
11_defence,134125.09935897434,0.016069710305943032
