d_fiscal_year,total
2017-2018,700264.9652936471
2018-2019,966814.8424371359
2019-2020,1798634.3581062085
2020-2021,4880739.927325539
