d_most_recent_category,total,percentage
6_industrial_products_and_services,5733665.414153005,0.5420896443631972
1_facilities_and_construction,3443990.8632493704,0.32561226499902834
2_professional_services,732184.553906634,0.06922442029068174
11_defence,667128.2618535217,0.06307367034709271
