d_fiscal_year,total
2017-2018,7995250.965720525
2019-2020,1051769.8920863308
2020-2021,368250.107913669
