d_fiscal_year,total
2017-2018,11319458.308732092
2018-2019,7620403.704326975
2019-2020,333991.77324997785
2020-2021,167609.40577329957
