category,total,percentage
2_professional_services,113109495.06926535,0.7929411911954516
6_industrial_products_and_services,16436266.54673077,0.11522456860398482
1_facilities_and_construction,9646798.576237334,0.06762777916725697
9_human_capital,1901247.6,0.013328479061623356
5_transportation_and_logistics,776448,0.005443199986387533
10_office_management,775247.21,0.0054347819852958255
