d_most_recent_category,total,percentage
8_security_and_protection,43784897.18,0.8613966581324611
1_facilities_and_construction,3230937.28,0.06356343751194445
11_defence,2188276.77,0.04305078729110417
2_professional_services,1157938.52,0.02278055758442127
3_information_technology,259761.20,0.005110379266694325
6_industrial_products_and_services,208311.00,0.004098180213374696
