d_most_recent_category,total,percentage
1_facilities_and_construction,5456647.2970996555,0.8905972446647132
2_professional_services,454811.54,0.07423127834943835
6_industrial_products_and_services,158520.73,0.02587268659187092
3_information_technology,56973.25,0.009298790393977557
