d_fiscal_year,total
2017-2018,4194194.9737166325
2018-2019,4194194.9737166325
2019-2020,4205685.918850102
2020-2021,5760544.473716632
