d_fiscal_year,total
2017-2018,8146711.095129488
2018-2019,7940495.873825727
2019-2020,10598561.209155677
2020-2021,18623699.41501747
