d_fiscal_year,total
2017-2018,8111596.150886776
2018-2019,8000880.557631177
2019-2020,10645413.474015474
2020-2021,22228422.486460123
