d_fiscal_year,total
2017-2018,8111596.150886776
2018-2019,8008578.851243743
2019-2020,10914553.925179489
2020-2021,23489568.2621215
