d_fiscal_year,total
2017-2018,2818134.896254115
2018-2019,2307684.952325721
2019-2020,2469698.307699837
2020-2021,2620910.4050591816
