d_most_recent_category,total,percentage
1_facilities_and_construction,8012272.689640443,0.8372920226123199
2_professional_services,1549762.7076572645,0.16195204560888798
3_information_technology,7233.714621513945,7.559317787921574e-4
