d_fiscal_year,total
2017-2018,50703.183628318584
2018-2019,3342922.018616189
2019-2020,2771754.8609470855
2020-2021,3403889.048727628
