d_fiscal_year,total
2017-2018,1389437.96
2018-2019,116143255.63
2019-2020,143975040.09917527
2020-2021,55500089.81636598
