d_fiscal_year,total
2017-2018,NA
2018-2019,7354852.537023074
2019-2020,10438630.14545769
2020-2021,11924658.242444545
