d_fiscal_year,total
2017-2018,NA
2018-2019,7174236.843938861
2019-2020,10467020.08570775
2020-2021,12303141.565858107
