d_most_recent_category,total,percentage
1_facilities_and_construction,8127490.513894278,0.9983970040308126
5_transportation_and_logistics,13049.252432432433,0.0016029959691875202
