d_fiscal_year,total
2017-2018,3045701.162708842
2018-2019,2312809.230065164
2019-2020,1042550.549600189
2020-2021,1739478.8239525154
