d_most_recent_category,total,percentage
4_medical,109213717.72792265,0.9948324267711259
6_industrial_products_and_services,567301.4557721796,0.005167573228874139
