d_most_recent_category,total,percentage
4_medical,109213717.72792265,0.9944765130188973
6_industrial_products_and_services,606591.0457721796,0.0055234869811026785
