d_fiscal_year,total
2017-2018,557705.5295711607
2018-2019,561668.1873793799
2019-2020,802729.2550851437
2020-2021,110679607.08985128
