category,total,percentage
4_medical,111114258.17446388,0.9867901483325114
6_industrial_products_and_services,1011028.2715443593,0.008978800330729335
NA,476423.6158787184,0.004231051336759197
