owner_org,d_fiscal_year,total
csc-scc,2018-2019,31078.140000000003
csc-scc,2019-2020,10144.79
dnd-mdn,2017-2018,215771.3996137417
dnd-mdn,2018-2019,226567.9574219609
dnd-mdn,2019-2020,151703.36506512837
dnd-mdn,2020-2021,105219.94713010802
hc-sc,2017-2018,44084.28999999999
isc-sac,2017-2018,49322.6
isc-sac,2018-2019,44935
isc-sac,2020-2021,311936.2
phac-aspc,2019-2020,440177.51422670647
phac-aspc,2020-2021,108178807.72023718
statcan,2018-2019,10559.849999999999
