d_fiscal_year,total
2017-2018,309178.2896137417
2018-2019,313140.9474219609
2019-2020,602025.6692918348
2020-2021,108595963.86736728
