d_most_recent_category,total,percentage
1_facilities_and_construction,55852364.659057625,0.5063772120715772
2_professional_services,53138768.05558539,0.48177478939634794
10_office_management,626392.2800759014,0.005679093058713574
9_human_capital,431620.22000000003,0.0039132209533383885
5_transportation_and_logistics,157979.19,0.001432294984927783
6_industrial_products_and_services,38745,3.512758179797412e-4
11_defence,30849,2.7968790060284e-4
7_travel,12873,1.1671115253202241e-4
3_information_technology,8351.171659919028,7.571466398057271e-5
