d_most_recent_category,total,percentage
1_facilities_and_construction,53914726.733854435,0.4889380183636988
2_professional_services,53084447.35558539,0.4814084401113027
10_office_management,2589450.025203189,0.023483019217079196
9_human_capital,431620.22000000003,0.003914246585988706
5_transportation_and_logistics,188828.19,0.001712431586374537
6_industrial_products_and_services,38745,3.51367885346364e-4
7_travel,12873,1.1674174185220658e-4
3_information_technology,8351.171659919028,7.573450835747149e-5
