d_fiscal_year,total
2017-2018,30035994.87193948
2018-2019,51897824.48209375
2019-2020,38233718.71292664
2020-2021,37026066.379552536
