d_fiscal_year,total
2017-2018,18771268.98251038
2018-2019,32310152.213257436
2019-2020,30320371.053971063
2020-2021,28892249.446564052
