category,total,percentage
1_facilities_and_construction,87197445.95921701,0.5547137001294944
2_professional_services,54851254.7274882,0.34894075315991757
NA,11806350.082944069,0.07510706383071308
10_office_management,2658136.0952031887,0.0169099506596508
9_human_capital,431620.22000000003,0.0027457874098616125
5_transportation_and_logistics,188828.19,0.001201246009116432
6_industrial_products_and_services,38745,2.464794934655475e-4
7_travel,12873,8.189264471240141e-5
3_information_technology,8351.171659919028,5.3126663068284353e-5
