d_most_recent_category,total,percentage
1_facilities_and_construction,53869618.233854435,0.48841820832158467
2_professional_services,53154555.85558539,0.4819349716274577
10_office_management,2589450.025203189,0.023477696395724588
9_human_capital,431620.22000000003,0.003913359356151584
5_transportation_and_logistics,188828.19,0.0017120434349476698
6_industrial_products_and_services,38745,3.5128824190417475e-4
7_travel,12873,1.1671528037249816e-4
3_information_technology,8351.171659919028,7.571734185708927e-5
