d_most_recent_category,d_fiscal_year,total
4_medical,2017-2018,1478834.8336511857
4_medical,2018-2019,1478834.8336511857
4_medical,2019-2020,1482886.4359351618
4_medical,2020-2021,1478834.8336511857
