d_most_recent_category,total,percentage
11_defence,142528674.16,0.8790133178160296
5_transportation_and_logistics,18109776.84,0.11168794714382899
6_industrial_products_and_services,1311721.23,0.008089743605884483
1_facilities_and_construction,166490.23,0.001026790809271404
NA,29543.14,1.82200624985501e-4
