d_most_recent_category,total,percentage
5_transportation_and_logistics,114444355.2122328,0.977402210661978
NA,1499264.731731375,0.012804341991741594
6_industrial_products_and_services,1005913.06,0.00859091430725859
10_office_management,140805,0.0012025330390218274
