category,total,percentage
5_transportation_and_logistics,114444355.2122328,0.9769971517640348
NA,1547809.8919563084,0.013213459528949088
6_industrial_products_and_services,1005913.06,0.008587354026502457
10_office_management,140805,0.0012020346805137199
