d_fiscal_year,total
2017-2018,15798536.910844108
2018-2019,8345169.702894033
2019-2020,56192407.19954098
2020-2021,33996629.69302946
