d_most_recent_category,total,percentage
10_office_management,83710538.78498259,0.7321659239320507
5_transportation_and_logistics,15646133.235797504,0.13684735235041562
11_defence,13069026.541856498,0.11430694428438501
6_industrial_products_and_services,1005913.06,0.008798118799139078
1_facilities_and_construction,871588.7436719884,0.007623264490490393
NA,29543.14,2.5839614351920003e-4
