d_most_recent_category,total,percentage
5_transportation_and_logistics,113195047.3126366,0.9894931991277894
6_industrial_products_and_services,1094178.2936719884,0.009564746920696908
10_office_management,78225,6.838029343102752e-4
NA,29543.14,2.5825101720344215e-4
