owner_org,d_fiscal_year,total
dnd-mdn,2018-2019,1646532.9653832116
dnd-mdn,2019-2020,3311159.699616788
dnd-mdn,2020-2021,3302112.8151916056
