d_most_recent_category,total,percentage
3_information_technology,2716707.9493535245,0.43270310214466035
2_professional_services,2462483.5053679687,0.3922115559040244
9_human_capital,784107.6831506849,0.12488859061773688
1_facilities_and_construction,188697.6,0.03005477158731101
10_office_management,126460.5597260274,0.020141979746267333
