d_fiscal_year,total
2017-2018,2145384.409042401
2018-2019,1564217.1753770858
2019-2020,1654067.3617656548
2020-2021,914788.3514130643
