owner_org,d_fiscal_year,total
csc-scc,2017-2018,3459702.211748319
csc-scc,2018-2019,3459702.211748319
csc-scc,2019-2020,3527479.7161139394
csc-scc,2020-2021,3517841.793392317
