d_most_recent_category,total,percentage
2_professional_services,5260327.17,0.9606624413276049
9_human_capital,190824.31,0.03484911519891277
3_information_technology,24577.50,0.004488443473482381
