d_most_recent_category,total,percentage
1_facilities_and_construction,2859283.50,0.35609492539992416
6_industrial_products_and_services,2652428.35,0.3303332019618264
10_office_management,1881680.74,0.23434435963248226
2_professional_services,636161.61,0.0792275130057672
