d_most_recent_category,total,percentage
10_office_management,4444693.6145778885,0.7627939444663743
6_industrial_products_and_services,642161.4773383738,0.11020712084106432
2_professional_services,610050,0.10469618069858908
1_facilities_and_construction,129955.02780748662,0.022302753993972274
