d_most_recent_category,total,percentage
1_facilities_and_construction,2816841.79,0.4741999086690632
10_office_management,1871145.67,0.3149971384256915
6_industrial_products_and_services,642161.48,0.1081043722364352
2_professional_services,610050.00,0.10269858066881016
