d_most_recent_category,total,percentage
2_professional_services,16015958.006902577,0.9521010431465551
1_facilities_and_construction,520934.83484641026,0.03096802573126668
5_transportation_and_logistics,161386.23209125476,0.009593931243910158
9_human_capital,123420.81000000001,0.007336999878268198
