d_fiscal_year,total
2017-2018,4393597.664852918
2018-2019,5105938.815417298
2019-2020,3151666.442860496
2020-2021,4158932.830813073
