d_most_recent_category,total,percentage
2_professional_services,14916049.67,0.8592150000277516
7_travel,1649862.51,0.09503767088022856
1_facilities_and_construction,509370.70,0.029341478473798727
11_defence,161386.23,0.009296393783263015
9_human_capital,123420.81,0.007109456834957979
