owner_org,d_fiscal_year,total
pwgsc-tpsgc,2018-2019,885560.569550931
pwgsc-tpsgc,2019-2020,2532149.753559693
pwgsc-tpsgc,2020-2021,2525231.3116100766
