d_fiscal_year,total
2017-2018,Inf
2018-2019,51608022.61259617
2019-2020,25968379.988688525
2020-2021,26193677.85
