d_most_recent_category,total,percentage
5_transportation_and_logistics,110366117.89598425,0.9597890351815536
1_facilities_and_construction,4612357.87,0.04011095610096132
11_defence,11500,1.0000871748511031e-4
