owner_org,d_fiscal_year,total
dfo-mpo,2017-2018,11219895.314699553
dfo-mpo,2018-2019,51608022.61259617
dfo-mpo,2019-2020,25968379.988688525
dfo-mpo,2020-2021,26193677.85
