d_most_recent_category,d_fiscal_year,total
4_medical,2017-2018,1932943.7875122572
4_medical,2018-2019,1775057.9235027712
4_medical,2019-2020,1880822.6229481553
4_medical,2020-2021,3217545.186023271
6_industrial_products_and_services,2017-2018,1112142.6929392447
6_industrial_products_and_services,2018-2019,3560807.744937055
6_industrial_products_and_services,2019-2020,3570563.382594417
6_industrial_products_and_services,2020-2021,4069049.874937055
