d_most_recent_category,total,percentage
6_industrial_products_and_services,12312563.69540777,0.5830106838177211
4_medical,8806369.519986454,0.4169893161822789
