d_most_recent_category,total,percentage
4_medical,20610691.085394226,0.9759342896340273
6_industrial_products_and_services,508242.13,0.024065710365972798
