owner_org,d_fiscal_year,total
cbsa-asfc,2020-2021,81638.13
dfo-mpo,2020-2021,35949
dnd-mdn,2017-2018,1458645.8647408006
dnd-mdn,2018-2019,3750553.8898144113
dnd-mdn,2019-2020,3861730.9069757177
dnd-mdn,2020-2021,4301113.013876841
ec,2020-2021,16712.77
isc-sac,2020-2021,692911.7999999999
phac-aspc,2017-2018,1589432.0339867107
phac-aspc,2018-2019,1589432.0339867107
phac-aspc,2019-2020,1593786.6422990032
phac-aspc,2020-2021,1759125.5139867107
rcmp-grc,2020-2021,435022
