d_fiscal_year,total
2017-2018,3048077.8987275115
2018-2019,5339985.923801122
2019-2020,5455517.549274721
2020-2021,7322472.227863552
