d_most_recent_category,total,percentage
6_industrial_products_and_services,12312563.69540777,0.5821353166971741
4_medical,8838126.431528384,0.417864683302826
