d_most_recent_category,total,percentage
6_industrial_products_and_services,12312563.69540777,0.5817127712272984
4_medical,8853489.904259136,0.4182872287727016
