d_fiscal_year,total
2017-2018,3912835.473169175
2018-2019,3381762.2198424656
2019-2020,972893.275360097
2020-2021,88136.4850715823
