d_most_recent_category,total,percentage
11_defence,7695498.73,0.5720918401087912
5_transportation_and_logistics,5132572.47,0.38156108283232937
6_industrial_products_and_services,354322.90,0.026340754112389793
3_information_technology,197170.74,0.014657889683387494
10_office_management,48138.00,0.0035786318678872296
2_professional_services,23806.50,0.0017698013952149514
