d_most_recent_category,total,percentage
5_transportation_and_logistics,13094904.981311476,0.9534655653627966
6_industrial_products_and_services,354322.89999999997,0.025798941241011657
3_information_technology,197170.74,0.014356386041395539
10_office_management,48138,0.0035050216439858088
2_professional_services,23806.5,0.0017333976851457923
11_defence,15666.220000000001,0.0011406880256646175
