d_most_recent_category,total,percentage
5_transportation_and_logistics,12812404.981311476,0.952488278914752
6_industrial_products_and_services,354322.89999999997,0.026340754112389793
3_information_technology,197170.74,0.014657889683387494
10_office_management,48138,0.0035786318678872296
2_professional_services,23806.5,0.0017698013952149514
11_defence,15666.220000000001,0.0011646440263686126
