d_most_recent_category,total,percentage
10_office_management,4642107.213651428,0.5485256198978185
2_professional_services,2917786.9231646457,0.3447746480417275
1_facilities_and_construction,684885.8276454718,0.08092820908221965
9_human_capital,206955.02,0.02445443963522156
3_information_technology,11146.32,0.0013170833430127126
