d_most_recent_category,total,percentage
2_professional_services,7979093.01,0.7624784182193001
3_information_technology,2115143.29,0.20212210935821834
9_human_capital,206955.02,0.019776525487628906
1_facilities_and_construction,163489.15,0.015622946934852793
