d_fiscal_year,total
2017-2018,1637402.1785676302
2018-2019,2731846.9545233874
2019-2020,2638356.07714982
2020-2021,1347305.5342207074
