d_most_recent_category,total,percentage
2_professional_services,5973095.8519271845,0.7057993178727711
3_information_technology,2119341.2848888887,0.25042786358962565
9_human_capital,214422.98740172578,0.025336877558318604
1_facilities_and_construction,156021.180243746,0.018435940979284825
