d_fiscal_year,total
2017-2018,1008237.1902806297
2018-2019,1245017.1374753492
2019-2020,2700404.546704941
2020-2021,4124841.392205747
