d_fiscal_year,total
2017-2018,582754.5946755625
2018-2019,1827560.8246014048
2019-2020,2816940.1109593837
2020-2021,1001142.199987169
