d_most_recent_category,total,percentage
1_facilities_and_construction,5412771.70,0.7860523955735474
11_defence,1396125.00,0.20274777176906547
2_professional_services,77122.26,0.011199832657387072
