d_most_recent_category,total,percentage
1_facilities_and_construction,6917136.20,0.8205489302924229
11_defence,1396125.00,0.16561606460824194
2_professional_services,77122.26,0.009148668776000454
6_industrial_products_and_services,39505.29,0.004686336323334679
