owner_org,d_fiscal_year,total
dfo-mpo,2019-2020,2082091.811904426
dfo-mpo,2020-2021,3878219.8540477874
