d_fiscal_year,total
2017-2018,9109835.477054577
2018-2019,8334465.165629547
2019-2020,1053331.5251168325
2020-2021,115167.01377277797
