d_most_recent_category,total,percentage
3_information_technology,18409472.849327162,0.9877493398081588
11_defence,140743.19,0.007551492329128544
2_professional_services,38314.14224657534,0.002055722563003962
6_industrial_products_and_services,24973,0.0013399114936596729
1_facilities_and_construction,24295,0.0013035338060490029
