d_most_recent_category,total,percentage
2_professional_services,5637543.12,0.4258008753545822
3_information_technology,4547200.78,0.3434478516200053
1_facilities_and_construction,2640548.86,0.19943936425928435
11_defence,259080.75,0.019568242371394214
9_human_capital,155484.48,0.01174366639473396
