d_most_recent_category,total,percentage
1_facilities_and_construction,2432966.0402241377,0.31054350251271906
2_professional_services,2326888.2718550195,0.29700374849089795
10_office_management,2238360.203717609,0.28570403616628887
3_information_technology,836327.2490063466,0.10674871283009416
