d_most_recent_category,total,percentage
2_professional_services,3654304.60,0.4684279443382024
1_facilities_and_construction,1994063.37,0.25560950931268306
3_information_technology,1871344.77,0.23987879489338784
11_defence,259080.75,0.03321033040811447
9_human_capital,22416.16,0.0028734210476122186
