d_fiscal_year,total
2017-2018,16632540.921974866
2018-2019,14009757.80175211
2019-2020,11049847.051837396
2020-2021,9083875.136325264
