d_most_recent_category,total,percentage
1_facilities_and_construction,48334241.13779784,0.9405146561164749
2_professional_services,2659747.9241054747,0.05175486043248017
NA,330792.35998632014,0.006436742470240132
9_human_capital,41488,8.072966728021357e-4
10_office_management,24998.990000000005,4.864443080026482e-4
