d_most_recent_category,total,percentage
3_information_technology,8924413.97,0.672665626228039
2_professional_services,4142140.21,0.31220821320841263
11_defence,126109.13,0.00950530502014449
10_office_management,49715.48,0.003747237028935915
6_industrial_products_and_services,24857.74,0.0018736185144679575
