d_most_recent_category,total,percentage
10_office_management,9044167.923464406,0.6816919184672513
2_professional_services,4134935.387371614,0.3116651593390305
3_information_technology,63275.48,0.004769303679250284
6_industrial_products_and_services,24857.74,0.0018736185144679575
