d_most_recent_category,total,percentage
3_information_technology,11781975.26,0.7293205570317715
2_professional_services,4172070.44,0.2582569280572316
11_defence,126109.13,0.007806329494536248
10_office_management,49715.48,0.003077456944307101
6_industrial_products_and_services,24857.74,0.0015387284721535505
