d_fiscal_year,total
2017-2018,3022464.9068370606
2018-2019,1792052.4785698215
2019-2020,411560.36071671336
2020-2021,459288.7788764045
