d_most_recent_category,total,percentage
11_defence,1729933.87,0.41460246616018165
3_information_technology,1650073.9625721786,0.39546293999615634
2_professional_services,456385.84,0.10937914914897069
10_office_management,276677.34,0.06630953326247035
6_industrial_products_and_services,59441.24,0.014245911432220952
