d_fiscal_year,total
2017-2018,36810425.65026577
2018-2019,54004351.749527454
2019-2020,54955281.22759914
2020-2021,148711536.63097554
