d_most_recent_category,d_fiscal_year,total
2_professional_services,2017-2018,35032446.65026577
2_professional_services,2018-2019,52012052.01952745
2_professional_services,2019-2020,55628925.09005296
2_professional_services,2020-2021,135187562.14044705
3_information_technology,2017-2018,22431
9_human_capital,2020-2021,12430
