d_fiscal_year,total
2017-2018,34888649.00026577
2018-2019,52012052.01952745
2019-2020,55194081.31005296
2020-2021,137792760.4598472
