d_most_recent_category,total,percentage
2_professional_services,279852681.7896934,0.9998754464037501
3_information_technology,22431,8.014290231149937e-5
9_human_capital,12430,4.441069393838604e-5
