d_fiscal_year,total
2017-2018,35054877.65026577
2018-2019,52012052.01952745
2019-2020,55628925.09005296
2020-2021,135203824.17509273
