d_most_recent_category,total,percentage
2_professional_services,277864817.9349389,0.9998745554506087
3_information_technology,22431,8.071617817612334e-5
9_human_capital,12430,4.4728371215247346e-5
