d_most_recent_category,total,percentage
2_professional_services,276957685.81029326,0.9966240550175024
1_facilities_and_construction,915730.09,0.003295227691288803
3_information_technology,22431,8.07172912089185e-5
