d_most_recent_category,total,percentage
2_professional_services,277860985.90029323,0.9998745537207956
3_information_technology,22431,8.07172912089185e-5
9_human_capital,12430,4.4728987995490924e-5
