d_most_recent_category,total,percentage
11_defence,2396830.39,0.46048592716705333
3_information_technology,1332777.09,0.25605695542180296
2_professional_services,1280673.40,0.24604664534523207
1_facilities_and_construction,194721.60,0.03741047206591168
