d_fiscal_year,total
2017-2018,1521573.7289202136
2018-2019,1163885.679963841
2019-2020,1234313.6945147018
2020-2021,1285229.3797810744
