d_fiscal_year,total
2017-2018,1512478.041605145
2018-2019,1116711.4372789096
2019-2020,1234313.6945147018
2020-2021,1257394.0897810743
