d_most_recent_category,total,percentage
3_information_technology,3470899.7231986457,0.677791321484818
2_professional_services,1280673.4000000001,0.25008769639029305
1_facilities_and_construction,194721.6,0.038024898761411054
9_human_capital,174602.5399811853,0.03409608336347789
