d_fiscal_year,total
2017-2018,2953249.36557701
2018-2019,3705034.693828538
2019-2020,880680.6905944519
