d_fiscal_year,total
2017-2018,1831069.3249607536
2018-2019,22408.16326530612
2019-2020,16985722.30827021
2020-2021,26169266.773542084
