owner_org,d_fiscal_year,total
dnd-mdn,2017-2018,1831069.3249607536
dnd-mdn,2018-2019,22408.16326530612
dnd-mdn,2019-2020,9096475.78427358
dnd-mdn,2020-2021,14019161.367386943
