d_fiscal_year,total
2019-2020,7398514.3741078535
2020-2021,8566146.664714735
