category,total,percentage
6_industrial_products_and_services,30448466.647395425,0.4496751720719827
3_information_technology,18349923.2334217,0.2709990287212841
1_facilities_and_construction,15755618.023421697,0.2326852884852456
2_professional_services,3158128.63,0.04664051072148763
