d_fiscal_year,total
2017-2018,8188766.7999940505
2018-2019,9339841.437514117
2019-2020,9484543.523131428
2020-2021,9197975.864548031
