category,total,percentage
3_information_technology,30523320.687540263,0.7014994444967807
2_professional_services,7544687.833115315,0.17339510264990501
9_human_capital,2370798.648486787,0.054486664539290734
10_office_management,2217806.6434677215,0.050970539684070344
6_industrial_products_and_services,586300.2135416666,0.013474591389255785
5_transportation_and_logistics,177135.68,0.004071004671889554
8_security_and_protection,91489.65,0.002102652568807934
