d_most_recent_category,total,percentage
3_information_technology,26507590.130008455,0.693008315683367
2_professional_services,7433451.02576864,0.1943384272133786
10_office_management,2217806.6434677215,0.05798182478915736
9_human_capital,1799762.4859428087,0.04705257486237348
5_transportation_and_logistics,177135.68,0.004630994316803581
8_security_and_protection,91489.65,0.0023918842843878136
6_industrial_products_and_services,22796.21,5.959788505323205e-4
