d_most_recent_category,total,percentage
3_information_technology,30523320.687540263,0.7199567734666759
2_professional_services,7544687.833115315,0.17795734496739374
10_office_management,2217806.6434677215,0.05231163842064433
9_human_capital,1799762.4859428087,0.0424511869350663
5_transportation_and_logistics,177135.68,0.004178117903491537
8_security_and_protection,91489.65,0.0021579759913371178
6_industrial_products_and_services,41843.3,9.869623153910463e-4
