d_fiscal_year,total
2017-2018,1217856.3027777788
2018-2019,1835691.1278657916
2019-2020,2326213.1864168216
2020-2021,3399110.313054081
