d_fiscal_year,total
2017-2018,1217856.3027777788
2018-2019,1835691.1278657916
2019-2020,2329763.0861433484
2020-2021,3404420.6138745006
