d_most_recent_category,total,percentage
2_professional_services,5015215.041275268,0.5712824668684212
3_information_technology,1370803.1244602592,0.15614799845820085
9_human_capital,1329665.1632960914,0.15146197886733856
10_office_management,1046011.6010828544,0.11915103996969399
11_defence,17176,0.001956515836345259
