d_most_recent_category,total,percentage
2_professional_services,4581867.315905943,0.5219198860970378
3_information_technology,1804150.849829585,0.2055105792295843
9_human_capital,1329665.1632960914,0.15146197886733856
10_office_management,1046011.6010828544,0.11915103996969399
11_defence,17176,0.001956515836345259
