d_fiscal_year,total
2017-2018,2609265.3392953845
2018-2019,3229012.1992685506
2019-2020,1719670.512347512
2020-2021,1256356.6404924276
