d_most_recent_category,total,percentage
2_professional_services,28773423.38707134,0.9508306193699506
NA,1441262.4066521265,0.04762715956167462
9_human_capital,46669.7,0.0015422210683748055
