d_most_recent_category,total,percentage
2_professional_services,28773423.39,0.9503139367909015
NA,1441262.41,0.04760127890203472
9_human_capital,63122.70,0.0020847843070638753
