d_most_recent_category,total,percentage
2_professional_services,32369643.74,0.8833841963695506
NA,4210003.35,0.11489315273997298
9_human_capital,63122.70,0.0017226508904763518
