d_most_recent_category,total,percentage
3_information_technology,3988899.91,0.7794990890589873
2_professional_services,631160.6051025991,0.12333954920603542
10_office_management,497200,0.09716136173497733
