d_most_recent_category,total,percentage
3_information_technology,3988899.91,0.7634706840635386
2_professional_services,582191.87,0.11143082936997803
11_defence,497200.00,0.09516348684627471
9_human_capital,156401.18,0.02993499972020868
