d_fiscal_year,total
2017-2018,216333.59103825135
2018-2019,365858.27896174864
2019-2020,248415.1189488116
2020-2021,4286653.526153787
