d_most_recent_category,total,percentage
3_information_technology,3988899.91,0.7794990890589872
2_professional_services,582191.87,0.11377022300931794
11_defence,497200.00,0.0971613617349773
9_human_capital,48968.74,0.009569326196717458
