owner_org,d_fiscal_year,total
csc-scc,2017-2018,1212797.1605674275
csc-scc,2018-2019,1179850.0609165123
csc-scc,2019-2020,1181798.7258163798
csc-scc,2020-2021,1162446.927549122
