d_most_recent_category,total,percentage
4_medical,4650571.941056338,0.9817768870705469
2_professional_services,86320.93379310345,0.01822311292945317
