d_most_recent_category,total,percentage
4_medical,5804924.27,0.9853475910867935
2_professional_services,86320.93,0.014652408913206565
