d_most_recent_category,total,percentage
5_transportation_and_logistics,50719097.99645178,0.879669032341681
1_facilities_and_construction,6822217.9399999995,0.11832414397676583
9_human_capital,48330.14,8.382350863123041e-4
11_defence,36608.920000000006,6.349429406991216e-4
6_industrial_products_and_services,18963.7,3.28905289872958e-4
2_professional_services,11804.720000000001,2.0474036466876743e-4
