d_most_recent_category,total,percentage
5_transportation_and_logistics,50719097.99645178,0.879669032341681
1_facilities_and_construction,6822217.9399999995,0.11832414397676583
9_human_capital,48330.14,8.382350863123041e-4
11_defence,36608.920000000006,6.349429406991216e-4
6_industrial_products_and_services,30768.420000000002,5.336456545417254e-4
