d_fiscal_year,total
2017-2018,45582737.02475
2018-2019,849817.0089041096
2019-2020,2988937.4474002384
2020-2021,8235531.935397435
