d_most_recent_category,total,percentage
5_transportation_and_logistics,57506923.13645178,0.9973966696318012
9_human_capital,69760.83,0.001209927704663549
1_facilities_and_construction,34392.8,5.965066866456795e-4
6_industrial_products_and_services,30768.420000000002,5.336456545417254e-4
2_professional_services,15178.230000000001,2.632503223478766e-4
NA,0,0
