d_most_recent_category,total,percentage
1_facilities_and_construction,5171032.79,0.5910597910915506
2_professional_services,2382791.30,0.2723579965886536
6_industrial_products_and_services,1166494.17,0.1333327071258257
10_office_management,28429.10,0.0032495051939700746
