d_fiscal_year,total
2017-2018,1441247.377348454
2018-2019,1510309.8194611885
2019-2020,1462217.0652160314
2020-2021,1775654.4075965744
