d_fiscal_year,total
2017-2018,467160.3875
2018-2019,560028.4475
2019-2020,4590988.774459459
2020-2021,3354193.656191018
