d_most_recent_category,total,percentage
5_transportation_and_logistics,8205124.91,0.9144878953398728
6_industrial_products_and_services,263019.91,0.029314425608638877
11_defence,187267.69,0.0208715939694704
1_facilities_and_construction,175707.62,0.019583186597560323
9_human_capital,141251.13,0.01574289848445762
