d_most_recent_category,total,percentage
3_information_technology,5398535.969870282,0.8497011706984607
2_professional_services,941195.5015315316,0.1481392221837291
10_office_management,13720.96109589041,0.002159607117810175
