d_most_recent_category,total,percentage
3_information_technology,5867201.2660346655,0.8600263876104797
2_professional_services,941195.5015315316,0.13796236578815435
10_office_management,13720.96109589041,0.0020112466013660077
