d_most_recent_category,total,percentage
3_information_technology,3460078.1281429236,0.8532413747520067
2_professional_services,595137.9344262294,0.14675862524799335
