d_most_recent_category,total,percentage
5_transportation_and_logistics,31036112.76,0.8599152126750064
2_professional_services,4178805.8925,0.11578185662503396
1_facilities_and_construction,391016.19,0.010833855798351619
6_industrial_products_and_services,306811.36,0.008500798986190689
10_office_management,179315.32,0.004968275915417405
