d_fiscal_year,total
2017-2018,7897993.962336065
2018-2019,11225671.200163934
2019-2020,15349462.81
2020-2021,1618933.55
