d_most_recent_category,total,percentage
1_facilities_and_construction,6975535.889031836,0.8325775690242594
2_professional_services,1356705.548828213,0.1619320186569772
6_industrial_products_and_services,46000,0.005490412318763305
