d_most_recent_category,d_fiscal_year,total
1_facilities_and_construction,2017-2018,667551.0013734691
1_facilities_and_construction,2018-2019,1499802.4513523632
1_facilities_and_construction,2019-2020,2905122.025777473
1_facilities_and_construction,2020-2021,2423436.353574746
2_professional_services,2017-2018,1927.8511271415687
2_professional_services,2018-2019,127297.44053003516
2_professional_services,2019-2020,1198346.364696612
2_professional_services,2020-2021,407977.94247442426
6_industrial_products_and_services,2017-2018,46000
