d_fiscal_year,total
2017-2018,715478.8525006108
2018-2019,1627099.8918823984
2019-2020,4082352.2774515236
2020-2021,2487222.8060255167
