d_most_recent_category,total,percentage
1_facilities_and_construction,7495911.832078051,0.8079701422532151
2_professional_services,1735549.598828213,0.1870716048515738
6_industrial_products_and_services,46000,0.004958252895211067
