d_most_recent_category,total,percentage
6_industrial_products_and_services,7005620.26,0.9749692189157104
11_defence,86039.74,0.011974114012198377
3_information_technology,48878.30,0.006802372292082188
1_facilities_and_construction,31662.60,0.004406470699920863
10_office_management,13277.50,0.0018478240800881562
