d_most_recent_category,total,percentage
3_information_technology,97595426.44054493,0.9388454648683471
9_human_capital,6038630.320683362,0.058090229197818255
NA,173448.05695890414,0.0016685302539796419
8_security_and_protection,65878.97,6.337404781194022e-4
6_industrial_products_and_services,52376.52,5.038500272094483e-4
5_transportation_and_logistics,15055.44,1.4482985608150784e-4
1_facilities_and_construction,11783.58,1.133553184446907e-4
