d_fiscal_year,total
2017-2018,25030592.802813075
2018-2019,27143082.628789756
2019-2020,32729386.833309315
2020-2021,43383725.573857434
