d_fiscal_year,total
2017-2018,13307820.505568344
2018-2019,15422140.839958102
2019-2020,27949450.83961665
2020-2021,43402667.898576
