d_most_recent_category,total,percentage
3_information_technology,142806509.38,0.9695937329572036
9_human_capital,3008580.13,0.020426943065297628
11_defence,1104244.06,0.007497334154075135
NA,213160.07,0.0014472636358089596
8_security_and_protection,65878.97,4.472893898259151e-4
6_industrial_products_and_services,52376.52,3.5561366050508743e-4
1_facilities_and_construction,19088.61,1.2960328516453294e-4
5_transportation_and_logistics,15055.44,1.0221985211913112e-4
