d_most_recent_category,total,percentage
3_information_technology,97765198.18656367,0.9768501824180978
9_human_capital,1998339.3301965129,0.019967004368063628
NA,173448.05695890414,0.0017330580740709436
8_security_and_protection,65878.97,6.582494083345586e-4
6_industrial_products_and_services,52376.52,5.233356456639072e-4
5_transportation_and_logistics,15055.44,1.5043092616986038e-4
1_facilities_and_construction,11783.58,1.177391595992308e-4
