d_fiscal_year,total
2017-2018,13307820.505568344
2018-2019,15420310.331545023
2019-2020,27815457.62377933
2020-2021,43368719.87680765
