d_fiscal_year,total
2017-2018,7843120.810573838
2018-2019,15029843.987815863
2019-2020,17084925.004440013
2020-2021,5772286.247815862
