d_fiscal_year,total
2017-2018,7649853.129445984
2018-2019,15028830.469445983
2019-2020,8825315.666841725
2020-2021,5796049.551911737
