owner_org,d_fiscal_year,total
csc-scc,2017-2018,7985407.528389701
csc-scc,2018-2019,15172130.705631725
csc-scc,2019-2020,17227601.54888003
csc-scc,2020-2021,5914572.965631725
