category,total,percentage
2_professional_services,45730176.050645575,0.9876989150887194
4_medical,569536.6978876046,0.012301084911280536
