d_fiscal_year,total
2017-2018,22089703.175219752
2018-2019,6574183.381088826
2019-2020,19802810.863786187
2020-2021,32656681.679709516
