d_most_recent_category,total,percentage
9_human_capital,5870421.20383037,0.9818215086870721
6_industrial_products_and_services,61517.87930263746,0.010288797851291286
2_professional_services,47173.364383561646,0.007889693461636628
