d_fiscal_year,total
2017-2018,63551.209712126685
2018-2019,16377.845328565043
2019-2020,2523101.7859051265
2020-2021,3376081.6065707505
