d_most_recent_category,total,percentage
2_professional_services,5917594.568213931,0.9897112021487087
11_defence,61517.87930263746,0.010288797851291286
