d_fiscal_year,total
2018-2019,3150055.4684297517
2019-2020,1053878.851570248
