owner_org,d_fiscal_year,total
pc,2018-2019,3150055.4684297517
pc,2019-2020,1053878.851570248
