d_fiscal_year,total
2017-2018,3313071.014845832
2018-2019,2228865.8346298533
2019-2020,1338080.1126253696
2020-2021,101381.04937991887
