d_most_recent_category,total,percentage
11_defence,178844618.34,0.6317554176453809
3_information_technology,90702537.36,0.32040002045330374
2_professional_services,13257747.70,0.046832015470786324
6_industrial_products_and_services,185985.91,6.56981503503687e-4
9_human_capital,100657.43,3.555649270252687e-4
