d_most_recent_category,total,percentage
3_information_technology,56425759.57835995,0.5005159168240617
11_defence,23978793.023139775,0.21270015085298136
10_office_management,20111800.00605239,0.17839859125036991
2_professional_services,11972464.319968617,0.10619988105664117
6_industrial_products_and_services,185985.91,0.0016497590631585986
9_human_capital,60392.35147540984,5.357009527873211e-4
