d_most_recent_category,total,percentage
3_information_technology,100256391.49694039,0.8928405268739529
2_professional_services,11954175.269968616,0.10645877022920856
9_human_capital,78681.40147540985,7.007028968385504e-4
