d_most_recent_category,total,percentage
3_information_technology,100063936.03049834,0.8911266008340042
2_professional_services,11814780.515870256,0.10521738019078451
6_industrial_products_and_services,325380.66409836063,0.0028977009767705716
9_human_capital,78681.40147540985,7.007028968385504e-4
NA,6469.556442048518,5.761510160213231e-5
