d_most_recent_category,total,percentage
10_office_management,4317191.13,0.9986698870451655
1_facilities_and_construction,5749.999999999999,0.0013301129548345246
