d_fiscal_year,total
2017-2018,1453965.3199999998
2018-2019,656144.1895305164
2019-2020,20631.62046948357
2020-2021,2192200
