d_fiscal_year,total
2017-2018,5565186.982747913
2018-2019,1672210.7526895034
