d_fiscal_year,total
2017-2018,7066549.565
2018-2019,5328696.375
2019-2020,3582442.5418781727
2020-2021,3859276.7081218273
