d_most_recent_category,d_fiscal_year,total
11_defence,2017-2018,7191289.565
11_defence,2018-2019,5043696.375
11_defence,2019-2020,3601592.5418781727
11_defence,2020-2021,3859276.7081218273
