d_fiscal_year,total
2017-2018,3899527.5568164457
2018-2019,3095761.056610414
2019-2020,558534.7863399793
2020-2021,366329.2268072289
