d_fiscal_year,total
2017-2018,436033.764198895
2018-2019,521917.5586623353
2019-2020,2041933.8282832617
2020-2021,1458397.489192435
