d_most_recent_category,total,percentage
1_facilities_and_construction,4063620.7584501347,0.9127117497095537
10_office_management,238995,0.05367960190877431
3_information_technology,149634.1,0.033608648381672115
