d_fiscal_year,total
2017-2018,1645979.247147816
2018-2019,526519.5352066517
2019-2020,1331975.1506508149
2020-2021,3351290.28679485
