d_most_recent_category,total,percentage
5_transportation_and_logistics,6348980.92175502,0.9260792405051691
2_professional_services,506783.2980451128,0.07392075949483093
