d_most_recent_category,total,percentage
5_transportation_and_logistics,4795555.44,0.8532117873295203
6_industrial_products_and_services,734380.54,0.13065892802871626
9_human_capital,46143.95,0.008209802294067706
3_information_technology,21425.25,0.0038119204489640386
11_defence,12586.93,0.002239431318499384
1_facilities_and_construction,10500.00,0.0018681305802323149
