d_most_recent_category,total,percentage
3_information_technology,4323531.131940398,0.618372071325607
10_office_management,1976753.507014028,0.28272472738824106
11_defence,540260.3223455509,0.07727061154152547
1_facilities_and_construction,82851.11594991834,0.011849762293395533
5_transportation_and_logistics,68399.53,0.009782827451230913
