d_most_recent_category,total,percentage
3_information_technology,4266830.15,0.5922329215523383
10_office_management,1976753.51,0.2743719489549772
11_defence,742605.60,0.10307311746126961
1_facilities_and_construction,218459.44,0.03032201203141485
