d_most_recent_category,total,percentage
10_office_management,4440369.520461275,0.6350828556625698
3_information_technology,1738983.1184931507,0.24871767084981342
11_defence,661192.3223455509,0.09456688374299027
1_facilities_and_construction,151250.64594991834,0.021632589744626448
