d_most_recent_category,total,percentage
3_information_technology,9406215.030821227,0.6594930574623116
2_professional_services,2932686.6911821654,0.20561793518533855
9_human_capital,817057.8105265222,0.05728594889889026
10_office_management,609087.0055807526,0.04270460012394001
6_industrial_products_and_services,492178.8883036196,0.03450788216112223
5_transportation_and_logistics,5570.708264915162,3.905761683973237e-4
