d_fiscal_year,total
2017-2018,2025686.1077611907
2018-2019,2727931.6848806865
2019-2020,2417266.358648973
2020-2021,2755363.9948391262
