d_most_recent_category,total,percentage
5_transportation_and_logistics,6074932.997327189,0.9983561322117683
10_office_management,10002.83,0.0016438677882316712
