d_most_recent_category,total,percentage
2_professional_services,6015042.5173271885,0.9885137145266
11_defence,59890.48,0.009842417685168412
10_office_management,10002.83,0.0016438677882316714
