d_fiscal_year,total
2017-2018,69893.31
2019-2020,1270820.5961073826
2020-2021,4744221.921219806
