d_most_recent_category,total,percentage
11_defence,6074933.00,0.9983561322117683
10_office_management,10002.83,0.0016438677882316712
