d_fiscal_year,total
2017-2018,1608036.3040758295
2018-2019,2562861.713118729
2019-2020,893805.546881271
2020-2021,197977.68000000002
