d_fiscal_year,total
2017-2018,2875037.1747835497
2018-2019,2875037.1747835497
