d_fiscal_year,total
2017-2018,2823890.8367983163
2018-2019,2197439.8118606596
2019-2020,2186203.418304245
2020-2021,20609765.04377412
