d_most_recent_category,total,percentage
2_professional_services,22912995.95537805,0.8236959261991668
5_transportation_and_logistics,4394680.58535929,0.15798372688392903
6_industrial_products_and_services,482604.57999999996,0.017349081162725714
7_travel,27017.99,9.71265754178528e-4
