d_most_recent_category,total,percentage
2_professional_services,159081532.86537805,0.9697021871230073
5_transportation_and_logistics,4460792.655359291,0.027191342177125627
6_industrial_products_and_services,482604.57999999996,0.0029417790255868875
7_travel,27017.99,1.646916742802488e-4
