d_most_recent_category,total,percentage
4_medical,8810644.790380048,0.9995310615136002
6_industrial_products_and_services,4133.588831097728,4.6893848639988756e-4
