d_most_recent_category,total,percentage
10_office_management,9124297.638410307,0.535664520219491
9_human_capital,6864307.5590921845,0.4029861980610229
3_information_technology,984726.4904750073,0.05781081064773544
2_professional_services,60272.91714285715,0.0035384710717506567
