d_most_recent_category,total,percentage
2_professional_services,10934003.752156284,0.49262303974090565
10_office_management,9141722.038410308,0.41187318031969755
9_human_capital,1063227.634779861,0.04790289460788747
3_information_technology,1033673.3945845963,0.04657135128924237
1_facilities_and_construction,22851,0.001029534042266948
