d_fiscal_year,total
2017-2018,4296852.158695837
2018-2019,3764442.6152667785
2019-2020,5141331.259998929
2020-2021,3830978.571158814
