owner_org,d_fiscal_year,total
dnd-mdn,2017-2018,205307.60551686992
dnd-mdn,2018-2019,1306673.2134221394
dnd-mdn,2019-2020,1441862.251810345
pc,2019-2020,408523.24394009216
pc,2020-2021,987532.5660599079
pwgsc-tpsgc,2019-2020,132954.50467105262
pwgsc-tpsgc,2020-2021,1260775.4753289474
