d_fiscal_year,total
2017-2018,205307.60551686992
2018-2019,1306673.2134221394
2019-2020,1983340.0004214898
2020-2021,2248308.0413888553
