d_fiscal_year,total
2017-2018,21612702.37433962
2018-2019,13435859.318333333
2019-2020,4471196.201666667
2020-2021,4200900.269910715
