d_fiscal_year,total
2017-2018,21812476.46433962
2018-2019,14425447.63
2019-2020,4445387.76
2020-2021,4200900.269910715
