d_most_recent_category,total,percentage
11_defence,27200795.72,0.5629948922765681
5_transportation_and_logistics,21024369.88,0.4351568600278184
1_facilities_and_construction,89297.09,0.001848247695613604
