d_most_recent_category,total,percentage
5_transportation_and_logistics,43600390.93991072,0.9979561059289409
NA,89297.09433962264,0.0020438940710590233
10_office_management,0,0
