d_most_recent_category,total,percentage
11_defence,27089887.7,0.6035504783955804
2_professional_services,17456886.359910715,0.38893155374067473
1_facilities_and_construction,200205.11433962264,0.004460479640043731
5_transportation_and_logistics,137232.95,0.003057488223701155
