d_most_recent_category,total,percentage
3_information_technology,8818674.073227482,0.8844519425812569
10_office_management,1152104.0421897809,0.11554805741874309
