d_most_recent_category,total,percentage
1_facilities_and_construction,4136406.301174945,0.7396093427640923
2_professional_services,1456284.4100000001,0.2603906572359077
