d_fiscal_year,total
2017-2018,824843.8662102094
2018-2019,1415506.8467435322
2019-2020,2168068.875311099
2020-2021,1184271.1229101047
