d_fiscal_year,total
2017-2018,3690912.5643999996
2018-2019,2615632.794632911
2019-2020,922637.5953670886
