owner_org,d_fiscal_year,total
nrc-cnrc,2017-2018,3690912.5643999996
nrc-cnrc,2018-2019,2615632.794632911
nrc-cnrc,2019-2020,922637.5953670886
pc,2018-2019,461115.62700000004
pc,2019-2020,197620.983
pwgsc-tpsgc,2018-2019,1715887.1800000002
