d_most_recent_category,total,percentage
1_facilities_and_construction,7887919.5644,0.8213326001170799
2_professional_services,1715887.1800000002,0.17866739988292013
