d_fiscal_year,total
2017-2018,136822.11086875302
2018-2019,71548.94629996193
2019-2020,541430048.1897297
2020-2021,42375
