owner_org,d_fiscal_year,total
dfo-mpo,2017-2018,343060.281369863
dfo-mpo,2018-2019,117010.97
dfo-mpo,2019-2020,541459599.4
dfo-mpo,2020-2021,42375
pc,2017-2018,8142.631267605633
pc,2018-2019,14529.008732394364
