d_most_recent_category,d_fiscal_year,total
10_office_management,2019-2020,10261.44
10_office_management,2020-2021,1368.08
2_professional_services,2017-2018,1105186.880020089
2_professional_services,2018-2019,1703722.229327419
2_professional_services,2019-2020,1226157.7912710155
2_professional_services,2020-2021,1297386.647579018
