d_fiscal_year,total
2017-2018,1105186.880020089
2018-2019,1703722.229327419
2019-2020,1236419.2312710155
2020-2021,1298754.727579018
