d_fiscal_year,total
2017-2018,536660.2154605263
2018-2019,2228504.2845394737
2019-2020,549847.3282442748
2020-2021,2390152.6717557255
