d_most_recent_category,d_fiscal_year,total
2_professional_services,2017-2018,536660.2154605263
2_professional_services,2018-2019,2228504.2845394737
2_professional_services,2019-2020,549847.3282442748
2_professional_services,2020-2021,2426005.13750915
