d_fiscal_year,total
2017-2018,1436631.11625459
2018-2019,2132434.8825173397
2019-2020,1499630.2712280701
2020-2021,10007.130000000001
