category,total,percentage
3_information_technology,30151874.73224157,0.9985121431687751
9_human_capital,44928.520000000004,0.0014878568312248373
