d_most_recent_category,total,percentage
3_information_technology,36900433.73,0.9981063407944195
9_human_capital,44928.52,0.0012152551112565425
11_defence,25080.90,6.78404094323922e-4
