d_most_recent_category,total,percentage
2_professional_services,4204721.113435115,0.7528018847618152
8_security_and_protection,1380707.4017518247,0.24719811523818483
