d_fiscal_year,total
2017-2018,419273.022769478
2018-2019,432197.90238836966
2019-2020,366260.8388746789
2020-2021,4367696.751154413
