d_fiscal_year,total
2017-2018,1646778778.506329
2018-2019,1362148783.0400388
2019-2020,2014297684.0076518
2020-2021,1389133158.5190444
