d_fiscal_year,total
2017-2018,1647772910.0158231
2018-2019,1364008257.2703886
2019-2020,2017888061.8342817
2020-2021,1391104530.4235663
