d_fiscal_year,total
2017-2018,1172460225.6109343
2018-2019,1112338351.5487995
2019-2020,1966595387.6408815
2020-2021,1411123862.339782
