d_fiscal_year,total
2017-2018,2240451.8019337645
2018-2019,2909326.3687471356
2019-2020,3193216.790873536
2020-2021,3603156.908659909
