d_most_recent_category,total,percentage
4_medical,7041111.630658108,0.5894041618718993
2_professional_services,4094864.251043344,0.3427768452578589
6_industrial_products_and_services,638929.37,0.05348411580075919
10_office_management,144848.27,0.01212509865717964
1_facilities_and_construction,26398.34851289297,0.0022097784123030167
