d_fiscal_year,total
2017-2018,1868167.7400629204
2018-2019,2858196.5439403486
2019-2020,3193216.790873536
2020-2021,3603156.908659909
