d_most_recent_category,total,percentage
2_professional_services,5254319.571845344,0.4559957519951016
4_medical,5245447.7348370105,0.4552258102485298
6_industrial_products_and_services,605422.65,0.0525415618115249
1_facilities_and_construction,289314.6668543582,0.02510815287718257
10_office_management,128233.36,0.01112872306766112
