d_fiscal_year,total
2017-2018,1117384.1730066023
2018-2019,1584325.7320975114
2019-2020,3344355.293184095
2020-2021,3393176.800411639
