owner_org,d_fiscal_year,total
csc-scc,2017-2018,1975492.1366666667
csc-scc,2018-2019,1193272.1366666667
csc-scc,2019-2020,1309853.7916221763
csc-scc,2020-2021,1306274.956125941
