d_most_recent_category,d_fiscal_year,total
4_medical,2017-2018,1975492.1366666667
4_medical,2018-2019,1193272.1366666667
4_medical,2019-2020,1309853.7916221763
4_medical,2020-2021,1306274.956125941
