d_most_recent_category,total,percentage
10_office_management,3850428.707405564,0.6295481437636766
3_information_technology,1870756.3484724776,0.30587014488797604
6_industrial_products_and_services,201821.0588717616,0.03299790299733875
2_professional_services,186928.2781764088,0.03056292155638739
5_transportation_and_logistics,6243.925679012345,0.0010208867946211635
