d_most_recent_category,total,percentage
10_office_management,3850428.707405564,0.6295481437636766
3_information_technology,1870756.3484724776,0.30587014488797604
2_professional_services,312772.01121133094,0.05113847159424509
6_industrial_products_and_services,75977.32583683947,0.012422352959481055
5_transportation_and_logistics,6243.925679012345,0.0010208867946211635
