d_most_recent_category,total,percentage
10_office_management,3915778.672208106,0.6395576676712865
3_information_technology,1869388.172708282,0.3053240848863935
6_industrial_products_and_services,144296.75116468547,0.02356775021081315
2_professional_services,138302.89817640884,0.022588784094889874
9_human_capital,36040,0.0058863537171970634
5_transportation_and_logistics,18829.305679012345,0.0030753594194199247
