d_fiscal_year,total
2017-2018,1208409.3512572935
2018-2019,1318313.1315094773
2019-2020,1622608.669515237
2020-2021,1973304.6476544868
