d_fiscal_year,total
2017-2018,1207714.5245131073
2018-2019,1316741.3908118028
2019-2020,1621181.3968851
2020-2021,2102429.00042161
