d_fiscal_year,total
2017-2018,1211965.7245131074
2018-2019,1320992.5908118028
2019-2020,1622608.669515237
2020-2021,1973304.6476544868
