d_most_recent_category,total,percentage
6_industrial_products_and_services,8841415.459999999,0.810397676412497
1_facilities_and_construction,1410165.2290460526,0.12925471381214992
2_professional_services,594310.2457925047,0.054474042582587326
3_information_technology,64080.45,0.00587356719276567
