d_fiscal_year,total
2017-2018,1543873.3128726454
2018-2019,3144556.210676355
2019-2020,3089659.943855237
2020-2021,3054745.7674343195
