d_most_recent_category,total,percentage
6_industrial_products_and_services,8151025.749999999,0.7524369727129405
1_facilities_and_construction,1348792.7290460526,0.12450966896536148
2_professional_services,1333016.7557925049,0.12305335832169804
