d_fiscal_year,total
2017-2018,1543873.3128726454
2018-2019,3205928.710676355
2019-2020,3089659.943855237
2020-2021,3070509.4174343194
