d_fiscal_year,total
2017-2018,1025423.6920968636
2018-2019,2370386.328509871
2019-2020,2696847.8548082616
2020-2021,1511367.205623965
