d_fiscal_year,total
2017-2018,5108255.084339622
2018-2019,4279408.845660377
2019-2020,13148954.440000001
2020-2021,3035582.6550000003
