d_fiscal_year,total
2017-2018,3155122.247438686
2018-2019,6140144.5862551145
2019-2020,3834107.0315247606
2020-2021,5623409.499907604
