d_most_recent_category,total,percentage
3_information_technology,10142219.099036925,0.5435455418868438
6_industrial_products_and_services,4269855.344221444,0.22883166042761416
11_defence,3496885.9360205363,0.18740639917661134
8_security_and_protection,505369.61163398693,0.02708395438181996
9_human_capital,151008.81,0.008092919770282966
2_professional_services,46721.96555555556,0.0025039407882959637
10_office_management,31592.399999999998,0.0016931115380002504
1_facilities_and_construction,15720,8.424720305315183e-4
