d_most_recent_category,total,percentage
3_information_technology,13282239.629036926,0.7082809719722672
6_industrial_products_and_services,4531198.654455254,0.2416280594848523
8_security_and_protection,505369.61163398693,0.02694904547203395
5_transportation_and_logistics,232552.99,0.012400985254939269
9_human_capital,169830.08,0.009056259899841134
10_office_management,31592.399999999998,0.0016846779160661117
