d_most_recent_category,total,percentage
3_information_technology,10142219.099036925,0.5435455418868438
6_industrial_products_and_services,4297756.0397769995,0.2303269247811721
11_defence,3496885.9360205363,0.18740639917661134
8_security_and_protection,505369.61163398693,0.02708395438181996
9_human_capital,151008.81,0.008092919770282966
10_office_management,31592.399999999998,0.0016931115380002504
2_professional_services,18821.27,0.0010086764347380375
1_facilities_and_construction,15720,8.424720305315183e-4
