d_fiscal_year,total
2017-2018,1085469.350102039
2018-2019,1305355.1767832302
2019-2020,2967096.1815750357
2020-2021,3848700.469116888
