d_most_recent_category,total,percentage
7_travel,2867151.99,0.3805651087267535
5_transportation_and_logistics,2718844.69,0.3608798656889502
2_professional_services,1947936.21,0.25855502558429644
