d_fiscal_year,total
2017-2018,1329429.46
2018-2019,3087035.1
2019-2020,1403352.953032787
2020-2021,1714115.3784836065
