d_fiscal_year,total
2017-2018,5535.869999999999
2018-2019,3291745.86086758
2019-2020,2684796.986584475
2020-2021,195353.1
