category,total,percentage
3_information_technology,71243277.79150082,0.9562584202263908
2_professional_services,2254472.738164184,0.030260518688508993
NA,737463.6607447478,0.009898559654455893
6_industrial_products_and_services,166356.0603426249,0.0022329037684633663
9_human_capital,100547.88446280993,0.0013495976621808769
