d_fiscal_year,total
2017-2018,26608073.91283905
2018-2019,20036952.226424947
2019-2020,12879459.074760575
2020-2021,14977632.921190623
