d_most_recent_category,total,percentage
3_information_technology,71163604.79150084,0.9562115926479772
2_professional_services,2254472.738164184,0.03029291410767439
NA,737463.6607447478,0.009909156564325174
6_industrial_products_and_services,166356.0603426249,0.002235294205133668
9_human_capital,100547.88446280993,0.00135104247488951
