d_fiscal_year,total
2017-2018,25577679.297984082
2018-2019,19057267.77146246
2019-2020,11909457.335034959
2020-2021,15227239.239098653
