d_most_recent_category,total,percentage
3_information_technology,68543282.1136862,0.9589930670091839
2_professional_services,2240469.2617532252,0.03134653641628743
NA,371507.61999999994,0.005197784829301957
6_industrial_products_and_services,190440.105539926,0.0026644586495052002
9_human_capital,100547.88446280993,0.0014067713294257586
5_transportation_and_logistics,27973.706739130434,3.913817662959218e-4
