d_most_recent_category,total,percentage
3_information_technology,68518792.99327125,0.9562051716034925
2_professional_services,2240469.2617532252,0.03126657959543272
NA,630832.7665841639,0.008803505249778014
6_industrial_products_and_services,166356.0603426249,0.0023215605278222255
9_human_capital,100547.88446280993,0.0014031830234746106
