d_fiscal_year,total
2017-2018,26608073.91283905
2018-2019,20005344.606725905
2019-2020,12839568.07886454
2020-2021,14969458.5367857
