d_fiscal_year,total
2017-2018,25577679.297984082
2018-2019,19057267.77146246
2019-2020,12044831.933586126
2020-2021,15380216.726625513
