d_fiscal_year,total
2017-2018,25616876.29869546
2018-2019,19094911.620424535
2019-2020,12090466.655367274
2020-2021,14878042.259022692
