d_most_recent_category,total,percentage
3_information_technology,68406222.47578986,0.9573553236524462
2_professional_services,2240469.2617532252,0.031355702706405725
NA,371507.61999999994,0.0051993047549194205
10_office_management,225725.02773764037,0.0031590555532094652
9_human_capital,100547.88446280993,0.0014071826946229966
6_industrial_products_and_services,80880.48,0.0011319344250440009
5_transportation_and_logistics,27973.706739130434,3.914962133521846e-4
