d_most_recent_category,total,percentage
3_information_technology,58322201.74737106,0.812607859964872
11_defence,10924318.62759985,0.15220939737496195
2_professional_services,1001237.9621441865,0.013950327891560635
10_office_management,885473.7416596117,0.01233737583128091
NA,371507.61999999994,0.005176245117708555
6_industrial_products_and_services,166356.0603426249,0.0023178521752790482
9_human_capital,100547.88446280993,0.0014009416443370498
