d_most_recent_category,total,percentage
3_information_technology,7396063.40,0.9687365814348367
2_professional_services,220622.86,0.02889718841325645
9_human_capital,18065.58,0.002366230151906898
