d_fiscal_year,total
2017-2018,1961355.3047789012
2018-2019,1970544.2636829817
2019-2020,2164392.14848821
2020-2021,1538460.1204573165
