owner_org,d_fiscal_year,total
dnd-mdn,2018-2019,142524.44636003903
dnd-mdn,2019-2020,2498599.5946596595
dnd-mdn,2020-2021,2068452.187427578
