d_most_recent_category,total,percentage
1_facilities_and_construction,2701224.5159651763,0.5530378107787467
2_professional_services,2183115.1500000004,0.44696218922125325
