d_most_recent_category,total,percentage
1_facilities_and_construction,3931239.55,0.6365640575811639
2_professional_services,2183115.15,0.3534998616401377
NA,61362.42,0.009936080778698456
