d_most_recent_category,d_fiscal_year,total
1_facilities_and_construction,2017-2018,233159.57483702738
1_facilities_and_construction,2018-2019,883278.7047891199
1_facilities_and_construction,2019-2020,777993.5393291714
1_facilities_and_construction,2020-2021,806792.6970098576
2_professional_services,2017-2018,259797.47494145203
2_professional_services,2018-2019,515359.1214871195
2_professional_services,2019-2020,814009.6032951856
2_professional_services,2020-2021,593948.9502762432
