d_most_recent_category,total,percentage
6_industrial_products_and_services,10732021.43,0.8612354425205376
2_professional_services,750490.00,0.06022617376699566
1_facilities_and_construction,267132.20,0.021437128137563242
11_defence,234701.00,0.018834552371500817
9_human_capital,148750.33,0.011937085400842047
5_transportation_and_logistics,137285.32,0.011017028258841028
10_office_management,105522.62,0.008468099039918789
3_information_technology,64176.52,0.005150110255008157
4_medical,21114.00,0.001694380248792584
