d_most_recent_category,total,percentage
6_industrial_products_and_services,8608092.70,0.8717521797945081
2_professional_services,750490.00,0.07600304928017053
9_human_capital,148750.33,0.015064129650537154
5_transportation_and_logistics,137285.32,0.0139030539266399
1_facilities_and_construction,103927.20,0.010524835911404733
3_information_technology,64176.52,0.006499235449093058
10_office_management,61750.17,0.006253515987646614
