d_most_recent_category,total,percentage
6_industrial_products_and_services,8591879.266415989,0.870110225712121
2_professional_services,750490,0.07600304928017051
9_human_capital,148750.33000000002,0.015064129650537153
5_transportation_and_logistics,137285.31999999998,0.013903053926639897
1_facilities_and_construction,103927.2,0.010524835911404731
3_information_technology,80389.95,0.008141189531480023
10_office_management,61750.17,0.006253515987646613
