d_fiscal_year,total
2017-2018,1916229.8027376162
2018-2019,1539219.1051936017
2019-2020,1786326.0125669974
2020-2021,1797235.5156916692
