d_fiscal_year,total
2017-2018,3380783.4296158324
2018-2019,3873629.1032013968
2019-2020,874237.9871827706
2020-2021,4352920.040000001
