owner_org,d_fiscal_year,total
dnd-mdn,2017-2018,445864.96085561696
dnd-mdn,2018-2019,1931245.0900266976
dnd-mdn,2019-2020,2251785.604540538
dnd-mdn,2020-2021,703829.5251980005
