d_most_recent_category,total,percentage
1_facilities_and_construction,5357050.180620853,0.9954474084273662
11_defence,24500,0.004552591572633726
