d_fiscal_year,total
2017-2018,445864.96085561696
2018-2019,1937856.2011378089
2019-2020,2293999.4934294266
2020-2021,703829.5251980005
