d_most_recent_category,total,percentage
2_professional_services,3103807.5388823906,0.5888616075248742
3_information_technology,1158241.923304824,0.21974435989209853
1_facilities_and_construction,1008811.295620438,0.19139403258302734
