d_most_recent_category,total,percentage
2_professional_services,4347961.27,0.6271910562072534
3_information_technology,1498144.50,0.21610653174844702
1_facilities_and_construction,1008811.30,0.1455204825632279
9_human_capital,77518.00,0.011181929481071686
