d_most_recent_category,total,percentage
2_professional_services,3985692.584502829,0.754880650595214
3_information_technology,1167278.8305918577,0.2210798209800008
1_facilities_and_construction,75963.25,0.014387258014902779
9_human_capital,50963,0.009652270409882284
