d_most_recent_category,total,percentage
3_information_technology,61155418.40778087,0.94202194142827
2_professional_services,3392669.424366724,0.052259785330152304
10_office_management,178270.79,0.0027460362477772678
9_human_capital,107376.94,0.001654006073655728
NA,85578.64730548556,0.001318230920144628
