d_most_recent_category,total,percentage
3_information_technology,61140950.962383606,0.9303148729347356
2_professional_services,4208529.424366725,0.06403658194784459
10_office_management,178270.79,0.0027125513217624198
9_human_capital,107376.94,0.0016338372681458586
6_industrial_products_and_services,85578.64730548556,0.0013021565275115165
