d_fiscal_year,total
2017-2018,12045746.382791705
2018-2019,12429090.787626086
2019-2020,21470739.84577085
2020-2021,19217500.980268538
