d_fiscal_year,total
2017-2018,11763183.580390342
2018-2019,12429090.787626086
2019-2020,20252670.8943865
2020-2021,18002760.086128406
