d_fiscal_year,total
2017-2018,11788043.580390342
2018-2019,12436156.942201428
2019-2020,22279005.26119551
2020-2021,19217500.980268538
