category,total,percentage
3_information_technology,61155418.40778087,0.9384980005257855
2_professional_services,3392669.424366724,0.0520642905258585
NA,329342.43430958956,0.005054126423056557
10_office_management,178270.79,0.00273576380185252
9_human_capital,107376.94,0.0016478187234470097
