d_most_recent_category,total,percentage
3_information_technology,58683809.54685912,0.9397272360823306
2_professional_services,3478248.07167221,0.05569857294610766
10_office_management,178270.79,0.0028547212264252177
9_human_capital,107376.94,0.0017194697451365253
