d_fiscal_year,total
2017-2018,1368641.4853176484
2018-2019,1930102.7738931424
2019-2020,1727406.7418980664
2020-2021,1466066.7022651632
