d_most_recent_category,total,percentage
2_professional_services,18490487.099462584,0.9274538307829567
1_facilities_and_construction,1394378.816231884,0.06993985435432105
5_transportation_and_logistics,51961.65,0.002606314862722243
