d_fiscal_year,total
2017-2018,4470704.213101987
2018-2019,8017151.147904501
2019-2020,7117346.509256121
2020-2021,331625.6954318579
