d_most_recent_category,total,percentage
2_professional_services,3200943.0539264176,0.5525411834516608
6_industrial_products_and_services,2242261.238525713,0.3870552076279657
1_facilities_and_construction,349925.975106383,0.060403608920373476
