d_most_recent_category,total,percentage
6_industrial_products_and_services,4320076.767016837,0.7383993377545341
11_defence,1530519.9848087432,0.26160066224546585
