d_most_recent_category,total,percentage
2_professional_services,2573677.7150569474,0.439900034856081
6_industrial_products_and_services,1746399.0519598904,0.29849930289845317
11_defence,1530519.9848087432,0.2616006622454658
