owner_org,d_fiscal_year,total
dnd-mdn,2017-2018,1643508.463292921
dnd-mdn,2018-2019,2433548.333362238
dnd-mdn,2019-2020,977740.1374858277
dnd-mdn,2020-2021,795799.8176845943
