d_most_recent_category,total,percentage
2_professional_services,3572026.9568788502,0.47337826055072957
11_defence,2457762.1,0.32571174904069133
3_information_technology,1516030.5435462815,0.20090999040857913
