d_most_recent_category,total,percentage
3_information_technology,3973792.6435462814,0.5266217394492704
2_professional_services,3572026.9568788502,0.47337826055072957
