d_most_recent_category,total,percentage
2_professional_services,3885895.48,0.4607876687438586
11_defence,2457762.10,0.29144028054013044
3_information_technology,2089500.99,0.24777205071601086
