d_most_recent_category,total,percentage
6_industrial_products_and_services,12768778.72248606,0.7593563459449633
11_defence,2616623.0100000002,0.15560997106873314
3_information_technology,979234.3569559159,0.05823484291511278
1_facilities_and_construction,220805.22640558906,0.013131236239032684
4_medical,151187.79,0.00899110324182531
9_human_capital,78636.59999999999,0.004676500590332857
