d_fiscal_year,total
2017-2018,1917056.480491627
2018-2019,2805940.4408438527
2019-2020,1028993.3846366166
2020-2021,1447589.3065514024
