owner_org,d_fiscal_year,total
csa-asc,2017-2018,200965.05416210298
csa-asc,2018-2019,200965.05416210298
csa-asc,2019-2020,201515.6433515882
csa-asc,2020-2021,200965.05416210298
nrc-cnrc,2017-2018,1822445.467010394
nrc-cnrc,2018-2019,1839448.673933471
nrc-cnrc,2019-2020,1911621.6967366608
nrc-cnrc,2020-2021,1917069.597010394
