d_fiscal_year,total
2017-2018,3238708.9416058394
2018-2019,798585.7664233577
