d_most_recent_category,d_fiscal_year,total
4_medical,2017-2018,3238708.9416058394
4_medical,2018-2019,798585.7664233577
