d_fiscal_year,total
2017-2018,1457342.6456111567
2018-2019,5245649.693764258
2019-2020,7515107.980558958
2020-2021,4324634.680065628
