d_most_recent_category,total,percentage
1_facilities_and_construction,19500675.02532934,0.9846309772008549
10_office_management,304384.41000000003,0.015369022799145081
