d_most_recent_category,total,percentage
1_facilities_and_construction,9737070.600527966,0.9987614299247571
2_professional_services,12075.000000000002,0.0012385700752429094
