d_fiscal_year,total
2017-2018,1059818.3227811516
2018-2019,1315673.9844601378
2019-2020,1319278.5707189327
2020-2021,1315673.9844601378
