d_most_recent_category,total,percentage
2_professional_services,1302458.5810291634,0.5661295615361064
9_human_capital,976108.1280788177,0.4242773433335899
3_information_technology,21470.22900763359,0.009332297787594087
NA,600,2.607973427095553e-4
