category,total,percentage
2_professional_services,1302458.5810291634,0.5661295615361064
NA,976708.1280788177,0.4245381406762994
3_information_technology,21470.22900763359,0.009332297787594087
