d_fiscal_year,total
2019-2020,195237.58008168516
2020-2021,2105399.3580339295
