d_most_recent_category,total,percentage
2_professional_services,2258436.332753301,0.9816569904346234
3_information_technology,35242.47728349566,0.015318574043395896
10_office_management,6958.128078817734,0.0030244355219806807
