d_most_recent_category,total,percentage
2_professional_services,22346855.13,0.9192983880066041
10_office_management,1065444.74,0.043829954153641965
3_information_technology,388577.58,0.01598519062922391
1_facilities_and_construction,314050.00,0.012919297016678816
9_human_capital,177020.74,0.007282227365232475
8_security_and_protection,16650.00,6.849428286186986e-4
