d_most_recent_category,total,percentage
6_industrial_products_and_services,2608596.21,0.5060983864455124
1_facilities_and_construction,1894141.88,0.3674858326407812
5_transportation_and_logistics,452932.95,0.08787432665798005
11_defence,198655.23,0.038541454255726276
