d_most_recent_category,total,percentage
3_information_technology,11463275.169239592,0.9949317270290946
8_security_and_protection,29651.21934306569,0.0025735174663413206
6_industrial_products_and_services,28743.75,0.0024947555045640216
