d_fiscal_year,total
2017-2018,5598561.6522556385
2018-2019,990058.8610388621
2019-2020,3310898.7605933947
2020-2021,1867990.5770641863
