owner_org,d_fiscal_year,total
pwgsc-tpsgc,2017-2018,5598561.6522556385
pwgsc-tpsgc,2018-2019,990058.8610388621
pwgsc-tpsgc,2019-2020,3310898.7605933947
pwgsc-tpsgc,2020-2021,1867990.5770641863
