d_fiscal_year,total
2017-2018,7716548.41828346
2018-2019,7716548.41828346
2019-2020,7760109.776826702
2020-2021,7716548.41828346
