d_most_recent_category,total,percentage
NA,72397033.85839997,0.9996904128826546
1_facilities_and_construction,22420.129999999997,3.095871173454472e-4
