d_most_recent_category,total,percentage
11_defence,6902544.300000001,0.857200875170087
2_professional_services,1127823.1,0.14006008601162337
1_facilities_and_construction,22055.9,0.0027390388182896444
