owner_org,d_fiscal_year,total
dnd-mdn,2017-2018,13940.3
dnd-mdn,2018-2019,1663611.914149432
dnd-mdn,2019-2020,8109555.205360105
dnd-mdn,2020-2021,2801350.5604904634
