d_fiscal_year,total
2017-2018,13940.3
2018-2019,1663611.914149432
2019-2020,8109555.205360105
2020-2021,2801350.5604904634
