d_fiscal_year,total
2017-2018,12200020.172801925
2018-2019,11332507.586106809
2019-2020,14323094.324748203
2020-2021,15026423.410416137
