d_most_recent_category,total,percentage
3_information_technology,47303440.38493749,0.8939298064203205
2_professional_services,2278340.1542796884,0.04305556121290937
9_human_capital,1874919.7377903168,0.035431812667694
NA,412557.49712328764,0.007796419045624134
6_industrial_products_and_services,358287.2903204309,0.006770832850056076
10_office_management,348354.6167671233,0.006583127413104986
1_facilities_and_construction,340380.82,0.0064324403902909074
