d_most_recent_category,total,percentage
3_information_technology,34415897.71,0.6508049640153064
11_defence,14509854.84,0.27438149763671227
2_professional_services,2623460.44,0.04960966278988115
NA,412557.50,0.007801466325078638
10_office_management,348354.62,0.006587389226579109
1_facilities_and_construction,340380.82,0.006436604651348997
9_human_capital,218372.56,0.004129427255692574
6_industrial_products_and_services,13167.00,2.489880994008776e-4
