d_most_recent_category,total,percentage
3_information_technology,47898133.08201787,0.8945165388303234
NA,2454700.9559165565,0.0458425091264008
2_professional_services,2273282.790149254,0.04245445328202724
10_office_management,348354.6167671233,0.006505659950096813
1_facilities_and_construction,340380.82,0.006356746148524423
9_human_capital,218372.56,0.004078193741126244
6_industrial_products_and_services,13167,2.458989215009855e-4
