d_fiscal_year,total
2017-2018,12200020.172801925
2018-2019,11359242.95908731
2019-2020,14328567.001767702
2020-2021,15026423.410416137
