d_fiscal_year,total
2017-2018,12674400.734643912
2018-2019,11724443.782428723
2019-2020,14291171.098374046
2020-2021,15784291.261685668
