d_most_recent_category,total,percentage
3_information_technology,31085104.375982895,0.5878196292438586
11_defence,12374967.936098987,0.23401076528868292
10_office_management,4298445.820267786,0.08128365270495348
2_professional_services,4212366.4746001195,0.07965589143241884
NA,412557.49712328764,0.007801466325078638
1_facilities_and_construction,340380.82,0.006436604651348997
9_human_capital,145055.57,0.002743002254257687
6_industrial_products_and_services,13167,2.489880994008776e-4
