d_fiscal_year,total
2017-2018,731182.0017912352
2018-2019,911082.4611279516
2019-2020,1416281.5730644325
2020-2021,1240003.4098772074
