d_fiscal_year,total
2017-2018,727835.034748519
2018-2019,904370.1371137128
2019-2020,1409550.8591213874
2020-2021,1233291.0858629686
