d_most_recent_category,total,percentage
2_professional_services,5137622.717449289,0.9427793910726263
9_human_capital,290675.74194784585,0.05334044830937489
3_information_technology,21144.714794520547,0.003880160617998747
