d_most_recent_category,total,percentage
2_professional_services,5137622.72,0.9488923580856399
9_human_capital,255569.27,0.04720232239483294
3_information_technology,21144.71,0.0039053195195271674
