d_most_recent_category,total,percentage
2_professional_services,5393191.983853026,0.9960946804804729
3_information_technology,21144.714794520547,0.0039053195195271674
