d_fiscal_year,total
2017-2018,1415966.76735774
2018-2019,2722907.407690066
2019-2020,227441.10287068176
2020-2021,654584.4726143939
