d_most_recent_category,total,percentage
5_transportation_and_logistics,3057670.511555426,0.6089885605126665
3_information_technology,1912404.9889774558,0.3808889011923584
1_facilities_and_construction,50824.25,0.010122538294975097
