d_most_recent_category,total,percentage
3_information_technology,88391813.00361189,0.7110809523664301
11_defence,32498091.12317808,0.2614356782682602
10_office_management,3025174.5493103447,0.024336462014987577
1_facilities_and_construction,338919.98000000004,0.0027264916734377163
6_industrial_products_and_services,31932.84,2.5688843239403836e-4
9_human_capital,20327.460000000003,1.6352724449039045e-4
