d_fiscal_year,total
2017-2018,173882201.398418
2018-2019,116076131.59283054
2019-2020,87874807.49089172
2020-2021,85370692.5653504
