d_most_recent_category,total,percentage
1_facilities_and_construction,432419121.55,0.932067887398744
2_professional_services,24352401.55,0.05249095225443866
8_security_and_protection,4249975.10,0.009160708009866585
11_defence,2824784.25,0.006088747128359763
5_transportation_and_logistics,48860.70,1.0531793259840027e-4
6_industrial_products_and_services,14373.60,3.0981911572826114e-5
3_information_technology,14122.00,3.0439594480954695e-5
9_human_capital,11582.50,2.496576993879463e-5
