d_fiscal_year,total
2017-2018,183992015.06885207
2018-2019,116392653.95080021
2019-2020,88692334.40321298
2020-2021,86163872.90760882
