d_most_recent_category,total,percentage
1_facilities_and_construction,316407783.3660175,0.6830362930867017
9_human_capital,113298391.47646414,0.2445796765917404
2_professional_services,28827967.2615673,0.062231553491172764
8_security_and_protection,4249975.097279236,0.00917451272934829
10_office_management,352439.85,7.608194909717499e-4
5_transportation_and_logistics,48860.69836065574,1.0547664134824231e-4
11_defence,23233.15118397086,5.015390358796946e-5
6_industrial_products_and_services,14373.6,3.102859973249775e-5
3_information_technology,14122,3.0485465396444395e-5
