d_most_recent_category,total,percentage
1_facilities_and_construction,316792850.9498518,0.6671693091096236
NA,128466785.55480984,0.2705524960716502
2_professional_services,24708779.009480063,0.05203696665271889
8_security_and_protection,4249975.097279236,0.008950495381708423
10_office_management,496167.94,0.0010449352652359785
5_transportation_and_logistics,76634.24836065574,1.6139258944643147e-4
6_industrial_products_and_services,14373.6,3.0270963352440425e-5
3_information_technology,14122,2.9741090921075006e-5
9_human_capital,11582.5,2.4392875342964965e-5
