d_most_recent_category,total,percentage
1_facilities_and_construction,432072373.00117517,0.9313204801430088
2_professional_services,24213475.636207007,0.05219150115710365
8_security_and_protection,4249975.097279236,0.009160708009866585
11_defence,2824784.246074482,0.006088747128359763
10_office_management,534535.16,0.001152176285668619
6_industrial_products_and_services,14373.6,3.0981911572826114e-5
3_information_technology,14122,3.0439594480954695e-5
9_human_capital,11582.5,2.496576993879463e-5
