d_most_recent_category,total,percentage
1_facilities_and_construction,432332488.0653916,0.9333525701223334
2_professional_services,23707646.84038463,0.05118188829398994
8_security_and_protection,4249975.097279236,0.009175172557010126
11_defence,2824784.246074482,0.006098361119962639
5_transportation_and_logistics,48860.69836065574,1.0548422719042187e-4
6_industrial_products_and_services,14373.6,3.103083129825121e-5
3_information_technology,14122,3.04876579001714e-5
9_human_capital,11582.5,2.5005190315021614e-5
