d_most_recent_category,total,percentage
1_facilities_and_construction,510014957.09,0.9291696012573455
2_professional_services,31506988.43,0.057400935928984737
8_security_and_protection,4312975.10,0.007857583970112702
11_defence,2824784.25,0.0051463268185767365
5_transportation_and_logistics,143004.80,2.605329728979937e-4
3_information_technology,64621.75,1.1773098973860265e-4
6_industrial_products_and_services,14373.60,2.6186510797166266e-5
9_human_capital,11582.50,2.1101551546458665e-5
