d_fiscal_year,total
2017-2018,173923880.02353442
2018-2019,116075385.7166013
2019-2020,87894626.5554423
2020-2021,85321163.6308472
