d_fiscal_year,total
2017-2018,173882201.398418
2018-2019,116085132.53470291
2019-2020,87987440.39170222
2020-2021,85980446.91591279
