owner_org,d_fiscal_year,total
cfia-acia,2017-2018,2308542.9633989665
cfia-acia,2018-2019,4303482.204167061
cfia-acia,2019-2020,3311683.85
cfia-acia,2020-2021,3389694.19
