d_most_recent_category,total,percentage
1_facilities_and_construction,8865027.28,0.8291315135592704
5_transportation_and_logistics,1666456.20,0.1558609248819239
NA,160460.00,0.015007561558805753
