d_most_recent_category,total,percentage
2_professional_services,46446708.35491428,0.9989438576567442
NA,45322.99270072993,9.747757542483696e-4
1_facilities_and_construction,3783.205833333333,8.13665890073702e-5
