d_fiscal_year,total
2017-2018,7429442.773447046
2018-2019,9319950.936054163
2019-2020,15127550.629609043
2020-2021,13043365.59304751
