d_most_recent_category,total,percentage
2_professional_services,44871203.7336237,0.9989068152332825
NA,45322.99270072993,0.0010089643809043244
1_facilities_and_construction,3783.205833333333,8.42203858131663e-5
