d_most_recent_category,total,percentage
6_industrial_products_and_services,17271007.50,0.9809459040011845
1_facilities_and_construction,182862.21,0.010386072468010783
4_medical,152613.41,0.008668023530804767
