d_most_recent_category,total,percentage
3_information_technology,7236323.94,0.5168788380775611
2_professional_services,6464378.06,0.46174000020391226
9_human_capital,278997.10,0.01992830863297587
1_facilities_and_construction,20340.00,0.0014528530855508147
