d_most_recent_category,total,percentage
3_information_technology,5978030.75,0.5065534843671397
2_professional_services,5524013.31,0.468081933646191
9_human_capital,278997.10,0.023641054907637536
1_facilities_and_construction,20340.00,0.0017235270790318161
