d_most_recent_category,total,percentage
3_information_technology,59427025.51625345,0.9896905858078242
10_office_management,345322.9875177305,0.005750967793531204
9_human_capital,117925.95,0.0019639246878597957
6_industrial_products_and_services,66832.85,0.0011130263023111586
2_professional_services,59908.51,9.977091708983092e-4
1_facilities_and_construction,29049.460000000003,4.8378623757532274e-4
