d_most_recent_category,total,percentage
11_defence,38240462.28979483,0.6368520920637029
3_information_technology,11369822.327709565,0.18935166319176017
10_office_management,9866225.822112426,0.16431094655626186
2_professional_services,311072.06,0.00518055693710675
6_industrial_products_and_services,123259.35415435139,0.0020527465636985295
9_human_capital,106173.96,0.0017682084498945186
1_facilities_and_construction,29049.460000000003,4.837862375753228e-4
