category,total,percentage
3_information_technology,52650408.90915905,0.9864743069736933
NA,324838.3475177305,0.006086271510234909
6_industrial_products_and_services,192211.82415435137,0.0036013400456578093
9_human_capital,95404.65000000001,0.0017875309601716254
2_professional_services,59908.51,0.0011224643285495143
1_facilities_and_construction,29049.460000000003,5.442796459739355e-4
10_office_management,20484.64,3.8380653571885734e-4
