d_most_recent_category,total,percentage
11_defence,38240462.28979483,0.6368520920637029
3_information_technology,11588817.947709566,0.1929987900934401
10_office_management,9866225.822112426,0.16431094655626186
6_industrial_products_and_services,143675.2941543514,0.0023927511902617615
9_human_capital,106173.96,0.0017682084498945186
2_professional_services,71660.5,0.001193425408863587
1_facilities_and_construction,29049.460000000003,4.837862375753228e-4
