d_fiscal_year,total
2017-2018,4457698.443067749
2018-2019,8438476.439866977
2019-2020,10399006.549887555
2020-2021,30077124.908008847
