d_fiscal_year,total
2017-2018,4457698.443067749
2018-2019,8438476.439866977
2019-2020,10486817.529887553
2020-2021,30411017.30800885
