d_most_recent_category,total,percentage
2_professional_services,4868174.403903712,0.9485293325541583
1_facilities_and_construction,160400,0.0312528049158808
9_human_capital,58750.535913757696,0.011447126169676546
3_information_technology,45014.3952191235,0.008770736360284439
