d_fiscal_year,total
2017-2018,1122120.8896349566
2018-2019,1579070.234922731
2019-2020,1064128.6243256922
2020-2021,1398783.6999387706
