d_most_recent_category,total,percentage
2_professional_services,5060338.517689269,0.9799064964206811
9_human_capital,58750.535913757696,0.011376715531745933
3_information_technology,45014.3952191235,0.008716788047573015
