d_most_recent_category,total,percentage
1_facilities_and_construction,2008397.4775,0.45200106263307327
2_professional_services,835671.61544,0.1880725615436235
10_office_management,494936.31,0.11138817916369952
5_transportation_and_logistics,442349.16000000003,0.09955314752920832
6_industrial_products_and_services,236769.4199386503,0.05328627953889984
3_information_technology,195189.92210526316,0.043928581466188256
11_defence,135836.1,0.03057067250470713
8_security_and_protection,94196.8,0.021199515620600094
