d_most_recent_category,total,percentage
1_facilities_and_construction,2368468.68,0.4582754442035358
6_industrial_products_and_services,1713850.01,0.33161315683417947
11_defence,506636.73,0.0980292347713482
3_information_technology,242701.14,0.04696028896031913
5_transportation_and_logistics,174832.43,0.033828359278482045
8_security_and_protection,94196.80,0.01822615628738511
2_professional_services,35489.62,0.006866893150297125
9_human_capital,18362.62,0.0035529867465334654
10_office_management,13682.76,0.002647479767919733
