d_most_recent_category,total,percentage
1_facilities_and_construction,1825926.9175,0.41093504460465147
6_industrial_products_and_services,1541604.7353786502,0.3469467505101105
3_information_technology,692665.6821052631,0.15588827802689845
5_transportation_and_logistics,221417.67,0.049831282525965616
8_security_and_protection,94196.8,0.021199515620600098
2_professional_services,35489.619999999995,0.007987137074286617
9_human_capital,18362.62,0.004132610126088612
10_office_management,13682.76,0.003079381511398712
