d_fiscal_year,total
2017-2018,1066359.7387052632
2018-2019,1951235.9255339722
2019-2020,702084.9057949216
2020-2021,723666.2349497564
