category,total,percentage
4_medical,20676702.033227943,0.7991091742429769
2_professional_services,5005731.858514493,0.19346055504939727
7_travel,192255.94999999998,0.007430270707625734
