owner_org,d_fiscal_year,total
cic,2018-2019,4995000
cic,2020-2021,10731.858514492753
dfatd-maecd,2019-2020,192255.94999999998
phac-aspc,2019-2020,1477710.081560284
phac-aspc,2020-2021,19198991.95166766
