d_fiscal_year,total
2018-2019,1455571.2809195402
2019-2020,2773817.8293103445
2020-2021,2602926.1399636646
