d_fiscal_year,total
2018-2019,1222811.3878489328
2019-2020,2364249.940541872
2020-2021,2194477.289142647
