d_fiscal_year,total
2017-2018,5653431.618025793
2018-2019,4623027.53043417
2019-2020,4611126.235997003
2020-2021,4598527.53043417
