d_fiscal_year,total
2017-2018,7151689.825359377
2018-2019,6121285.737767754
2019-2020,6113489.26033698
2020-2021,6096785.737767754
