d_most_recent_category,total,percentage
2_professional_services,19486112.91,0.7646635529509612
NA,5997137.65,0.23533644704903872
