d_most_recent_category,total,percentage
2_professional_services,23283179.02,0.7564735896612163
0_other,7495395.85,0.24352641033878375
