d_most_recent_category,total,percentage
11_defence,108184540.27116866,0.8915644959614897
3_information_technology,9708002.756889377,0.08000505953109348
6_industrial_products_and_services,3330515.7399999998,0.027447263533052595
10_office_management,105501.5,8.694531717277963e-4
9_human_capital,13800,1.1372780263639463e-4
