d_fiscal_year,total
2017-2018,29702586.124320675
2018-2019,25971457.409133445
2019-2020,19762625.63865974
2020-2021,45905691.09594418
