d_most_recent_category,total,percentage
3_information_technology,70564884.211075,0.5809788003049037
6_industrial_products_and_services,36106986.48498835,0.2972780856257899
NA,9682181.740984926,0.079715886947188
11_defence,4985267.572104596,0.04104498725707106
10_office_management,105501.5,8.686209236455861e-4
9_human_capital,13800,1.1361894140186715e-4
