d_fiscal_year,total
2017-2018,5097001.151586722
2018-2019,5597524.648219446
2019-2020,3496730.295548522
2020-2021,6056021.691157761
