d_fiscal_year,total
2017-2018,342289.0442857143
2018-2019,4053812.3305322914
2019-2020,375810.53518199414
2020-2021,142546.97162537387
