owner_org,d_fiscal_year,total
pc,2018-2019,3630417.7171134017
pc,2019-2020,6521569.547886598
pc,2020-2021,571298.9125000001
pwgsc-tpsgc,2020-2021,387470.93532710284
