owner_org,d_fiscal_year,total
pwgsc-tpsgc,2017-2018,4556327.49887613
pwgsc-tpsgc,2018-2019,3714111.998943162
pwgsc-tpsgc,2019-2020,1215313.1584955787
