d_most_recent_category,total,percentage
6_industrial_products_and_services,5344552.50,0.9054403855193599
4_medical,247192.59,0.04187781000960755
11_defence,176733.53,0.029941080632155663
10_office_management,97205.61,0.016467961549527062
1_facilities_and_construction,37026.30,0.006272762289349904
