d_fiscal_year,total
2017-2018,1381077.5895972862
2018-2019,1144854.6593668715
2019-2020,1323602.8361410424
2020-2021,1018630.6858290295
