d_most_recent_category,total,percentage
6_industrial_products_and_services,4303114.329090912,0.8839292932017635
4_medical,209117.24,0.042956063913959355
11_defence,176733.53184331796,0.036303926398422906
10_office_management,97205.61,0.01996760475585565
1_facilities_and_construction,81995.06,0.0168431117299986
