d_most_recent_category,d_fiscal_year,total
10_office_management,2018-2019,97205.61
11_defence,2017-2018,126430.30603686636
11_defence,2018-2019,50303.22580645161
4_medical,2017-2018,165948.97999999998
4_medical,2020-2021,43168.26
6_industrial_products_and_services,2017-2018,1088698.3035604197
6_industrial_products_and_services,2018-2019,997345.8235604197
6_industrial_products_and_services,2019-2020,1323602.8361410424
6_industrial_products_and_services,2020-2021,975462.4258290295
