d_most_recent_category,total,percentage
6_industrial_products_and_services,4385109.39,0.900772404931762
4_medical,209117.24,0.042956063913959355
11_defence,176733.53,0.036303926398422906
10_office_management,97205.61,0.01996760475585565
