d_most_recent_category,total,percentage
6_industrial_products_and_services,2453733.040534211,0.504036459724609
2_professional_services,1849381.288556701,0.3798928334771546
4_medical,209117.24,0.042956063913959355
11_defence,176733.53184331796,0.036303926398422906
10_office_management,97205.61,0.01996760475585565
1_facilities_and_construction,81995.06,0.0168431117299986
