d_most_recent_category,total,percentage
1_facilities_and_construction,39684164.441138335,0.934626728269717
2_professional_services,2736193.0714640375,0.06444180479319032
6_industrial_products_and_services,39550,9.31466937092628e-4
