d_most_recent_category,total,percentage
1_facilities_and_construction,39216210.66481319,0.9201719035336393
2_professional_services,3402141.964967514,0.07982809646636077
