d_fiscal_year,total
2017-2018,6517212.400285841
2018-2019,8327429.706983542
2019-2020,10301509.144962946
2020-2021,4903623.031588048
