d_most_recent_category,total,percentage
1_facilities_and_construction,39154807.35585429,0.9187311320075247
2_professional_services,3423995.273926418,0.0803408640326893
6_industrial_products_and_services,39550,9.280039597861741e-4
