d_fiscal_year,total
2017-2018,14499144.274565741
2018-2019,12388944.998944083
2019-2020,10788351.404700112
2020-2021,4941911.9515707735
