d_most_recent_category,total,percentage
1_facilities_and_construction,31304484.58556355,0.7384057550772322
6_industrial_products_and_services,7666212.178479479,0.1808295286498008
2_professional_services,3423995.273926418,0.08076471627296705
