d_fiscal_year,total
2017-2018,14408699.391224802
2018-2019,12298500.115603145
2019-2020,10760646.569553457
2020-2021,4926845.961588048
