d_most_recent_category,total,percentage
4_medical,42570660.34,0.9935410249392698
6_industrial_products_and_services,171800.51,0.004009589011666611
10_office_management,81227.20,0.0018957318231946191
11_defence,23722.65,5.536542258690171e-4
