d_most_recent_category,total,percentage
1_facilities_and_construction,3743292.0541491755,0.6458026694582857
2_professional_services,1049462.9,0.18105612186102343
3_information_technology,566804.72957407,0.09778665466798993
6_industrial_products_and_services,436780.64,0.07535455401270098
