d_fiscal_year,total
2017-2018,1729145.9449200202
2018-2019,1386271.0146808203
2019-2020,1678583.5111660021
2020-2021,1002339.8529564027
