d_most_recent_category,total,percentage
1_facilities_and_construction,3702534.2004461605,0.6387710164795602
2_professional_services,1049462.9,0.18105612186102343
3_information_technology,566804.72957407,0.09778665466798993
6_industrial_products_and_services,477538.49370301474,0.08238620699142639
