d_most_recent_category,total,percentage
1_facilities_and_construction,4507544.92,0.6748269935563947
2_professional_services,1049462.90,0.15711565955622722
6_industrial_products_and_services,863436.42,0.12926553463951473
3_information_technology,259112.10,0.0387918122478632
