d_most_recent_category,total,percentage
1_facilities_and_construction,11233229.50,0.6197270580099407
6_industrial_products_and_services,5867004.58,0.32367730818656565
11_defence,858857.41,0.0473823824053727
2_professional_services,44995.34,0.0024823519964038763
5_transportation_and_logistics,44437.15,0.0024515571616304825
8_security_and_protection,32024.50,0.0017667625471623491
9_human_capital,25000.00,0.0013792272690926863
10_office_management,20543.25,0.001133352423831533
