d_most_recent_category,total,percentage
1_facilities_and_construction,10174188.79195174,0.618617882498537
6_industrial_products_and_services,5041113.410052867,0.30651317436027736
11_defence,1127384.85,0.06854801330398184
5_transportation_and_logistics,44437.15,0.0027018975369334053
9_human_capital,25000.000000000004,0.0015200668454960575
8_security_and_protection,20352,0.0012374560175814303
2_professional_services,14168.940000000002,8.615094371929164e-4
