d_most_recent_category,total,percentage
1_facilities_and_construction,10174188.79195174,0.618617882498537
2_professional_services,5201669.38,0.3162754066308013
6_industrial_products_and_services,672278.330052867,0.04087632001835275
11_defence,340328.39,0.02069287608880208
9_human_capital,25000.000000000004,0.0015200668454960575
8_security_and_protection,20352,0.0012374560175814303
5_transportation_and_logistics,12828.25,7.799919004293919e-4
