d_most_recent_category,total,percentage
1_facilities_and_construction,9651403.781400688,0.5813199662163395
6_industrial_products_and_services,5740648.67,0.34576873649565204
5_transportation_and_logistics,831493.61,0.05008223137506662
3_information_technology,283243.780052867,0.01706023997966282
11_defence,36256.380000000005,0.0021837815590457013
9_human_capital,25000.000000000004,0.0015057912283615333
8_security_and_protection,20352,0.001225834523184557
2_professional_services,14168.940000000002,8.534186226872346e-4
