d_fiscal_year,total
2017-2018,364871.94507334346
2018-2019,6871672.55161372
2019-2020,2650628.3285598867
2020-2021,6559472.3167576585
