d_most_recent_category,total,percentage
1_facilities_and_construction,9651403.781400688,0.6450858787409195
6_industrial_products_and_services,4099506.1799999997,0.2740050677006629
5_transportation_and_logistics,831493.61,0.055575831062832703
3_information_technology,283243.780052867,0.018931604862022066
11_defence,36256.380000000005,0.002423324034720924
9_human_capital,25000.000000000004,0.001670963865339648
8_security_and_protection,20352,0.0013602982634957003
2_professional_services,14168.940000000002,9.47031470006622e-4
