d_fiscal_year,total
2017-2018,356176.89
2018-2019,6936191.663257626
2019-2020,2783189.9543376504
2020-2021,6527008.65385828
