d_fiscal_year,total
2017-2018,6434129.293149257
2018-2019,1280689.605503794
2019-2020,434097.47093023255
2020-2021,1165119.9890697673
