d_fiscal_year,total
2017-2018,6434129.293149257
2018-2019,1280689.605503794
2019-2020,285029.25664018164
2020-2021,971161.8771396141
