d_fiscal_year,total
2017-2018,2711059.5402871235
2018-2019,4230210.474000206
2019-2020,1519555.8473935262
