d_fiscal_year,total
2017-2018,1895224.28005081
2018-2019,1832155.378800079
2019-2020,1381925.3411491106
2020-2021,1420598.7374336284
