d_fiscal_year,total
2017-2018,2248605.266566491
2018-2019,2236284.1418181816
2019-2020,21719.0381530343
2020-2021,283123.17592348286
