d_fiscal_year,total
2017-2018,2709140.800362929
2018-2019,3033290.6822247216
2019-2020,2388938.3129234533
2020-2021,2185857.8460870623
