category,total,percentage
2_professional_services,15952179.428225944,0.56153698394168
3_information_technology,10146137.000772571,0.3571569136184502
9_human_capital,1374975.6011138335,0.048400888136745736
10_office_management,917016.972505232,0.032280162549625055
6_industrial_products_and_services,12500.625,4.400378826899024e-4
7_travel,5255.886162904809,1.8501387080916256e-4
