d_most_recent_category,total,percentage
2_professional_services,15946923.542063039,0.5783923991776707
3_information_technology,9287768.498704683,0.3368658970993992
9_human_capital,1489447.7903739328,0.05402203620353031
10_office_management,829218.9848255605,0.030075641662911063
6_industrial_products_and_services,12500.625,4.5339569515707334e-4
7_travel,5255.886162904809,1.906301613316669e-4
