d_fiscal_year,total
2017-2018,2594603.4260286363
2018-2019,1485855.8382490203
2019-2020,2332450.924045244
2020-2021,1375452.7677057358
