d_fiscal_year,total
2017-2018,16044464.489653371
2018-2019,23998205.618099965
2019-2020,24312766.634568967
2020-2021,23837945.327246755
