d_most_recent_category,total,percentage
3_information_technology,83675212.50,0.9535596644874939
2_professional_services,3999103.38,0.045573636024018774
9_human_capital,61436.65,7.001298187239494e-4
NA,14616.55,1.6656966976339924e-4
