d_fiscal_year,total
2017-2018,15945413.914312543
2018-2019,23546213.54480884
2019-2020,23859536.226830468
2020-2021,24399205.398418665
