d_most_recent_category,total,percentage
3_information_technology,110901168.57,0.9453636181807453
2_professional_services,6333373.26,0.05398807550066247
9_human_capital,61436.65,5.237093033316242e-4
NA,14616.55,1.2459701526062786e-4
