d_fiscal_year,total
2017-2018,16177886.853892038
2018-2019,24174481.557896536
2019-2020,24227066.14834868
2020-2021,25120925.46249043
