d_most_recent_category,total,percentage
3_information_technology,84025135.64834756,0.9525252130098436
2_professional_services,4111841.63180123,0.0466126331837851
9_human_capital,61436.649999999994,6.964577644095962e-4
NA,14616.55,1.6569604196161548e-4
