d_fiscal_year,total
2017-2018,16100487.520013144
2018-2019,23995250.0824315
2019-2020,24296034.234042507
2020-2021,23821258.643661622
