d_most_recent_category,total,percentage
3_information_technology,83577423.40721658,0.9535078535949173
2_professional_services,3999103.3816244127,0.04562447998830766
9_human_capital,61436.649999999994,7.009109145198174e-4
NA,14616.55,1.6675550225516266e-4
