d_most_recent_category,total,percentage
1_facilities_and_construction,4481515.00,0.8767933966405439
10_office_management,571662.96,0.11184394287497268
2_professional_services,47710.81,0.009334460141158005
6_industrial_products_and_services,10366.65,0.0020282003433254566
