d_most_recent_category,total,percentage
1_facilities_and_construction,3885178.777985708,0.8899515323307958
10_office_management,438907.51934246573,0.10053756640584961
2_professional_services,31154.20861476779,0.0071362831106681875
3_information_technology,10366.65,0.002374618152686456
