d_fiscal_year,total
2017-2018,972150.5881292708
2018-2019,1116585.7022529717
2019-2020,1009152.7335634052
2020-2021,1267718.1319972936
