d_most_recent_category,total,percentage
10_office_management,4038024.5943101696,0.9249628860474012
1_facilities_and_construction,286061.7030180041,0.0655262126892443
2_professional_services,31154.20861476779,0.0071362831106681875
6_industrial_products_and_services,10366.65,0.002374618152686456
