d_fiscal_year,total
2017-2018,876425.5823445993
2018-2019,1087439.3304389955
2019-2020,1000383.866195048
2020-2021,1259335.0749580308
