d_most_recent_category,total,percentage
10_office_management,3996757.665372667,0.946295327284058
2_professional_services,216459.53856400636,0.05125020505091927
3_information_technology,10366.65,0.002454467665022813
