d_most_recent_category,total,percentage
3_information_technology,9284407.79766841,0.7301645829476809
11_defence,2033156.542739726,0.15989591705242767
2_professional_services,1360402.8056419215,0.10698775504796765
10_office_management,27055.55311081442,0.002127761628322456
9_human_capital,10477.359999999999,8.239833236013077e-4
6_industrial_products_and_services,0,0
