d_fiscal_year,total
2017-2018,1588276.584112157
2018-2019,1853807.1218998318
2019-2020,2550962.688518463
2020-2021,1717501.495796756
