d_most_recent_category,total,percentage
3_information_technology,11435432.949072825,0.8929527840400256
2_professional_services,1360402.8056419215,0.1062290757266264
9_human_capital,10477.359999999999,8.181402333479785e-4
6_industrial_products_and_services,0,0
