d_most_recent_category,total,percentage
3_information_technology,7091198.022327208,0.9196749859012008
2_professional_services,608872.508,0.07896617940261073
9_human_capital,10477.359999999999,0.0013588346961885451
