d_most_recent_category,total,percentage
3_information_technology,10492495.24,0.7101988953989063
11_defence,2033156.54,0.137616982252135
2_professional_services,1709996.27,0.11574343734723902
9_human_capital,485603.12,0.032868711553597406
10_office_management,52772.42,0.003571973448122192
6_industrial_products_and_services,0.00,0
