d_most_recent_category,total,percentage
5_transportation_and_logistics,15457438.760831583,0.9500965389868637
11_defence,704254.5288793104,0.04328723540859496
1_facilities_and_construction,55016.6,0.003381613348472525
3_information_technology,27503.74,0.0016905263923419065
6_industrial_products_and_services,25121.25,0.0015440858637268645
