d_most_recent_category,total,percentage
2_professional_services,16108123.782210894,0.9900911070617249
5_transportation_and_logistics,78099.23999999999,0.004800395380477153
1_facilities_and_construction,55016.6,0.003381613348472525
3_information_technology,27503.74,0.0016905263923419065
11_defence,591.5175,3.635781698351219e-5
