d_fiscal_year,total
2017-2018,6907289.42330216
2018-2019,4472101.61423244
2019-2020,3517508.9133520103
2020-2021,1962310.658824284
