d_most_recent_category,total,percentage
5_transportation_and_logistics,16216709.889710894,0.9967653877439312
3_information_technology,27503.74,0.0016905263923419065
6_industrial_products_and_services,25121.25,0.0015440858637268645
