d_most_recent_category,total,percentage
5_transportation_and_logistics,16857346.81,0.9238372266329744
11_defence,1337124.47,0.07327875339840335
3_information_technology,27503.74,0.001507294070208765
6_industrial_products_and_services,25121.25,0.0013767258984135225
