owner_org,d_fiscal_year,total
dnd-mdn,2017-2018,6136401.200837581
dnd-mdn,2018-2019,6136401.200837581
dnd-mdn,2019-2020,6153213.258922068
