d_fiscal_year,total
2017-2018,6136401.200837581
2018-2019,6136401.200837581
2019-2020,6153213.258922068
