d_fiscal_year,total
2017-2018,6462258.390292252
2018-2019,6320355.880837582
2019-2020,6276753.148922068
2020-2021,20124.940000000002
