d_fiscal_year,total
2017-2018,1363139.6250252866
2018-2019,1294419.3874981801
2019-2020,5145234.196193588
2020-2021,14776064.356315171
