owner_org,d_fiscal_year,total
csc-scc,2017-2018,3666058.394160584
csc-scc,2018-2019,666058.394160584
csc-scc,2019-2020,667883.2116788322
csc-scc,2020-2021,666058.394160584
