owner_org,d_fiscal_year,total
csc-scc,2018-2019,2388367.367629839
csc-scc,2019-2020,2709068.46509915
csc-scc,2020-2021,6123217.127271011
