owner_org,d_fiscal_year,total
pc,2018-2019,6225131.057815125
pc,2019-2020,4543934.282184874
