d_most_recent_category,total,percentage
9_human_capital,71604289.78974411,0.997713811333394
2_professional_services,164076.02454545454,0.0022861886666058918
