d_most_recent_category,total,percentage
9_human_capital,54636942.087866165,0.9970059675860604
2_professional_services,164076.02454545454,0.0029940324139396553
