d_fiscal_year,total
2017-2018,12234638.670458835
2018-2019,13267961.389424598
2019-2020,13974682.147034258
2020-2021,14471879.855014887
