d_most_recent_category,total,percentage
9_human_capital,54002319.15858563,0.996970888980322
2_professional_services,164076.02454545454,0.0030291110196779786
