d_fiscal_year,total
2017-2018,16505431.642226417
2018-2019,17804755.960500672
2019-2020,18483565.603526913
2020-2021,18974612.608035564
