d_most_recent_category,total,percentage
9_human_capital,69424071.61,0.9917208237335824
2_professional_services,494228.98,0.007060046447251161
8_security_and_protection,85343.53,0.0012191298191665545
