d_most_recent_category,total,percentage
2_professional_services,38832809.98529043,0.7169170083037765
9_human_capital,15333585.19784066,0.28308299169622353
