d_fiscal_year,total
2017-2018,12222442.355462587
2018-2019,11282034.594472937
2019-2020,9148398.145759515
2020-2021,35059932.86703175
