d_most_recent_category,total,percentage
2_professional_services,42178421.24986215,0.6229016713216161
3_information_technology,17728360.37444861,0.2618169428774445
9_human_capital,4264149.563421789,0.06297404718128118
10_office_management,3080670.8537180605,0.04549613206727223
7_travel,337943.1503386809,0.004990830546042414
5_transportation_and_logistics,78603.47093750001,0.0011608360855566366
6_industrial_products_and_services,23683.670000000002,3.497664727334439e-4
4_medical,20975.629999999997,3.097734480535241e-4
