d_fiscal_year,total
2017-2018,11539523.315465849
2018-2019,10381277.22535898
2019-2020,8267232.034493345
2020-2021,34410573.52571709
