category,total,percentage
2_professional_services,42178421.24986215,0.6196158882046625
3_information_technology,18087437.030552622,0.26571083101097326
9_human_capital,4264149.563421789,0.06264186142779705
10_office_management,3080670.8537180605,0.045256141665069326
7_travel,337943.1503386809,0.004964504100789877
5_transportation_and_logistics,78603.47093750001,0.0011547127184393519
6_industrial_products_and_services,23683.670000000002,3.479214676164315e-4
4_medical,20975.629999999997,3.081394046522033e-4
