d_fiscal_year,total
2017-2018,11549316.212050827
2018-2019,10391070.121943958
2019-2020,8346079.706640399
2020-2021,34489359.23654538
