d_fiscal_year,total
2017-2018,12217859.108191026
2018-2019,11007348.813720522
2019-2020,8938878.312626986
2020-2021,35040129.67889681
