d_most_recent_category,total,percentage
2_professional_services,43114065.08693449,0.6655888196321113
3_information_technology,9909129.028704418,0.15297572800195935
10_office_management,9409366.672371902,0.14526046765299436
9_human_capital,1882058.567893574,0.029054953137842794
7_travel,337943.1503386809,0.005217118406328242
5_transportation_and_logistics,78603.47093750001,0.001213469231787475
6_industrial_products_and_services,23683.670000000002,3.6562513713497e-4
4_medical,20975.629999999997,3.238187998415106e-4
