d_most_recent_category,total,percentage
3_information_technology,21235718.493742127,0.994087529400835
2_professional_services,126302.32,0.005912470599164948
