d_most_recent_category,total,percentage
3_information_technology,27548979.36,0.9781069486551712
11_defence,576360.45,0.020463268384071667
2_professional_services,40270.71,0.0014297829607571658
