d_most_recent_category,total,percentage
3_information_technology,21649298.493742127,0.9941998238725843
2_professional_services,126302.32,0.005800176127415655
