d_most_recent_category,total,percentage
3_information_technology,20944875.548947606,0.9804725747422653
11_defence,290842.94479452056,0.013614954658569666
2_professional_services,126302.32,0.005912470599164948
