d_fiscal_year,total
2017-2018,26966979.19452684
2018-2019,40771905.33712074
2019-2020,23045078.39853214
2020-2021,41416302.19928262
