d_most_recent_category,total,percentage
3_information_technology,77125700.6487769,0.5817978651241017
11_defence,51034952.089370094,0.3849822552344904
10_office_management,2719189.96212766,0.020512214495620896
6_industrial_products_and_services,1637931.0891876752,0.01235573619291193
1_facilities_and_construction,46653.26,3.5192895287506335e-4
