d_fiscal_year,total
2017-2018,27022653.447860174
2018-2019,40827579.59045407
2019-2020,23080313.336943097
2020-2021,41416302.19928262
