d_most_recent_category,total,percentage
3_information_technology,66436957.83017308,0.5011673139535705
11_defence,40437824.4893701,0.30504280363450725
10_office_management,24251362.279919155,0.18294019609703066
2_professional_services,805975.9500000001,0.006079881065674391
6_industrial_products_and_services,585653.24,0.004417876296342166
1_facilities_and_construction,46653.26,3.5192895287506335e-4
