d_most_recent_category,total,percentage
3_information_technology,106888921.74,0.6544923706349044
11_defence,52023068.25,0.3185428453465961
10_office_management,2719189.96,0.01664989276258894
6_industrial_products_and_services,1637931.09,0.010029228324359693
1_facilities_and_construction,46653.26,2.856629315509044e-4
