d_most_recent_category,total,percentage
3_information_technology,66436957.83017308,0.5011673139535705
11_defence,40437824.4893701,0.30504280363450725
10_office_management,24251362.279919155,0.18294019609703066
6_industrial_products_and_services,1391629.19,0.010497757362016557
1_facilities_and_construction,46653.26,3.5192895287506335e-4
