d_fiscal_year,total
2017-2018,27945425.775908496
2018-2019,40843614.22096871
2019-2020,23089932.55480161
2020-2021,41991542.863917954
