d_fiscal_year,total
2017-2018,4770630.57476395
2018-2019,5328179.624437977
2019-2020,5071144.890610472
2020-2021,5392516.411130829
