d_most_recent_category,total,percentage
6_industrial_products_and_services,11473809.87311116,0.5585333254543142
3_information_technology,5145945.734609836,0.25049937340296297
2_professional_services,1674636.8817994823,0.08151961003919682
10_office_management,918821.1463158178,0.04472727333160568
9_human_capital,767679.747105741,0.037369864654959006
5_transportation_and_logistics,459614.35686567164,0.02237355664820004
1_facilities_and_construction,84074.50887671232,0.00409266107318854
8_security_and_protection,18166.68,8.843353955727586e-4
