d_fiscal_year,total
2017-2018,5061816.3350018365
2018-2019,5816548.65380011
2019-2020,5784624.925716648
2020-2021,6230743.31196708
