d_most_recent_category,total,percentage
1_facilities_and_construction,19694319.258104943,0.9963024566439685
2_professional_services,73090.8559331099,0.0036975433560314298
