owner_org,d_fiscal_year,total
dfo-mpo,2019-2020,680984.71
pwgsc-tpsgc,2017-2018,3546507.261331064
pwgsc-tpsgc,2018-2019,2445364.161339286
