d_fiscal_year,total
2017-2018,3546507.261331064
2018-2019,2445364.161339286
2019-2020,680984.71
