d_most_recent_category,total,percentage
2_professional_services,63405938.84414408,0.5350367570141896
3_information_technology,54292373.74943912,0.45813398730527616
1_facilities_and_construction,809318.915671233,0.006829255680534228
