d_fiscal_year,total
2017-2018,12018155.16280068
2018-2019,24296012.801503986
2019-2020,39691692.02110952
2020-2021,41416320.76767587
