d_most_recent_category,total,percentage
2_professional_services,63405938.84414408,0.5382444142872768
3_information_technology,53586129.790307,0.4548853872158941
1_facilities_and_construction,809318.915671233,0.006870198496829103
