d_fiscal_year,total
2017-2018,12018155.16280068
2018-2019,24296012.801503986
2019-2020,39810238.778750494
2020-2021,41676980.807067156
