d_fiscal_year,total
2017-2018,22550433.13168556
2018-2019,33296453.769520987
2019-2020,48901771.299712956
2020-2021,49386424.14661098
