d_most_recent_category,total,percentage
3_information_technology,43801050.00,0.66672535336770955
2_professional_services,15794995.61,0.24042629182757366
9_human_capital,2187443.31,0.03329655144993379
10_office_management,1865658.82,0.02839845247497129
7_travel,1505734.49,0.022919801300765378
8_security_and_protection,389408.48,0.005927449374275997
6_industrial_products_and_services,60817.66,9.257466625070168e-4
4_medical,46858.06,7.132581500175945e-4
5_transportation_and_logistics,43825.36,6.670953922457475e-4
