d_most_recent_category,total,percentage
3_information_technology,33891548.62054318,0.6518272195484017
2_professional_services,12830493.380782913,0.24676549659818584
9_human_capital,1851037.8609933543,0.03560052317818169
10_office_management,1682204.465,0.03235339498379295
7_travel,1334498.2237200085,0.025666052513529335
8_security_and_protection,256011.72,0.00492380591656568
6_industrial_products_and_services,58203.72887052342,0.0011194169727029213
4_medical,46858.05892351275,9.012086937518929e-4
5_transportation_and_logistics,43825.36,8.428815948880032e-4
