d_most_recent_category,total,percentage
3_information_technology,33891548.62,0.6518272195484017
2_professional_services,12830493.38,0.24676549659818584
9_human_capital,1851037.86,0.03560052317818169
10_office_management,1682204.47,0.03235339498379295
7_travel,1334498.22,0.025666052513529335
8_security_and_protection,256011.72,0.00492380591656568
6_industrial_products_and_services,58203.73,0.0011194169727029213
4_medical,46858.06,9.012086937518929e-4
5_transportation_and_logistics,43825.36,8.428815948880032e-4
