d_fiscal_year,total
2017-2018,7064562.60364087
2018-2019,13835020.810605153
2019-2020,16287991.525544574
2020-2021,14780549.110683829
