d_most_recent_category,total,percentage
3_information_technology,33885552.28054318,0.6517118935220395
2_professional_services,12858630.380782913,0.24730664810122802
9_human_capital,1851037.8609933543,0.03560052317818169
10_office_management,1682204.465,0.03235339498379295
7_travel,1334498.2237200085,0.025666052513529335
8_security_and_protection,256011.72,0.00492380591656568
4_medical,46858.05892351275,9.012086937518929e-4
5_transportation_and_logistics,43825.36,8.428815948880032e-4
6_industrial_products_and_services,36063.06887052341,6.935914960229117e-4
