d_fiscal_year,total
2017-2018,7047191.366358373
2018-2019,13850427.112908978
2019-2020,16310724.087356195
2020-2021,14786338.85220995
