d_fiscal_year,total
2017-2018,8845606.539078236
2018-2019,17164982.335029453
2019-2020,19880961.511227317
2020-2021,17328450.290461864
