owner_org,d_fiscal_year,total
csc-scc,2017-2018,849801.532412576
csc-scc,2018-2019,983249.467978364
csc-scc,2019-2020,1232774.8720762625
csc-scc,2020-2021,1194171.004778533
