d_fiscal_year,total
2017-2018,3331363.582754726
2018-2019,2116195.1253211405
2019-2020,798415.0435554221
2020-2021,257484.38915126954
