d_most_recent_category,total,percentage
2_professional_services,3515887.830953175,0.5393937914056345
1_facilities_and_construction,2202556.5853699767,0.33790763656020123
3_information_technology,386438.5594382285,0.059285895837071646
6_industrial_products_and_services,285602.99542553193,0.04381609708453621
11_defence,127734.82959564582,0.019596579112556353
