d_most_recent_category,total,percentage
2_professional_services,3532661.29,0.5405760357428391
1_facilities_and_construction,2202556.59,0.3370403243478006
3_information_technology,330033.24,0.05050245217180628
6_industrial_products_and_services,285603.00,0.043703633701086216
11_defence,184140.15,0.028177554036467867
