owner_org,d_fiscal_year,total
aafc-aac,2017-2018,1036607.2217063063
aafc-aac,2018-2019,1111815.6453958775
aafc-aac,2019-2020,1868015.0988195348
aafc-aac,2020-2021,893598.8831834941
nrc-cnrc,2017-2018,1923.777692307692
nrc-cnrc,2018-2019,22476.56
