d_fiscal_year,total
2017-2018,1038530.9993986139
2018-2019,1134292.2053958774
2019-2020,1868015.0988195348
2020-2021,893598.8831834941
