d_most_recent_category,total,percentage
3_information_technology,4795151.801910968,0.9717727919894853
6_industrial_products_and_services,139285.3848865523,0.02822720801051464
