d_fiscal_year,total
2017-2018,695602.1843849509
2018-2019,1234469.1744648037
2019-2020,4171135.7766783037
2020-2021,2472214.6663733954
