d_most_recent_category,total,percentage
1_facilities_and_construction,8706812.12371882,0.9967025960314666
2_professional_services,28804.858103448274,0.003297403968533373
