d_most_recent_category,total,percentage
1_facilities_and_construction,8544616.943798006,0.996640214517725
2_professional_services,28804.858103448274,0.0033597854822749766
