d_most_recent_category,total,percentage
1_facilities_and_construction,4108462.347076736,0.30891949187390555
8_security_and_protection,3951581.2695651124,0.29712344297400395
6_industrial_products_and_services,2776356.902004982,0.20875711908087505
2_professional_services,1281076.2040897831,0.09632543189808035
11_defence,727816.1371971497,0.054725240804640335
10_office_management,268288.57205406704,0.02017289252108852
3_information_technology,167048.2643181818,0.012560530089391798
5_transportation_and_logistics,18830.050163220894,0.0014158507580144324
