d_most_recent_category,total,percentage
8_security_and_protection,5066990.28,0.32656997340404964
1_facilities_and_construction,4189589.72,0.27002108271989855
6_industrial_products_and_services,3254840.38,0.2097760361579187
2_professional_services,1508904.53,0.09724962643737008
11_defence,774730.77,0.049931772669564514
3_information_technology,406856.29,0.026222084470946167
10_office_management,313875.44,0.02022942414025236
