d_most_recent_category,total,percentage
1_facilities_and_construction,4108462.347076736,0.30891949187390555
8_security_and_protection,3970411.319728333,0.2985392937320184
3_information_technology,3228825.1150890267,0.2427786674527303
2_professional_services,1271058.029352941,0.09557215507873423
6_industrial_products_and_services,500049.7297898231,0.03759925134722689
10_office_management,220653.20543237252,0.016591140515384618
