d_most_recent_category,total,percentage
7_travel,31347620.60,0.8370474584764829
11_defence,5170435.32,0.13806150700817632
5_transportation_and_logistics,576787.72,0.015401446295555243
2_professional_services,355387.27,0.009489588219785593
