d_fiscal_year,total
2017-2018,7578110.8147821715
2018-2019,7115869.336132537
2019-2020,7378438.861520557
2020-2021,8261057.460675182
