d_fiscal_year,total
2017-2018,1631543.0048066613
2018-2019,1446416.5649260504
2019-2020,1673793.383458072
2020-2021,1217880.239022371
