d_most_recent_category,total,percentage
2_professional_services,7545093.04,0.9754132163564293
10_office_management,166512.12,0.02152632505857245
9_human_capital,23673.50,0.003060458584998193
