d_fiscal_year,total
2017-2018,209346234.53070927
2018-2019,241277120.76404452
2019-2020,254426772.9089277
2020-2021,257515960.42285323
