d_fiscal_year,total
2017-2018,208935596.14166445
2018-2019,241202242.88457084
2019-2020,253866330.31892774
2020-2021,257229183.56285322
