d_fiscal_year,total
2017-2018,208844953.71762738
2018-2019,239314093.75629166
2019-2020,248684857.77120045
2020-2021,254321394.1022877
