d_fiscal_year,total
2017-2018,46962735.63017935
2018-2019,72559193.55671309
2019-2020,83709878.38089062
2020-2021,127204942.63755535
