d_fiscal_year,total
2017-2018,46963651.30061208
2018-2019,72548634.09352188
2019-2020,83597565.39871727
2020-2021,127127088.82562324
