d_most_recent_category,total,percentage
10_office_management,18691995.10720539,0.9075782542708116
2_professional_services,1448555.516245332,0.07033371660478933
3_information_technology,454913.2048704663,0.022088029124399087
