d_most_recent_category,total,percentage
10_office_management,18691995.10720539,0.9075782542708116
2_professional_services,1209905.1209158192,0.05874619435625709
3_information_technology,693563.6001999793,0.03367555137293134
