d_most_recent_category,total,percentage
3_information_technology,20940333.37,0.8420469510286589
2_professional_services,3635643.80,0.1461955130782556
11_defence,258119.73,0.01037943982595502
9_human_capital,34271.00,0.001378096067130465
