d_fiscal_year,total
2017-2018,3444321.290665419
2018-2019,4750702.5876656305
2019-2020,5431218.910641824
2020-2021,6969221.0393483145
