d_fiscal_year,total
2017-2018,10251505.850768533
2018-2019,9465517.250768533
2019-2020,9401073.31866105
2020-2021,6044465.4446273185
