d_most_recent_category,total,percentage
1_facilities_and_construction,22300408.562148917,0.979907340422245
5_transportation_and_logistics,373171.14999999997,0.016397598640388925
2_professional_services,84090.98000000001,0.0036950609373660654
