d_most_recent_category,total,percentage
1_facilities_and_construction,22300408.562148917,0.979907340422245
5_transportation_and_logistics,373171.14999999997,0.016397598640388925
6_industrial_products_and_services,64988.560000000005,0.002855677141967792
2_professional_services,19102.420000000002,8.39383795398273e-4
