d_most_recent_category,total,percentage
3_information_technology,4390895.666559681,0.9757304296673703
2_professional_services,74764.66103948429,0.016613957693316958
NA,34451.11,0.007655612639312742
