d_fiscal_year,total
2017-2018,1158639.0365096547
2018-2019,1473621.4017318233
2019-2020,1141272.4822774956
2020-2021,726578.517080192
