d_most_recent_category,total,percentage
3_information_technology,3732045.2165596816,0.8293228441806652
11_defence,658850.45,0.14640758548670527
2_professional_services,74764.66103948429,0.016613957693316958
NA,34451.11,0.007655612639312742
