d_fiscal_year,total
2017-2018,646884.2952143569
2018-2019,1311737.5986291126
2019-2020,1331792.3702691924
2020-2021,1311737.5986291126
