d_most_recent_category,d_fiscal_year,total
2_professional_services,2017-2018,129831.00801830908
2_professional_services,2018-2019,1528655.4169897682
2_professional_services,2019-2020,1532843.514022617
2_professional_services,2020-2021,1528655.4169897682
4_medical,2017-2018,1292938.4257357973
