d_most_recent_category,total,percentage
2_professional_services,4719985.36,0.7849734218054308
4_medical,1292938.43,0.21502657819456922
