d_most_recent_category,total,percentage
1_facilities_and_construction,6119714.11,0.7892650729518867
2_professional_services,1200000.00,0.15476508726873506
11_defence,433972.60,0.05596983977937815
