d_most_recent_category,total,percentage
1_facilities_and_construction,4572833.46,0.7367450206051277
2_professional_services,1200000.00,0.1933361518694736
11_defence,433972.60,0.06991882752539867
