d_fiscal_year,total
2017-2018,1633972.602739726
2018-2019,1474834.1472229823
2019-2020,1551118.6720793433
2020-2021,1546880.6429206566
