d_most_recent_category,total,percentage
3_information_technology,30124984.63784488,0.5719745192254675
2_professional_services,22313647.420486685,0.4236628801286091
11_defence,129234.32011869438,0.002453735296663324
9_human_capital,100536.89000000001,0.0019088653492600604
