d_most_recent_category,total,percentage
3_information_technology,30608094.818368975,0.5772685618433084
2_professional_services,22313647.420486685,0.4208353127608806
9_human_capital,100536.89000000001,0.001896125395810948
