d_fiscal_year,total
2017-2018,20283958.244919337
2018-2019,26271601.993552215
2019-2020,24913336.57970597
2020-2021,24187454.626585063
