d_fiscal_year,total
2017-2018,20496945.594919335
2018-2019,26584382.89833515
2019-2020,24804087.750146203
2020-2021,23844481.893168185
