d_most_recent_category,total,percentage
1_facilities_and_construction,86765285.9479115,0.9070520110524466
2_professional_services,8766614.106321834,0.09164696304964315
10_office_management,124451.39052924079,0.0013010258979102513
