d_fiscal_year,total
2017-2018,20272658.244919337
2018-2019,26267282.89833515
2019-2020,24774351.750146203
2020-2021,23796327.843168184
