d_fiscal_year,total
2017-2018,25640163.50633793
2018-2019,32551247.652307045
2019-2020,30876903.3651868
2020-2021,29843513.30057163
