d_fiscal_year,total
2017-2018,20594233.747916967
2018-2019,27505317.893886082
2019-2020,25817149.141674273
2020-2021,24795093.85142902
