d_most_recent_category,d_fiscal_year,total
4_medical,2017-2018,878004.0463925579
4_medical,2018-2019,1182906.8790368012
4_medical,2019-2020,1041093.4722816861
4_medical,2020-2021,1022420.8703672028
