owner_org,d_fiscal_year,total
pwgsc-tpsgc,2019-2020,1289830.1453419768
pwgsc-tpsgc,2020-2021,5826774.083737596
