d_fiscal_year,total
2017-2018,8343147.792367732
2018-2019,7688385.029504451
2019-2020,9395840.030514255
2020-2021,5457502.376255523
