d_fiscal_year,total
2017-2018,8343147.792367732
2018-2019,7553411.64160899
2019-2020,9269074.207281793
2020-2021,5461692.397383447
