d_most_recent_category,total,percentage
5_transportation_and_logistics,25389659.695388947,0.8312058661914811
NA,5155913.583253012,0.16879413380851896
