d_most_recent_category,d_fiscal_year,total
1_facilities_and_construction,2017-2018,743869.4462686568
1_facilities_and_construction,2018-2019,6499201.796445993
1_facilities_and_construction,2019-2020,16755255.962090593
1_facilities_and_construction,2020-2021,18260801.25421603
10_office_management,2017-2018,1404769.6655113637
10_office_management,2018-2019,3145649.8644886366
