category,total,percentage
1_facilities_and_construction,42259128.45902127,0.9027886462166381
10_office_management,4550419.53,0.09721135378336183
