d_most_recent_category,total,percentage
10_office_management,4849432.61,0.938898400006194
8_security_and_protection,183442.61,0.03551631435766742
6_industrial_products_and_services,83106.61,0.016090266519649205
1_facilities_and_construction,49042.00,0.009495019116489487
