d_fiscal_year,total
2017-2018,599439.1050969755
2018-2019,1447911.2349743526
2019-2020,1878422.5506298714
2020-2021,2045054.7552186
