d_fiscal_year,total
2017-2018,1142004.5999999999
2018-2019,1164112.665052145
2019-2020,1306111.6803982558
2020-2021,1268731.712500993
