owner_org,d_fiscal_year,total
csc-scc,2017-2018,1142004.5999999999
csc-scc,2018-2019,1164112.665052145
csc-scc,2019-2020,1306111.6803982558
csc-scc,2020-2021,1268731.712500993
