d_most_recent_category,total,percentage
4_medical,4812926.36,0.9860612896202167
2_professional_services,43035.31,0.008816974772413732
9_human_capital,24998.99,0.00512173560736964
