d_most_recent_category,total,percentage
4_medical,6077199.47,0.9875110704968547
2_professional_services,43035.31,0.006992997730711936
9_human_capital,33822.28,0.00549593177243344
