d_most_recent_category,d_fiscal_year,total
2_professional_services,2017-2018,14045.900000000001
2_professional_services,2018-2019,11154.975052144991
2_professional_services,2019-2020,13375.823950617283
2_professional_services,2020-2021,4458.607983539095
4_medical,2017-2018,1127958.7
4_medical,2018-2019,1152957.69
4_medical,2019-2020,1267736.8664476385
4_medical,2020-2021,1264273.1045174538
9_human_capital,2019-2020,24998.99
