d_most_recent_category,total,percentage
10_office_management,6122344.359355459,0.5954122408203467
3_information_technology,2466422.981694278,0.23986537642191594
2_professional_services,1693762.8785510883,0.16472238275773737
