d_fiscal_year,total
2017-2018,4569222.544145872
2018-2019,3000928.5961219915
2019-2020,1881737.028731191
2020-2021,830642.0506017705
