d_most_recent_category,total,percentage
10_office_management,6122344.359355459,0.5954122408203467
3_information_technology,3728253.0702453656,0.36258128987926275
2_professional_services,431932.79000000004,0.042006469300390537
