d_fiscal_year,total
2017-2018,4204626.37000386
2018-2019,2964280.812788658
2019-2020,1881737.028731191
2020-2021,785466.2647465074
