d_fiscal_year,total
2017-2018,41557764.58923694
2018-2019,43350441.28767434
2019-2020,44777981.037992805
2020-2021,44669403.15725798
