d_most_recent_category,total,percentage
2_professional_services,165967450.58111656,0.9518906191216823
10_office_management,6231351.031780454,0.035739324613575235
1_facilities_and_construction,2131952.829265029,0.012227613857305406
8_security_and_protection,24835.629999999997,1.4244240743712929e-4
