d_fiscal_year,total
2017-2018,72699695.7332447
2018-2019,61630833.71501447
2019-2020,44818334.965429254
2020-2021,44709646.828062095
