d_fiscal_year,total
2017-2018,77157460.64512071
2018-2019,75161067.10686861
2019-2020,51465342.4424652
2020-2021,64346530.83810048
