d_fiscal_year,total
2017-2018,77666299.33412072
2018-2019,75646511.97671618
2019-2020,51952721.824979626
2020-2021,64808226.98826546
