d_fiscal_year,total
2017-2018,81661159.10300063
2018-2019,82780779.8765084
2019-2020,53783803.305568
2020-2021,66670072.24808173
