d_fiscal_year,total
2017-2018,84610403.31600854
2018-2019,86529797.9386025
2019-2020,56585421.85198882
2020-2021,69338995.78629164
