d_fiscal_year,total
2017-2018,77529955.38542159
2018-2019,75161067.10686861
2019-2020,51465342.4424652
2020-2021,64359932.85231849
