d_fiscal_year,total
2017-2018,521006.42769032804
2018-2019,871168.1422001319
2019-2020,1079617.3127557694
2020-2021,1666038.6677872087
