d_most_recent_category,total,percentage
2_professional_services,41258425.88640004,0.6751379939231831
3_information_technology,18128527.16199764,0.296648677160692
1_facilities_and_construction,1442000.155797851,0.02359637023241811
4_medical,103017.6,0.0016857428345492685
9_human_capital,97677.08,0.0015983524922896248
NA,81452.74672882345,0.0013328633568678602
10_office_management,0,0
