d_fiscal_year,total
2017-2018,15343242.841472026
2018-2019,17361110.902913462
2019-2020,16961172.362026386
2020-2021,13690290.627765214
