d_most_recent_category,total,percentage
2_professional_services,42755639.82892351,0.6829219051912802
3_information_technology,14994903.914954921,0.23950871489084272
9_human_capital,3297698.387042716,0.05267306194543096
1_facilities_and_construction,1410351.075797851,0.022527078241052954
4_medical,103017.6,0.001645466561645057
NA,45313.21184510251,7.237731697482265e-4
10_office_management,0,0
