d_most_recent_category,total,percentage
2_professional_services,42723990.74892351,0.6824163847477168
3_information_technology,18194925.221997637,0.2906216126606461
1_facilities_and_construction,1442000.155797851,0.023032598684616285
4_medical,103017.6,0.001645466561645057
9_human_capital,97677.08,0.0015601641756275546
NA,45313.21184510251,7.237731697482265e-4
10_office_management,0,0
