d_most_recent_category,total,percentage
2_professional_services,42833245.52995267,0.676074395973281
3_information_technology,18798423.62169775,0.29671188204503096
1_facilities_and_construction,1442000.155797851,0.022760343566370106
4_medical,103017.6,0.001626016446638711
9_human_capital,97677.08,0.0015417223711253717
NA,81452.74672882345,0.0012856395975538585
10_office_management,0,0
