d_fiscal_year,total
2017-2018,13899484.666473199
2018-2019,16897729.824854907
2019-2020,16543684.697744733
2020-2021,14069373.946464557
