d_most_recent_category,total,percentage
2_professional_services,41625387.00589681,0.677824488974772
3_information_technology,14928505.854954923,0.24309460115910106
9_human_capital,3297698.387042716,0.05369945806566324
1_facilities_and_construction,1410351.075797851,0.022966044666257922
4_medical,103017.6,0.0016775303990690922
NA,45313.21184510251,7.378767351366866e-4
10_office_management,0,0
