d_most_recent_category,total,percentage
2_professional_services,42590899.44001543,0.6935468166053244
10_office_management,16796190.823531184,0.2735078345354473
1_facilities_and_construction,1456605.405797851,0.023719246494523907
3_information_technology,406511.6043478261,0.006619602610309555
4_medical,103017.6,0.0016775303990690924
NA,45313.21184510251,7.378767351366866e-4
9_human_capital,11735.05,1.910926201891303e-4
