d_fiscal_year,total
2017-2018,13882127.866473198
2018-2019,16897729.824854907
2019-2020,16424724.645600444
2020-2021,13906518.293995798
