d_most_recent_category,total,percentage
2_professional_services,54810060.65,0.6404511838133436
3_information_technology,23111867.62,0.2700603283933447
9_human_capital,4277547.63,0.049982802618755415
1_facilities_and_construction,2190265.04,0.025593072214042573
11_defence,948861.00,0.011087365048136068
4_medical,103017.60,0.0012037524332677413
10_office_management,93455.00,0.0010920142155421673
NA,45313.21,5.294812635677668e-4
