d_most_recent_category,total,percentage
2_professional_services,41625387.01,0.677824488974772
3_information_technology,14703748.85,0.23943467605986002
9_human_capital,3297698.39,0.05369945806566324
1_facilities_and_construction,1410351.08,0.022966044666257922
11_defence,224757.00,0.003659925099241022
4_medical,103017.60,0.0016775303990690922
NA,45313.21,7.378767351366866e-4
10_office_management,0.00,0
