d_most_recent_category,total,percentage
1_facilities_and_construction,4005850.440488953,0.5252708323516364
2_professional_services,3620406.708713049,0.47472916764836365
