d_most_recent_category,total,percentage
1_facilities_and_construction,3908988.0104889534,0.5191636454547895
2_professional_services,3620406.708713049,0.4808363545452104
