d_fiscal_year,total
2017-2018,1721238.258829081
2018-2019,1863155.3857049737
2019-2020,2017053.5528787961
2020-2021,2024809.951789152
