d_fiscal_year,total
2017-2018,234945.83922124913
2018-2019,577748.2066998002
2019-2020,4617248.618891969
2020-2021,615562.1472556527
