d_most_recent_category,total,percentage
2_professional_services,4212455.3054575715,0.6460359320078627
1_facilities_and_construction,821639.8349062845,0.12600937411270874
3_information_technology,689850,0.10579765371474109
9_human_capital,672738.2425205479,0.10317333858498579
6_industrial_products_and_services,58161.75,0.008919876329554748
10_office_management,55188,0.0084638122971792875
5_transportation_and_logistics,10432.83,0.001600012952967692
