d_fiscal_year,total
2017-2018,408071.33016904583
2018-2019,1566906.8172971837
2019-2020,2844210
2020-2021,1486514.2955737705
