d_most_recent_category,total,percentage
6_industrial_products_and_services,5705370.00,0.9019154802093837
1_facilities_and_construction,349365.37,0.05522832573512085
2_professional_services,255168.28,0.040337475839818546
3_information_technology,15933.00,0.0025187182156768293
