d_fiscal_year,total
2017-2018,4601055.57148646
2018-2019,2007626.008470477
2019-2020,1365942.7938188994
2020-2021,1994731.0135415269
