d_fiscal_year,total
2017-2018,4618015.183492286
2018-2019,2024585.6204763034
2019-2020,1357393.0321939848
2020-2021,1977771.058321076
