d_most_recent_category,total,percentage
6_industrial_products_and_services,7646259.673202694,0.7669763365974471
2_professional_services,1023361.2077372263,0.10265068983688833
3_information_technology,934031.5088170865,0.0936902610579342
1_facilities_and_construction,183146.34,0.01837093100653146
NA,141783.0675603558,0.014221889184603334
9_human_capital,23358.329999999998,0.0023430130728126696
11_defence,17415.260000000002,0.0017468792437829066
