d_fiscal_year,total
2017-2018,2594385.1332510943
2018-2019,2300206.8738528136
2019-2020,2306508.8104935065
