owner_org,d_fiscal_year,total
pwgsc-tpsgc,2017-2018,2594385.1332510943
pwgsc-tpsgc,2018-2019,2300206.8738528136
pwgsc-tpsgc,2019-2020,2306508.8104935065
