d_most_recent_category,total,percentage
1_facilities_and_construction,6906922.558199134,0.9591481543100474
2_professional_services,294178.25939828076,0.04085184568995256
