d_fiscal_year,total
2017-2018,1992005.4645289136
2018-2019,1379994.0866446984
2019-2020,65577.41417437253
2020-2021,886509.4879128138
