d_most_recent_category,total,percentage
10_office_management,22364802.46,0.9079716538041375
2_professional_services,1798573.62,0.07301892624040762
5_transportation_and_logistics,424280.79,0.017225054159654342
6_industrial_products_and_services,43951.80,0.0017843657958005693
