d_most_recent_category,total,percentage
10_office_management,18711506.945464555,0.899838968542421
2_professional_services,1798573.616399806,0.08649365508324815
5_transportation_and_logistics,240251.50402985074,0.011553728206235547
6_industrial_products_and_services,43951.8,0.002113648168095254
