d_most_recent_category,total,percentage
10_office_management,18721509.775464553,0.8987566794005285
2_professional_services,1798573.616399806,0.08634346644688695
5_transportation_and_logistics,266418.9283228949,0.012789876148917101
6_industrial_products_and_services,43951.8,0.002109978003667493
