d_fiscal_year,total
2017-2018,7367140.252059217
2018-2019,6269914.280340728
2019-2020,5602407.5311698215
2020-2021,3997547.2539163395
