d_fiscal_year,total
2017-2018,7367140.252059217
2018-2019,6241058.326758173
2019-2020,5571344.945842719
2020-2021,3966569.53904095
