d_most_recent_category,total,percentage
10_office_management,18721509.775464553,0.8987566794005285
2_professional_services,2064992.544722701,0.09913334259580404
6_industrial_products_and_services,43951.8,0.002109978003667493
