d_fiscal_year,total
2017-2018,4617069.789481903
2018-2019,5708489.405132624
2019-2020,5749563.810673659
2020-2021,4729163.690606024
