d_most_recent_category,total,percentage
4_medical,67189800.00,0.9978080509542808
2_professional_services,147600.15,0.002191949045719134
