owner_org,d_fiscal_year,total
dnd-mdn,2018-2019,1302873.5076502732
dnd-mdn,2019-2020,2807917.042349727
