d_fiscal_year,total
2017-2018,1635782.9481268013
2018-2019,1635782.9481268013
2019-2020,1640264.5452449569
2020-2021,1635782.9481268013
