d_fiscal_year,total
2017-2018,3588473.3814624846
2018-2019,2555638.5018566195
2019-2020,2624857.0038068895
2020-2021,1381844.4445474078
