d_most_recent_category,total,percentage
5_transportation_and_logistics,16335863.08,0.996479937446474
11_defence,36214.50,0.0022090674073472075
1_facilities_and_construction,21491.89,0.0013109951461787784
