owner_org,d_fiscal_year,total
dfo-mpo,2017-2018,5237197.074614055
dfo-mpo,2018-2019,449517.89817440655
dfo-mpo,2019-2020,2935204.915086945
dfo-mpo,2020-2021,6507842.4860293195
dnd-mdn,2017-2018,36214.5
tc,2020-2021,239120.85020242917
