d_most_recent_category,total,percentage
6_industrial_products_and_services,3811028.7557392106,0.6845426002441117
1_facilities_and_construction,1343710.7817349334,0.24135931042757613
2_professional_services,364206.08817567566,0.06541923417635159
3_information_technology,30381.37,0.0054571464430591705
10_office_management,17936.1,0.0032217087089013293
