d_fiscal_year,total
2017-2018,1415018.7730417936
2018-2019,572191.4655224886
2019-2020,1404664.105405644
2020-2021,1921646.1135042177
