d_fiscal_year,total
2017-2018,1039628.3408688697
2018-2019,1593876.443806087
2019-2020,1841888.801340597
2020-2021,1476452.2074918367
