d_most_recent_category,total,percentage
3_information_technology,5557086.341571014,0.9336744489638824
9_human_capital,212630.25,0.03572509392497183
2_professional_services,182129.20193637622,0.03060045711114576
