d_most_recent_category,total,percentage
4_medical,9990764.072302071,0.997638191887363
1_facilities_and_construction,23652.129428571432,0.002361808112637059
