d_most_recent_category,total,percentage
4_medical,20673638.75,0.996496268947129
1_facilities_and_construction,36537.24,0.0017611427033082858
6_industrial_products_and_services,36152.31,0.0017425883495627967
