d_most_recent_category,total,percentage
4_medical,9990764.072302071,0.9976566323572449
6_industrial_products_and_services,23467.025120772953,0.0023433676427551363
