owner_org,d_fiscal_year,total
cfia-acia,2019-2020,10767.014142857144
cfia-acia,2020-2021,12885.115285714286
dnd-mdn,2020-2021,46986
phac-aspc,2020-2021,9943778.072302071
