owner_org,d_fiscal_year,total
pc,2017-2018,7241409.836563956
pc,2018-2019,2371415.884824251
pc,2019-2020,2006548.8618897826
pc,2020-2021,3533206.211355808
