d_fiscal_year,total
2017-2018,7594369.798720514
2018-2019,7837997.653143058
2019-2020,5473798.287094804
2020-2021,6138174.901255249
