d_most_recent_category,total,percentage
3_information_technology,20755792.044131413,0.769038736405266
11_defence,2390585.94,0.08857542929013916
6_industrial_products_and_services,1462464.1253443914,0.05418687760031223
10_office_management,1042067.1754800085,0.03861042846144428
2_professional_services,980493.4441246113,0.036329013015739785
1_facilities_and_construction,292663.1411332008,0.010843686030912507
5_transportation_and_logistics,65201.45999999999,0.002415829196186035
