d_most_recent_category,total,percentage
4_medical,9961281.20,0.5577430014125647
5_transportation_and_logistics,3289018.41,0.18415572890816825
3_information_technology,2235600.00,0.12517368291261738
2_professional_services,1445190.32,0.08091778262128296
1_facilities_and_construction,825650.37,0.04622906499122529
6_industrial_products_and_services,103243.91,0.005780739154141531
