d_fiscal_year,total
2017-2018,2723228.0987143493
2018-2019,2753678.209436027
2019-2020,6800509.887964892
2020-2021,3261942.8494278383
