d_most_recent_category,total,percentage
1_facilities_and_construction,3296595.18,0.7605845955050811
11_defence,887178.6,0.20468827374241444
2_professional_services,150517.5,0.03472713075250448
