d_most_recent_category,total,percentage
6_industrial_products_and_services,15783300.40284688,0.6631155446183273
3_information_technology,3918103.8892077203,0.16461421426753856
1_facilities_and_construction,2586424.680618132,0.10866538473746712
8_security_and_protection,599997.89,0.025208157827714708
10_office_management,523331.00000000006,0.02198709472817607
2_professional_services,246796.23,0.010368833658939999
5_transportation_and_logistics,143780.81000000003,0.006040770161836171
