d_fiscal_year,total
2017-2018,2660481.0941616357
2018-2019,7448601.028822908
2019-2020,5221135.006007907
2020-2021,8597897.155603621
