d_fiscal_year,total
2017-2018,2660481.0941616357
2018-2019,7318306.664673911
2019-2020,5161103.5861254195
2020-2021,8449540.427711766
