d_fiscal_year,total
2017-2018,2660481.0941616357
2018-2019,7420189.121115859
2019-2020,5172084.259683471
2020-2021,8548980.427711766
