category,total,percentage
6_industrial_products_and_services,15783300.40284688,0.659613215447049
3_information_technology,3918103.8892077203,0.16374478333756676
1_facilities_and_construction,2586424.680618132,0.10809145467359978
8_security_and_protection,726377.2719233402,0.030356645044568
10_office_management,523331.00000000006,0.02187096708815449
2_professional_services,246796.23,0.010314069343896322
5_transportation_and_logistics,143780.81000000003,0.006008865065165629
