d_most_recent_category,total,percentage
3_information_technology,121323988.32121563,0.6819368857613991
NA,26790852.13075619,0.1505858035310503
2_professional_services,21929875.465046335,0.12326326546548176
9_human_capital,7488528.028926141,0.042091457374962046
1_facilities_and_construction,377631.4655748393,0.002122587867106796
