d_most_recent_category,total,percentage
3_information_technology,82193556.3698639,0.5046817074134449
10_office_management,59882251.26279395,0.36768669158289896
2_professional_services,20325599.414156277,0.12480246225602139
1_facilities_and_construction,460759.66637201636,0.002829138747634695
