d_fiscal_year,total
2017-2018,46950752.81433121
2018-2019,40045792.430172086
2019-2020,43507708.801427156
2020-2021,39727124.0828209
