d_most_recent_category,total,percentage
3_information_technology,162538692.01,0.8042355447141553
2_professional_services,27519245.31,0.13616422631043237
9_human_capital,11274279.73,0.055784726641040144
1_facilities_and_construction,460759.67,0.002279822094520269
11_defence,310366.11,0.0015356802398520059
