d_fiscal_year,total
2017-2018,41519805.51835212
2018-2019,39896109.91545582
2019-2020,43114686.90581636
2020-2021,38144714.90560186
