d_most_recent_category,total,percentage
3_information_technology,141940567.62205246,0.8215515024242742
2_professional_services,22881501.320921384,0.13243804856396385
9_human_capital,7488528.028926141,0.04334357369552133
1_facilities_and_construction,460759.66637201636,0.002666875316240642
