category,total,percentage
3_information_technology,122402352.12577704,0.6815214907628775
NA,26891245.419411242,0.14972720171157583
2_professional_services,22114246.9273751,0.12312945193697097
9_human_capital,7488528.028926141,0.04169521824751402
1_facilities_and_construction,705230.3603116814,0.003926637341061694
