d_fiscal_year,total
2017-2018,41668152.64753451
2018-2019,40283535.15123471
2019-2020,43311288.66503053
2020-2021,38286526.0106088
