d_most_recent_category,total,percentage
10_office_management,7911985.041121778,0.3313585860108522
2_professional_services,5886128.992192802,0.2465145434165223
3_information_technology,5317544.111034126,0.22270187424833404
6_industrial_products_and_services,4761752.537451629,0.19942499632429142
