d_most_recent_category,total,percentage
3_information_technology,17991281.689607535,0.7534854565834778
2_professional_services,5886128.992192802,0.2465145434165223
