d_fiscal_year,total
2017-2018,1189623.323867108
2018-2019,2398156.0763748637
2019-2020,3250198.786398392
2020-2021,3390410.2131689205
