d_most_recent_category,total,percentage
3_information_technology,13229529.152155904,0.5540604602591862
2_professional_services,5886128.992192802,0.2465145434165223
6_industrial_products_and_services,4761752.537451629,0.19942499632429142
