d_most_recent_category,total,percentage
2_professional_services,4820720.487386882,0.5449354974895975
10_office_management,3948013.04575464,0.44628442134588875
6_industrial_products_and_services,77672.16,0.008780081164513854
