d_fiscal_year,total
2017-2018,1183601.7237854719
2018-2019,1692691.194790724
2019-2020,2408853.863308152
2020-2021,3561258.9112571743
