owner_org,d_fiscal_year,total
dfatd-maecd,2019-2020,4262250.446194225
dfatd-maecd,2020-2021,283569.5538057743
dnd-mdn,2017-2018,6048306.265081043
dnd-mdn,2018-2019,32352758.020108737
dnd-mdn,2019-2020,5832182.024810223
dnd-mdn,2020-2021,837240
pch,2017-2018,271095.3488372093
