d_most_recent_category,total,percentage
11_defence,46429641.24,0.906005092458814
7_travel,4520915.35,0.08821890970495508
4_medical,296000.00,0.005775997836230882
