d_most_recent_category,total,percentage
6_industrial_products_and_services,8466159.29,0.9751384906921896
5_transportation_and_logistics,97898.73,0.011276048155773684
1_facilities_and_construction,81520.17,0.00938955349662715
11_defence,36428.90,0.004195907655409462
