d_most_recent_category,total,percentage
5_transportation_and_logistics,4062034.91,0.604021169595341
11_defence,2093792.3599999999,0.31134516029479153
6_industrial_products_and_services,266832.19,0.03967772189567082
3_information_technology,193552.29,0.028781062490587168
1_facilities_and_construction,106506.17,0.015837377767026678
2_professional_services,2269.7368421052633,3.3750795658278994e-4
