d_fiscal_year,total
2017-2018,1802547.0258313718
2018-2019,2186447.2910107337
2019-2020,1695002.27
2020-2021,1040991.0700000001
