d_most_recent_category,total,percentage
6_industrial_products_and_services,6509139.856842105,0.9679036139523033
5_transportation_and_logistics,122884.73,0.01827285584308474
1_facilities_and_construction,81520.17,0.01212198061316293
11_defence,11442.9,0.0017015495914491112
