d_most_recent_category,total,percentage
6_industrial_products_and_services,6509139.856842105,0.9679036139523033
5_transportation_and_logistics,97898.73,0.014557458689220988
1_facilities_and_construction,81520.17,0.01212198061316293
11_defence,36428.9,0.005416946745312861
