d_fiscal_year,total
2017-2018,5303953.25432546
2018-2019,3333062.1981137996
2019-2020,3688069.0771629773
2020-2021,19213.483948828103
