d_most_recent_category,total,percentage
6_industrial_products_and_services,3838352.7351245396,0.716839337928294
3_information_technology,1336837.540127104,0.24966380197762345
9_human_capital,119558.2129744611,0.02232833617614925
5_transportation_and_logistics,59802.42999999999,0.011168523917933307
11_defence,0,0
