d_most_recent_category,total,percentage
6_industrial_products_and_services,3838352.7351245396,0.716839337928294
11_defence,671312.4038738739,0.12537230743082955
3_information_technology,665525.1362532299,0.12429149454679386
9_human_capital,119558.2129744611,0.02232833617614925
5_transportation_and_logistics,59802.42999999999,0.011168523917933307
