d_most_recent_category,total,percentage
6_industrial_products_and_services,3770686.7551245396,0.7132152106926142
3_information_technology,1336837.540127104,0.25285920835183706
9_human_capital,119558.2129744611,0.022614112917421686
5_transportation_and_logistics,59802.42999999999,0.01131146803812707
