d_fiscal_year,total
2017-2018,1121337.6674396156
2018-2019,1508902.5163074376
2019-2020,800834.1195102282
2020-2021,1923476.614968823
