d_most_recent_category,total,percentage
6_industrial_products_and_services,3758981.8951245393,0.7020162759736801
11_defence,708818.4838738738,0.13237683135315045
3_information_technology,665525.1362532299,0.12429149454679386
9_human_capital,119558.2129744611,0.02232833617614925
1_facilities_and_construction,101667.18999999999,0.01898706195022627
