d_most_recent_category,total,percentage
2_professional_services,41148629.767681696,0.8380021996613279
3_information_technology,7848765.402564335,0.1598420824486473
1_facilities_and_construction,66105,0.0013462449593429824
9_human_capital,39747.75,8.094729306818702e-4
