d_most_recent_category,total,percentage
2_professional_services,36684738.66548971,0.8213430068795246
3_information_technology,7888513.152564335,0.17661772574193085
1_facilities_and_construction,91082.52,0.002039267378544532
