d_most_recent_category,total,percentage
2_professional_services,37188716.46126661,0.8237919679480831
3_information_technology,7848765.402564335,0.17386321745402572
1_facilities_and_construction,66105,0.0014643357777063032
9_human_capital,39747.75,8.804788201849438e-4
