d_most_recent_category,total,percentage
2_professional_services,55920054.31,0.8505492995403032
3_information_technology,9719904.90,0.1478406701499163
1_facilities_and_construction,66105.00,0.0010054632839301464
9_human_capital,39747.75,6.04567025850306e-4
