d_most_recent_category,total,percentage
2_professional_services,36709716.185489714,0.8219022342892729
3_information_technology,7848765.402564335,0.17572780427351362
1_facilities_and_construction,66105,0.0014800399687962772
9_human_capital,39747.75,8.899214684172487e-4
