d_most_recent_category,total,percentage
2_professional_services,43768368.03,0.9650702547931399
8_security_and_protection,1380707.40,0.030443895991120237
3_information_technology,113000.00,0.0024915925290410943
1_facilities_and_construction,79826.14,0.0017601256901941585
9_human_capital,10618.43,2.341309965045913e-4
