d_most_recent_category,total,percentage
6_industrial_products_and_services,9336793.10,0.6706157107672226
1_facilities_and_construction,3005744.20,0.21588775277967062
2_professional_services,1335634.72,0.09593204185803254
NA,143371.69,0.010297680026618702
10_office_management,101134.32,0.007263978453972777
3_information_technology,39.49,2.836114482815149e-6
