d_most_recent_category,total,percentage
11_defence,8282331.310537771,0.5314767458787143
1_facilities_and_construction,4928904.072743383,0.31628750397814076
6_industrial_products_and_services,2007664.674381342,0.12883173202673562
10_office_management,127564.93000000001,0.008185834560661142
3_information_technology,116198.83,0.007456472547136495
2_professional_services,67460.29,0.004328923108837384
8_security_and_protection,53495.259999999995,0.003432787899774284
