d_most_recent_category,total,percentage
1_facilities_and_construction,4928904.072743383,0.31628750397814076
3_information_technology,4792198.322454725,0.30751510348096645
6_industrial_products_and_services,3607770.182843509,0.23151041473266332
5_transportation_and_logistics,1298888.9840502793,0.08334963485732963
11_defence,725845.3655705996,0.04657745729318814
10_office_management,109056.89,0.006998174649100034
9_human_capital,67460.29,0.004328923108837384
8_security_and_protection,53495.259999999995,0.003432787899774284
