d_most_recent_category,total,percentage
11_defence,8173209.54,0.44589265604744804
1_facilities_and_construction,5700818.25,0.3110103782944805
6_industrial_products_and_services,4081396.83,0.22266220703389134
3_information_technology,144556.56,0.007886339628745862
10_office_management,109056.89,0.005949641463126859
9_human_capital,67460.29,0.0036803226141746957
8_security_and_protection,53495.26,0.002918454918132653
