d_fiscal_year,total
2017-2018,5276969.034061561
2018-2019,6805509.923501268
2019-2020,2057353.012979435
2020-2021,1443787.397120232
