d_fiscal_year,total
2017-2018,2459075.126141271
2018-2019,2459075.126141271
2019-2020,2516611.418367676
2020-2021,2487811.7318415176
