d_most_recent_category,total,percentage
4_medical,9651745.12,0.97270584237882185
2_professional_services,270828.28,0.02729415762117821
