owner_org,d_fiscal_year,total
csc-scc,2017-2018,2459075.126141271
csc-scc,2018-2019,2459075.126141271
csc-scc,2019-2020,2516611.418367676
csc-scc,2020-2021,2487811.7318415176
