d_most_recent_category,total,percentage
4_medical,12581622.02,0.9737589857206222
2_professional_services,339051.58,0.026241014279377643
