d_most_recent_category,total,percentage
1_facilities_and_construction,7939712.736274098,0.893838835282774
2_professional_services,882969.0265934188,0.09940309335314722
5_transportation_and_logistics,60030,0.0067580713640787
