d_fiscal_year,total
2017-2018,37117359.08834185
2018-2019,43367607.8304981
2019-2020,51132996.78559787
2020-2021,46435545.36118736
