d_most_recent_category,total,percentage
3_information_technology,115485805.66,0.475548175077324
2_professional_services,46579964.55,0.19180727026641892
9_human_capital,34470887.21,0.1419444356037961
11_defence,27991307.66,0.11526278229062943
6_industrial_products_and_services,11865156.11,0.04885841426204884
1_facilities_and_construction,6454631.60,0.026578922499782758
