d_fiscal_year,total
2017-2018,56298338.7108925
2018-2019,54483430.02147109
2019-2020,57616701.1901287
2020-2021,51072323.416710705
