d_fiscal_year,total
2017-2018,36063879.21375144
2018-2019,42567231.407959394
2019-2020,50000438.863840334
2020-2021,44601945.21251292
