d_fiscal_year,total
2017-2018,36034929.72156394
2018-2019,42295695.452563316
2019-2020,50760922.75394101
2020-2021,46418596.036337644
