owner_org,d_fiscal_year,total
aafc-aac,2017-2018,3149054.7371100164
aafc-aac,2018-2019,3149054.7371100164
aafc-aac,2019-2020,3157682.2843349753
