owner_org,d_fiscal_year,total
csc-scc,2017-2018,1670651.7145148355
csc-scc,2018-2019,1670651.7145148355
csc-scc,2019-2020,1724041.0326340445
csc-scc,2020-2021,1709740.141821219
