d_most_recent_category,total,percentage
4_medical,8342048.27,0.982296718375987
2_professional_services,150343.20,0.017703281624012933
