d_most_recent_category,d_fiscal_year,total
2_professional_services,2017-2018,32373.714514835607
2_professional_services,2018-2019,32373.714514835607
2_professional_services,2019-2020,32462.40962309543
2_professional_services,2020-2021,22783.318326693225
4_medical,2017-2018,1638278
4_medical,2018-2019,1638278
4_medical,2019-2020,1691578.623010949
4_medical,2020-2021,1686956.8234945256
