d_most_recent_category,total,percentage
4_medical,6655091.446505475,0.9822890540853558
2_professional_services,119993.15697945988,0.017710945914644134
