d_most_recent_category,total,percentage
3_information_technology,26494986.375913244,0.5968395387805514
2_professional_services,17330110.998916816,0.3903868946697186
6_industrial_products_and_services,567045.9976535771,0.012773566549730043
