d_fiscal_year,total
2017-2018,1065542.9070272685
2018-2019,3424486.975795773
2019-2020,4974383.06596914
2020-2021,4647674.270495856
