d_most_recent_category,total,percentage
10_office_management,23264186.829002324,0.9762738756857862
11_defence,536597.5342857143,0.022518137355545666
6_industrial_products_and_services,28785.809999999998,0.0012079869586681718
