owner_org,d_fiscal_year,total
dfo-mpo,2019-2020,4309666.09
pc,2017-2018,3141653.2452138485
pc,2018-2019,636937.9182077391
