d_most_recent_category,total,percentage
3_information_technology,49337686.98390386,0.7276919327417156
11_defence,15358679.987325724,0.22652840470581437
10_office_management,2630799.941656065,0.03880222222061323
6_industrial_products_and_services,376391.16235401464,0.005551472497882826
5_transportation_and_logistics,85392.26,0.0012594684209832469
1_facilities_and_construction,11288.7,1.664994129907509e-4
