d_most_recent_category,total,percentage
3_information_technology,47106039.96955999,0.6947769010825505
11_defence,14479191.597325724,0.21355664527672327
10_office_management,5741935.345999942,0.08468901330886945
6_industrial_products_and_services,376391.16235401464,0.005551472497882826
5_transportation_and_logistics,85392.26,0.0012594684209832469
1_facilities_and_construction,11288.7,1.664994129907509e-4
