d_fiscal_year,total
2017-2018,21530664.653024606
2018-2019,9541283.759993948
2019-2020,11208793.78471121
2020-2021,25055579.187509913
