d_most_recent_category,total,percentage
3_information_technology,78869295.86526075,0.9993966148840662
10_office_management,30865.060793804452,3.911083132809594e-4
4_medical,16752.23,2.1227680265285131e-4
