d_fiscal_year,total
2017-2018,23507337.797610745
2018-2019,24107860.52496862
2019-2020,20394998.455962732
2020-2021,10946220.997512462
