d_most_recent_category,total,percentage
3_information_technology,78908800.48526075,0.9993969167784579
10_office_management,30865.060793804452,3.9091262829764583e-4
4_medical,16752.23,2.1217059324442296e-4
