d_most_recent_category,total,percentage
3_information_technology,70655728.98526075,0.8953179509890651
11_defence,8213566.88,0.10407866389500119
10_office_management,30865.060793804452,3.911083132809594e-4
4_medical,16752.23,2.1227680265285131e-4
