d_fiscal_year,total
2017-2018,664061.8600000001
2018-2019,144187.03
2019-2020,3590299.9000000004
2020-2021,3303742.27
