d_most_recent_category,d_fiscal_year,total
4_medical,2017-2018,1548426.7524874485
4_medical,2018-2019,1548426.7524874485
4_medical,2019-2020,1552669.0175627568
4_medical,2020-2021,1548426.7524874485
