d_fiscal_year,total
2017-2018,1548426.7524874485
2018-2019,1548426.7524874485
2019-2020,1552669.0175627568
2020-2021,1548426.7524874485
