d_most_recent_category,total,percentage
3_information_technology,30338037.204232115,0.6308757840919347
2_professional_services,17743461.672765356,0.36897312175981833
NA,7265.930958904109,1.5109414824690916e-4
