category,total,percentage
3_information_technology,30338037.204232115,0.6181716628295348
2_professional_services,17743461.672765356,0.3615430073068599
NA,995544.0035624545,0.020285329863605185
