d_most_recent_category,total,percentage
3_information_technology,28189197.48324124,0.6412682087302929
2_professional_services,15762050.510972723,0.35856650062837037
9_human_capital,7265.930958904109,1.6529064133679163e-4
