d_most_recent_category,total,percentage
3_information_technology,28196463.414200146,0.6414334993716297
2_professional_services,15762050.510972723,0.35856650062837037
