d_most_recent_category,total,percentage
3_information_technology,28196463.414200146,0.6414334993716297
2_professional_services,15600450.510972723,0.3548903072002877
6_industrial_products_and_services,161600,0.003676193428082647
