d_fiscal_year,total
2017-2018,10038328.848110905
2018-2019,12975213.158605672
2019-2020,15039415.200866824
2020-2021,10035807.600372976
