d_most_recent_category,total,percentage
10_office_management,20485327.67293372,0.46601501833761455
2_professional_services,15686863.180972723,0.35685608498220023
3_information_technology,7617457.140307522,0.17328741261076572
1_facilities_and_construction,161600,0.003676193428082646
11_defence,7265.930958904109,1.652906413367916e-4
