d_fiscal_year,total
2017-2018,10680047.563354535
2018-2019,12356980.998781428
2019-2020,11846426.098986527
2020-2021,9075059.264050381
