d_fiscal_year,total
2017-2018,2293750.106165084
2018-2019,3005585.3657346806
2019-2020,2919234.9996167696
2020-2021,1635849.151152182
