d_most_recent_category,total,percentage
2_professional_services,9050208.903544039,0.9183908591354579
3_information_technology,731917.6255952663,0.07427303216432879
1_facilities_and_construction,59520.77,0.006040007659414134
9_human_capital,12772.323529411764,0.0012961010407990762
