d_most_recent_category,total,percentage
10_office_management,7578183.754678536,0.7475813663901624
2_professional_services,2087293.197528735,0.2059096943515083
1_facilities_and_construction,250119.28,0.024674053725272257
3_information_technology,208566.4929139073,0.02057490670630974
9_human_capital,12772.323529411764,0.0012599788267472416
