d_fiscal_year,total
2017-2018,2409548.606165084
2018-2019,2978183.623978728
2019-2020,2904472.848872722
2020-2021,1848880.543652182
