d_most_recent_category,total,percentage
2_professional_services,9391504.499525912,0.9264639118681234
3_information_technology,673137.4555952663,0.066404436090855
1_facilities_and_construction,59520.77,0.005871673214274298
9_human_capital,12772.323529411764,0.0012599788267472416
