owner_org,d_fiscal_year,total
pc,2018-2019,519698.59451219515
pc,2019-2020,2216960.0655299635
pc,2020-2021,5555342.975972247
