owner_org,d_fiscal_year,total
pc,2018-2019,519698.59451219515
pc,2019-2020,2149356.5075816475
pc,2020-2021,5419764.411955019
