category,total,percentage
3_information_technology,17466375.710043024,0.6913680727626257
2_professional_services,6560308.074181117,0.25967536856359763
10_office_management,757372.398997338,0.029978920902137524
9_human_capital,394176.9380291971,0.015602627270637569
8_security_and_protection,37984.45,0.0015035309229234268
4_medical,24860,9.84028431210045e-4
6_industrial_products_and_services,22420.12,8.874511468680995e-4
