d_most_recent_category,total,percentage
10_office_management,5366922.930175605,0.8738844121981185
3_information_technology,687717.0824815704,0.1119794798997324
1_facilities_and_construction,45954.06662650602,0.007482600928779017
6_industrial_products_and_services,30128.981813826147,0.004905836715945123
2_professional_services,10733.240515603798,0.0017476702574248735
