d_most_recent_category,total,percentage
10_office_management,7989604.55454985,0.8273785140011508
3_information_technology,1536327.2810149663,0.15909725870746916
1_facilities_and_construction,89734.86973359501,0.009292663068285209
6_industrial_products_and_services,30128.981813826147,0.0031200633312064682
2_professional_services,10733.240515603798,0.0011115008918883293
