d_fiscal_year,total
2017-2018,2220026.2579474486
2018-2019,2074925.4245138546
2019-2020,2869463.9776117518
2020-2021,2492113.2675547856
