d_fiscal_year,total
2017-2018,2225542.2134856205
2018-2019,2176042.7984925215
2019-2020,2926938.6484713447
2020-2021,2623183.4086029762
