d_most_recent_category,total,percentage
5_transportation_and_logistics,17283279.06,0.9456965678223276
7_travel,482849.40,0.026420277004451504
1_facilities_and_construction,282700.95,0.015468668716211706
2_professional_services,226883.59,0.012414486457009172
