d_fiscal_year,total
2017-2018,4833493.239570926
2018-2019,3898810.981799938
2019-2020,4231380.1501667
2020-2021,2160441.3270960785
