d_most_recent_category,total,percentage
5_transportation_and_logistics,14637775.058633642,0.967842726932378
7_travel,412893.2,0.027300302062240992
1_facilities_and_construction,62999.99999999999,0.0041655300448667654
2_professional_services,10457.44,6.914409605141509e-4
