d_fiscal_year,total
2017-2018,3125409.393764235
2018-2019,2219216.92036322
2019-2020,1432973.0062409523
2020-2021,108874.44005427409
