d_fiscal_year,total
2017-2018,2871815.7986236103
2018-2019,2709797.1118332436
2019-2020,2611903.771503892
2020-2021,1204294.8459826587
