d_fiscal_year,total
2017-2018,4676331.050632912
2018-2019,5727720.917721519
2019-2020,4472330.03164557
