d_most_recent_category,total,percentage
2_professional_services,4866217.632974789,0.8245935390477445
1_facilities_and_construction,1035135.4610530697,0.1754064609522555
