d_most_recent_category,total,percentage
2_professional_services,4902454.081685057,0.8256640251734687
1_facilities_and_construction,1035135.4610530697,0.17433597482653132
