d_fiscal_year,total
2017-2018,1338809.5221315424
2018-2019,2116876.2111021634
2019-2020,977707.8881356942
2020-2021,1504195.9213687263
