d_fiscal_year,total
2017-2018,875820.437766721
2018-2019,2062303.3215004883
2019-2020,2105766.2486269404
2020-2021,1965421.206062232
