d_fiscal_year,total
2017-2018,3188459.6455922187
2018-2019,7518116.726866609
2019-2020,1761508.782338753
2020-2021,735070.7602174422
