d_fiscal_year,total
2017-2018,2836163.9361327593
2018-2019,1736322.436326069
2019-2020,1761508.782338753
2020-2021,735070.7602174422
