d_fiscal_year,total
2017-2018,1035272.7859058848
2018-2019,1035272.7859058848
2019-2020,1038109.1497028873
2020-2021,1035272.7859058848
