d_most_recent_category,total,percentage
2_professional_services,5640251.120176397,0.9753718345829452
10_office_management,141695.66392260333,0.024503511763553483
9_human_capital,720.8306451612902,1.246536535012624e-4
