d_most_recent_category,total,percentage
2_professional_services,6119154.02,0.947155380519044
9_human_capital,338087.56,0.05233100111101931
4_medical,3318.26,5.136183699366682e-4
