d_fiscal_year,total
2017-2018,769426.8887778304
2018-2019,782569.759094576
2019-2020,845801.1845155858
2020-2021,3384869.7823561686
