d_most_recent_category,total,percentage
5_transportation_and_logistics,23391224.95203603,0.7233820441422938
11_defence,8079722.950098675,0.24986833805114786
10_office_management,834520.48,0.025807845973815177
6_industrial_products_and_services,30453.06,9.417718327432205e-4
NA,0,0
