d_fiscal_year,total
2017-2018,7673283.326930756
2018-2019,11245616.866487127
2019-2020,7522920.573737752
2020-2021,15422219.35136253
