d_most_recent_category,total,percentage
11_defence,21576855.18,0.668642171898356
5_transportation_and_logistics,9827830.73,0.30455328305985174
10_office_management,834520.48,0.025860839389905712
3_information_technology,16302.31,5.051900231309528e-4
6_industrial_products_and_services,14150.75,4.3851562875569963e-4
NA,0.00,0
