d_fiscal_year,total
2017-2018,5281019.55466521
2018-2019,8845619.196149092
2019-2020,5173507.7788900845
2020-2021,13035774.912430318
