d_fiscal_year,total
2017-2018,150706986.46204853
2018-2019,138961414.29733244
2019-2020,166394251.93758202
2020-2021,176889425.69641486
