d_fiscal_year,total
2017-2018,161350681.88495052
2018-2019,149335974.79967022
2019-2020,179185115.3465822
2020-2021,189844851.0177792
