d_fiscal_year,total
2017-2018,167509718.7738081
2018-2019,155587691.29155248
2019-2020,182718565.09129086
2020-2021,193296711.01331314
