d_fiscal_year,total
2017-2018,165222030.67537165
2018-2019,152953602.47158623
2019-2020,180077259.58962607
2020-2021,190720580.35001415
