d_fiscal_year,total
2017-2018,148599959.40665665
2018-2019,137006068.84797338
2019-2020,164508585.21649325
2020-2021,175038371.47956732
