d_fiscal_year,total
2017-2018,2385484.348063538
2018-2019,531656.2210654999
2019-2020,346332.3013441474
2020-2021,1474082.2289806746
