d_fiscal_year,total
2017-2018,278535.35752571304
2018-2019,1286202.931616044
2019-2020,1460607.0413674181
2020-2021,2092587.1828224356
