d_most_recent_category,total,percentage
2_professional_services,3708743.98,0.506296430678513
3_information_technology,3380679.39,0.46151093683274275
1_facilities_and_construction,181271.63,0.024746161951119942
11_defence,30977.32,0.004228845873199629
9_human_capital,23569.88,0.0032176246644246703
