d_fiscal_year,total
2017-2018,3307677.637267521
2018-2019,4530321.020822005
2019-2020,4936824.808673489
2020-2021,5350857.900792126
