d_most_recent_category,total,percentage
10_office_management,11707769.934860123,0.9282358545727812
9_human_capital,877249.1395365169,0.0695515977202745
1_facilities_and_construction,27906.7,0.0022125477069443043
