d_most_recent_category,total,percentage
1_facilities_and_construction,11735676.634860123,0.9304484022797255
9_human_capital,877249.1395365169,0.0695515977202745
