d_most_recent_category,total,percentage
4_medical,39664078.02,0.9945921480453891
6_industrial_products_and_services,121123.19,0.0030372109912517207
10_office_management,94540.55,0.0023706409633592524
