d_most_recent_category,total,percentage
4_medical,39664078.02,0.9949844750956696
6_industrial_products_and_services,121123.19,0.0030384090502064576
10_office_management,78815.78,0.0019771158541240625
