d_most_recent_category,total,percentage
5_transportation_and_logistics,3367746.25,0.698250075422529
1_facilities_and_construction,1184101.9401544402,0.24550521554906368
2_professional_services,271275.17,0.05624470902840717
