d_fiscal_year,total
2017-2018,1468232.4105519427
2018-2019,839361.7829358308
2019-2020,1238626.6666666667
2020-2021,1276902.5
