d_most_recent_category,total,percentage
5_transportation_and_logistics,3231586.25,0.6894840009787309
1_facilities_and_construction,1184101.9401544402,0.25263733662202614
2_professional_services,271275.17,0.0578786623992429
