d_fiscal_year,total
2017-2018,28677240.80505195
2018-2019,26665358.58965912
2019-2020,19180061.451352436
2020-2021,18451428.66999976
