d_fiscal_year,total
2017-2018,1970998.9000000001
2018-2019,2626977.3000000003
2019-2020,391548.1180821918
2020-2021,74007.4
