owner_org,d_fiscal_year,total
dfo-mpo,2017-2018,1533449.6056902194
dfo-mpo,2018-2019,1281097.9154357328
dfo-mpo,2019-2020,775995.1860693562
dfo-mpo,2020-2021,479803.82220806973
