d_most_recent_category,total,percentage
3_information_technology,2507270.3758767773,0.5327574930324036
2_professional_services,2173947.3099999996,0.4619313218085331
10_office_management,24995.57,0.005311185159063362
