d_fiscal_year,total
2017-2018,1852502.7724724016
2018-2019,1122075.162944835
2019-2020,1088460.6230642954
2020-2021,643174.697395245
