d_fiscal_year,total
2017-2018,382811.910310219
2018-2019,336649.7799217579
2019-2020,221496.6935445485
2020-2021,3099141.9064554516
