d_most_recent_category,d_fiscal_year,total
4_medical,2017-2018,17575
4_medical,2018-2019,9437.534246575344
4_medical,2019-2020,200399.3635445485
4_medical,2020-2021,3087644.4064554516
6_industrial_products_and_services,2017-2018,365236.910310219
6_industrial_products_and_services,2018-2019,327212.2456751825
6_industrial_products_and_services,2019-2020,21097.329999999998
6_industrial_products_and_services,2020-2021,11497.500000000002
