owner_org,d_fiscal_year,total
cbsa-asfc,2019-2020,21097.329999999998
csc-scc,2019-2020,13801.600000000002
csc-scc,2020-2021,11497.500000000002
dfo-mpo,2020-2021,37310.68
dnd-mdn,2017-2018,382811.910310219
dnd-mdn,2018-2019,336649.7799217579
phac-aspc,2019-2020,186597.7635445485
phac-aspc,2020-2021,3050333.7264554515
