d_most_recent_category,total,percentage
3_information_technology,6906849.36,0.7349421173083766
6_industrial_products_and_services,930482.22,0.09901049443626554
11_defence,819258.04,0.08717538293724694
9_human_capital,466660.53,0.049656284646072725
1_facilities_and_construction,274563.91,0.029215720672038252
