d_most_recent_category,total,percentage
3_information_technology,6757926.359310565,0.8939696981320979
9_human_capital,466660.53,0.061732009340336326
1_facilities_and_construction,274563.91049634473,0.03632058165981944
6_industrial_products_and_services,60307.17,0.007977710867746304
