d_most_recent_category,total,percentage
3_information_technology,6757926.359310565,0.8939696981320979
9_human_capital,466660.53,0.061732009340336326
6_industrial_products_and_services,324062.4604963447,0.042868478373803594
1_facilities_and_construction,10808.62,0.0014298141537621492
