d_fiscal_year,total
2017-2018,2435113.6188982576
2018-2019,2929354.1656160182
2019-2020,1806292.3396422858
2020-2021,3087970.9119450226
