d_most_recent_category,total,percentage
6_industrial_products_and_services,3953697.000200401,0.38539825113719367
1_facilities_and_construction,3671815.4988043476,0.35792102218908284
10_office_management,1618610.6054626864,0.15777883246637628
11_defence,646998.4173562195,0.06306807489926017
2_professional_services,245141.61427792915,0.023895900322881
3_information_technology,84605.38,0.008247158415818148
9_human_capital,19404,0.0018914620075051415
5_transportation_and_logistics,18458.52,0.0017992985618827976
