d_most_recent_category,total,percentage
6_industrial_products_and_services,4165080.640200401,0.40600349356494797
1_facilities_and_construction,2131807.9654626865,0.2078042555127553
11_defence,1664162.5361605673,0.16221914097408338
5_transportation_and_logistics,1557301.3699999999,0.1518025343017268
10_office_management,391227.52999999997,0.03813605490028231
2_professional_services,245141.61427792915,0.023895900322881
3_information_technology,84605.38,0.008247158415818148
9_human_capital,19404,0.0018914620075051415
