d_fiscal_year,total
2017-2018,2406363.6188982576
2018-2019,2806392.65248169
2019-2020,1776072.2539530846
2020-2021,2856790.1053058654
