d_most_recent_category,total,percentage
6_industrial_products_and_services,4165080.640200401,0.40600349356494797
5_transportation_and_logistics,3221463.9061605674,0.3140216752758102
1_facilities_and_construction,2131807.9654626865,0.2078042555127553
10_office_management,391227.52999999997,0.03813605490028231
2_professional_services,245141.61427792915,0.023895900322881
3_information_technology,84605.38,0.008247158415818148
9_human_capital,19404,0.0018914620075051415
