d_most_recent_category,total,percentage
1_facilities_and_construction,3671815.4988043476,0.35792102218908284
2_professional_services,2928187.2661452405,0.2854336716539924
10_office_management,1618610.6054626864,0.15777883246637628
6_industrial_products_and_services,1312432.6843986637,0.12793323850484736
11_defence,605217.0812906458,0.05899531620049511
3_information_technology,84605.38,0.008247158415818148
9_human_capital,19404,0.0018914620075051415
5_transportation_and_logistics,18458.52,0.0017992985618827976
