d_most_recent_category,d_fiscal_year,total
4_medical,2017-2018,1311612.10054757
4_medical,2018-2019,1311612.10054757
4_medical,2019-2020,1315205.5583572893
4_medical,2020-2021,1291721.08
