d_fiscal_year,total
2017-2018,1311612.10054757
2018-2019,1311612.10054757
2019-2020,1315205.5583572893
2020-2021,1291721.08
