d_fiscal_year,total
2017-2018,11610046.527435828
2018-2019,13650050.298339482
2019-2020,9691575.249726502
2020-2021,10307480.06562119
