category,total,percentage
2_professional_services,26198086.041837748,0.5770165514513242
1_facilities_and_construction,18040511.42089738,0.3973448163304916
NA,1120000,0.02466815845224048
10_office_management,24860,5.475450170738378e-4
5_transportation_and_logistics,19202.09,4.229287488698057e-4
6_industrial_products_and_services,0,0
