d_fiscal_year,total
2017-2018,11817929.134727024
2018-2019,13906391.94193578
2019-2020,9077642.190688599
2020-2021,9322072.415383724
