d_fiscal_year,total
2017-2018,11589479.584727025
2018-2019,13820864.44193578
2019-2020,8899916.040688599
2020-2021,9322072.415383724
