d_fiscal_year,total
2017-2018,2428542.0869069323
2018-2019,3259264.5588563746
2019-2020,3264333.970798447
2020-2021,1155202.6726931562
