d_fiscal_year,total
2017-2018,2447278.3461585203
2018-2019,8246247.284967947
2019-2020,4926260.763336361
2020-2021,20362246.73653452
