d_most_recent_category,total,percentage
4_medical,95882486.17,0.862162172178384
2_professional_services,15117659.45,0.1359359214591026
7_travel,192255.95,0.0017287391481194071
9_human_capital,19258.21,1.7316721439398093e-4
