owner_org,d_fiscal_year,total
cbsa-asfc,2017-2018,2420085.596745695
cbsa-asfc,2018-2019,3251565.492189708
cbsa-asfc,2019-2020,3260473.8907984467
cbsa-asfc,2020-2021,1155202.6726931562
dnd-mdn,2017-2018,757.4234945705824
nrcan-rncan,2017-2018,7699.066666666667
nrcan-rncan,2018-2019,7699.066666666667
nrcan-rncan,2019-2020,3860.08
