d_fiscal_year,total
2017-2018,10028997.466566054
2018-2019,11072251.659826381
2019-2020,3689827.47275955
2020-2021,1261745.0004934152
