d_most_recent_category,total,percentage
4_medical,20745080.07565495,0.5765399637127159
2_professional_services,15025438.892009063,0.4175817091076251
7_travel,192255.94999999998,0.005343109693108969
9_human_capital,19258.213333333333,5.352174865500585e-4
