d_most_recent_category,total,percentage
2_professional_services,35702140.92523701,0.9922213343325722
7_travel,192255.94999999998,0.005343109693108969
4_medical,68378.0424270073,0.0019003384877688263
9_human_capital,19258.213333333333,5.352174865500585e-4
