d_most_recent_category,total,percentage
4_medical,20745080.08,0.5765399637127159
2_professional_services,15025438.89,0.4175817091076251
7_travel,192255.95,0.005343109693108969
9_human_capital,19258.21,5.352174865500585e-4
