d_fiscal_year,total
2017-2018,320597868.66945297
2018-2019,382654006.7251435
2019-2020,339038308.01428205
2020-2021,347783025.8740433
