d_fiscal_year,total
2017-2018,346150862.0115717
2018-2019,411185245.14825094
2019-2020,368593174.9385025
2020-2021,374921660.56209433
