d_fiscal_year,total
2017-2018,2302524.8985473188
2018-2019,1424378.6951612902
2019-2020,1804885.872669607
2020-2021,2350874.347005056
