d_most_recent_category,total,percentage
3_information_technology,6868470.3948118435,0.8757355337577272
10_office_management,583615.01,0.07441138607475534
6_industrial_products_and_services,197478.92857142858,0.025178723205829822
2_professional_services,163927.76,0.020900922061154383
1_facilities_and_construction,29595.38,0.003773434900533303
