d_most_recent_category,total,percentage
3_information_technology,5092093.624811844,0.6492460580214934
11_defence,1178125.46,0.15021194956681924
10_office_management,1116177.62,0.1423135498345417
6_industrial_products_and_services,197478.92857142858,0.02517872320582982
2_professional_services,163927.76,0.02090092206115438
1_facilities_and_construction,95284.08000000002,0.012148797310161495
