d_most_recent_category,total,percentage
4_medical,38115574.43531653,0.9666070286590627
6_industrial_products_and_services,960769.3221434591,0.024365010719696333
1_facilities_and_construction,313842.2487652112,0.007959006994934193
10_office_management,23949.3,6.073517729806253e-4
2_professional_services,18202.04,4.616018533261624e-4
