d_most_recent_category,total,percentage
4_medical,121385914.30,0.9835147016786722
6_industrial_products_and_services,1540856.82,0.012484606188741743
1_facilities_and_construction,451616.24,0.0036591659940343256
10_office_management,23949.30,1.9404630908574064e-4
2_professional_services,18202.04,1.4747982946603929e-4
