d_most_recent_category,total,percentage
4_medical,38115574.43531653,0.9666070286590627
6_industrial_products_and_services,1021617.3715133221,0.02590811096342784
1_facilities_and_construction,252994.19939534817,0.0064159067512026885
10_office_management,23949.3,6.073517729806253e-4
2_professional_services,18202.04,4.616018533261624e-4
