d_most_recent_category,total,percentage
2_professional_services,3957669.94,0.9821495444195009
4_medical,25053.40,0.00621734241144905
NA,24571.85,0.006097838284605689
3_information_technology,22304.94,0.005535274884444449
