d_most_recent_category,d_fiscal_year,total
2_professional_services,2017-2018,1641499.6849261145
2_professional_services,2018-2019,829933.9010513892
2_professional_services,2019-2020,760605.0697069223
2_professional_services,2020-2021,725631.2851485264
3_information_technology,2017-2018,22304.944444444445
4_medical,2017-2018,25053.403846153844
NA,2017-2018,24571.85
