d_fiscal_year,total
2017-2018,1078926422.8857613
2018-2019,634961837.3237573
2019-2020,416319754.9484449
2020-2021,1130154747.944918
