d_fiscal_year,total
2017-2018,507777953.39878076
2018-2019,291555329.3478773
2019-2020,233784153.29160726
2020-2021,960204058.1625171
