category,total,percentage
1_facilities_and_construction,1937411467.8542216,0.5942318719191819
5_transportation_and_logistics,864392049.529681,0.2651214335140549
NA,439294282.3673518,0.13473785412432945
2_professional_services,19264963.351627138,0.005908840442433684
