owner_org,d_fiscal_year,total
dfo-mpo,2017-2018,293313963.10011977
dfo-mpo,2018-2019,65274934.883820094
dfo-mpo,2019-2020,59747046.90134775
dfo-mpo,2020-2021,533418180.13676447
dnd-mdn,2017-2018,216702218.22825706
dnd-mdn,2018-2019,230331101.4270206
dnd-mdn,2019-2020,182020264.83170152
dnd-mdn,2020-2021,434747224.5588846
pwgsc-tpsgc,2017-2018,9632481.675813569
pwgsc-tpsgc,2018-2019,9632481.675813569
