d_most_recent_category,total,percentage
1_facilities_and_construction,1225996200.39,0.4972103967398919
11_defence,1216731458.30,0.49345302286906656
2_professional_services,19264963.35,0.007813025903503393
5_transportation_and_logistics,3756703.45,0.0015235544875382041
