d_most_recent_category,total,percentage
2_professional_services,7218213.271097465,0.9824334800741726
6_industrial_products_and_services,91847.53000000001,0.012500889783268718
1_facilities_and_construction,37218.6,0.005065630142558706
