d_fiscal_year,total
2017-2018,2038605.1108857614
2018-2019,2040264.3414918082
2019-2020,1830703.8143823498
2020-2021,1437706.1343375454
