owner_org,d_fiscal_year,total
dfo-mpo,2018-2019,37218.6
ec,2017-2018,2038605.1108857614
ec,2018-2019,2003045.7414918083
ec,2019-2020,1830201.443220801
ec,2020-2021,1428055.3199183198
hc-sc,2019-2020,502.3711615487316
hc-sc,2020-2021,9650.814419225633
