d_most_recent_category,total,percentage
2_professional_services,8494105.61,0.9827755932031782
6_industrial_products_and_services,91847.53,0.01062684112657981
1_facilities_and_construction,37218.60,0.004306225209907368
4_medical,19804.00,0.0022913404603344973
