d_most_recent_category,d_fiscal_year,total
1_facilities_and_construction,2018-2019,37218.6
2_professional_services,2017-2018,2038605.1108857614
2_professional_services,2018-2019,2003045.7414918083
2_professional_services,2019-2020,1738353.913220801
2_professional_services,2020-2021,1428055.3199183198
4_medical,2019-2020,502.3711615487316
4_medical,2020-2021,9650.814419225633
6_industrial_products_and_services,2019-2020,91847.53000000001
