d_fiscal_year,total
2017-2018,260932.91080909703
2018-2019,815293.5020143532
2019-2020,2273860.096908112
2020-2021,3106318.42173711
