d_most_recent_category,total,percentage
9_human_capital,8070829.57,0.3935371152618891
10_office_management,6791535.83,0.3311582032293801
3_information_technology,3912497.84,0.19077507450815037
2_professional_services,1694746.03,0.08263654428094515
6_industrial_products_and_services,38823.75,0.0018930627196352212
