d_most_recent_category,total,percentage
2_professional_services,6879090.88283551,0.4642175529905318
10_office_management,5260464.972154462,0.3549887940947476
3_information_technology,2623945.0162310395,0.17707010350100075
6_industrial_products_and_services,31847.083333333332,0.002149117571883525
9_human_capital,23331,0.0015744318418363125
