d_most_recent_category,d_fiscal_year,total
2_professional_services,2017-2018,452635.75933843333
2_professional_services,2018-2019,3992954.5818097754
2_professional_services,2019-2020,3873823.2331571993
2_professional_services,2020-2021,120841.69230769231
