d_fiscal_year,total
2017-2018,452635.75933843333
2018-2019,3992954.5818097754
2019-2020,3873823.2331571993
2020-2021,120841.69230769231
