d_most_recent_category,total,percentage
2_professional_services,8400366.2666131,0.9952739581043493
10_office_management,39889,0.004726041895650702
