d_most_recent_category,total,percentage
1_facilities_and_construction,7779302.523863862,0.812948574749706
2_professional_services,1238254.506805769,0.12939942024329046
5_transportation_and_logistics,551686.05,0.0576520050070036
