d_most_recent_category,total,percentage
1_facilities_and_construction,7858319.023863862,0.8144804726862936
2_professional_services,1238254.506805769,0.12833967581952524
5_transportation_and_logistics,551686.05,0.05717985149418116
