d_most_recent_category,total,percentage
1_facilities_and_construction,8396653.011347948,0.8714824709554609
2_professional_services,1238254.506805769,0.12851752904453917
