d_fiscal_year,total
2017-2018,2643859.3489930355
2018-2019,2672941.4840908223
2019-2020,1349427.5196346212
2020-2021,2916207.987657459
