d_most_recent_category,total,percentage
1_facilities_and_construction,5234002.14,0.9267723485557007
5_transportation_and_logistics,291910.19,0.051687845183636325
6_industrial_products_and_services,104356.15,0.018478096247179616
11_defence,17291.19,0.0030617100134833954
