d_most_recent_category,total,percentage
1_facilities_and_construction,3960360.118222262,0.914251657317715
5_transportation_and_logistics,309201.38,0.07137933563395703
3_information_technology,62243.740000000005,0.014369007048328039
