d_most_recent_category,total,percentage
1_facilities_and_construction,4026530.618222262,0.9102808267316496
5_transportation_and_logistics,291910.19,0.06599235775882664
6_industrial_products_and_services,87661.86,0.019817783089121264
11_defence,17291.19,0.003909032420402472
