d_most_recent_category,total,percentage
1_facilities_and_construction,4026530.618222262,0.9102808267316496
5_transportation_and_logistics,309201.38,0.06990139017922911
3_information_technology,87661.86,0.019817783089121264
