d_fiscal_year,total
2017-2018,1028550.8872116593
2018-2019,523988.27000777645
2019-2020,1058657.4099244415
2020-2021,1720608.6710783849
