d_most_recent_category,total,percentage
1_facilities_and_construction,3794419.0641424945,0.7876488073286895
2_professional_services,1022035.3702025528,0.212154990468798
6_industrial_products_and_services,945.1844155844155,1.9620220251264568e-4
