d_most_recent_category,total,percentage
1_facilities_and_construction,4272858.48919383,0.8068331484104564
2_professional_services,1022035.3702025528,0.19298837478770645
6_industrial_products_and_services,945.1844155844155,1.7847680183725296e-4
