d_most_recent_category,total,percentage
3_information_technology,36354217.02140769,0.9845140021481705
10_office_management,559296.93,0.01514640402292905
2_professional_services,12539.859999999999,3.3959382890045014e-4
