d_fiscal_year,total
2017-2018,9006419.978799129
2018-2019,8678917.148411278
2019-2020,8507086.788664972
2020-2021,11745119.873877654
