d_most_recent_category,total,percentage
3_information_technology,36748969.360804245,0.9839206222764426
NA,588017.2844743936,0.015743634243697537
9_human_capital,12539.859999999999,3.3574347985985124e-4
