d_fiscal_year,total
2017-2018,16092418.383931143
2018-2019,16181310.790634695
2019-2020,16009480.361034192
2020-2021,11150101.692824079
