d_most_recent_category,total,percentage
3_information_technology,36913513.95140769,0.9996604061710995
9_human_capital,12539.859999999999,3.3959382890045014e-4
