category,total,percentage
3_information_technology,37336986.64527864,0.984169846424359
NA,588017.2844743936,0.015499613990118611
9_human_capital,12539.859999999999,3.3053958552232434e-4
