d_fiscal_year,total
2017-2018,4291226.75047001
2018-2019,4291226.75047001
2019-2020,4302983.536087736
2020-2021,4291226.75047001
