d_fiscal_year,total
2017-2018,1403926.6737745244
2018-2019,1421957.9924831432
2019-2020,1426402.7863379319
2020-2021,1422505.510965424
