d_fiscal_year,total
2017-2018,365380.89478260867
2018-2019,962068.0308789129
2019-2020,2042167.6766342483
2020-2021,3345841.9077042304
