d_most_recent_category,total,percentage
1_facilities_and_construction,15686377.952402424,0.9133018883222126
5_transportation_and_logistics,770767.75,0.04487611121374591
2_professional_services,391810,0.022812201385771246
3_information_technology,326502,0.019009799078270294
