d_fiscal_year,total
2017-2018,2613971.1492890995
2018-2019,3331608.4880548604
2019-2020,5421930.941922587
2020-2021,5807947.123135876
