d_fiscal_year,total
2017-2018,3098338.146884029
2018-2019,3335136.833425788
2019-2020,3649389.02762995
