d_most_recent_category,total,percentage
4_medical,10034864.007939767,0.9952394478431721
2_professional_services,48000,0.004760552156827894
