owner_org,d_fiscal_year,total
csc-scc,2017-2018,1176991.302022756
csc-scc,2018-2019,1780493.5250453972
csc-scc,2019-2020,1233690.340909091
