d_most_recent_category,total,percentage
4_medical,86986767.61,0.5198204760126772
2_professional_services,80353250.00,0.48017952398732267
