owner_org,d_fiscal_year,total
dfo-mpo,2019-2020,47495
dnd-mdn,2017-2018,2006167.933854553
dnd-mdn,2018-2019,3472305.1309982953
dnd-mdn,2019-2020,4761229.959221772
dnd-mdn,2020-2021,1769567.0458916232
ic,2019-2020,857837.2899999999
pwgsc-tpsgc,2017-2018,518850.4326328801
pwgsc-tpsgc,2018-2019,390914.70951792336
