d_fiscal_year,total
2018-2019,4956639.416132716
2019-2020,4107745.856230813
2020-2021,6301988.375119771
