owner_org,d_fiscal_year,total
pc,2018-2019,4956639.416132716
pc,2019-2020,4107745.856230813
pc,2020-2021,6301988.375119771
