d_fiscal_year,total
2017-2018,302294972.4972568
2018-2019,302882380.1002823
2019-2020,300503919.62981445
2020-2021,297955407.91574144
