d_fiscal_year,total
2017-2018,163386918.26742768
2018-2019,164541086.53056687
2019-2020,161789466.29220897
2020-2021,159722217.78814012
