d_most_recent_category,total,percentage
1_facilities_and_construction,593917680.58221,0.910742054690907
2_professional_services,44695568.60218452,0.06853834346946569
3_information_technology,7037039.104430736,0.010790935616913976
10_office_management,3240203.763554463,0.004968684936848459
9_human_capital,1704958.8445729166,0.0026144662333466894
8_security_and_protection,1181323.461962484,0.0018114984486530452
6_industrial_products_and_services,261638.06999999998,4.012084523625829e-4
7_travel,45886.92,7.036521923925541e-5
5_transportation_and_logistics,40720.598447837154,6.244293226339326e-5
