d_most_recent_category,total,percentage
1_facilities_and_construction,593917680.58221,0.9145078299849113
3_information_technology,34906682.0494461,0.05374892025729736
2_professional_services,15055409.718706321,0.023182152209866833
10_office_management,2676510.0931698475,0.0041212604326546255
9_human_capital,1724243.3461016763,0.0026549707010971894
8_security_and_protection,980788.3902618787,0.0015102070400960744
5_transportation_and_logistics,85654.48844783715,1.3188982736144788e-4
6_industrial_products_and_services,46833.29,7.211337835063089e-5
7_travel,45886.92,7.065616836453581e-5
