d_most_recent_category,total,percentage
1_facilities_and_construction,593917680.58221,0.910742054690907
3_information_technology,37174053.844664425,0.05700448948832691
2_professional_services,15055600.799608178,0.023086985377164967
10_office_management,2676510.0931698475,0.004104289839064732
9_human_capital,1941476.4673001894,0.002977153778667928
8_security_and_protection,1181323.461962484,0.0018114984486530452
5_transportation_and_logistics,85654.48844783715,1.3134672927401386e-4
6_industrial_products_and_services,46833.29,7.181642870224518e-5
7_travel,45886.92,7.036521923925541e-5
