d_most_recent_category,total,percentage
NA,6302803.10,0.891732899907933
6_industrial_products_and_services,449372.31,0.06357807256796687
2_professional_services,220211.92,0.031156012645339872
10_office_management,52792.33,0.007469161981310611
3_information_technology,42859.55,0.006063852897449543
