d_fiscal_year,total
2017-2018,1419228.3901050563
2018-2019,1430301.7232075697
2019-2020,1429277.4333283936
2020-2021,1443366.3417151188
