d_fiscal_year,total
2017-2018,3573851.2934624753
2018-2019,2390569.927250393
2019-2020,349784.50570989546
2020-2021,253584.29
