d_most_recent_category,total,percentage
1_facilities_and_construction,3945884.2864227644,0.6007933074224476
3_information_technology,1938261,0.29511616466929924
2_professional_services,655320.97,0.09977800270126928
10_office_management,28323.76,0.004312525206983843
