d_most_recent_category,total,percentage
2_professional_services,14173558.210019048,0.9870544601250795
6_industrial_products_and_services,116181.76,0.008090962247723921
11_defence,46472.71,0.0032363853169328984
1_facilities_and_construction,23236.35,0.0016181923102636742
