d_fiscal_year,total
2019-2020,5323077.924191425
2020-2021,9036371.105827624
