d_most_recent_category,total,percentage
11_defence,13024031.61611227,0.907000790133728
2_professional_services,1195999.3039067776,0.08329005530828443
6_industrial_products_and_services,116181.76,0.008090962247723921
1_facilities_and_construction,23236.35,0.0016181923102636744
