d_most_recent_category,total,percentage
2_professional_services,20456806.79775284,0.4695362778878788
11_defence,13371639.391526597,0.30691348123041484
6_industrial_products_and_services,6780000,0.15561842058505032
1_facilities_and_construction,2541652.3870780696,0.0583374528249723
NA,339660.94339622644,0.0077960913784290474
10_office_management,78346.79,0.001798260135355253
5_transportation_and_logistics,0.6952554744525548,1.595789953354224e-8
