d_fiscal_year,total
2017-2018,11060643.626799555
2018-2019,13865705.296850128
2019-2020,11969452.852490041
2020-2021,6672305.228869482
