d_most_recent_category,total,percentage
6_industrial_products_and_services,23489378.34,0.5391415865878587
11_defence,16636772.20,0.38185666867770496
1_facilities_and_construction,1547498.03,0.03551905593104434
2_professional_services,1476450.01,0.03388832133170822
NA,339660.94,0.0077960913784290474
10_office_management,78346.79,0.001798260135355253
5_transportation_and_logistics,0.70,1.595789953354224e-8
