d_most_recent_category,total,percentage
6_industrial_products_and_services,23489378.33531026,0.45602727829431433
5_transportation_and_logistics,11740477.829632698,0.22793187942627682
NA,9364135.55768709,0.18179711659425876
3_information_technology,3459934.98,0.06717183867028263
2_professional_services,1476450.0099999998,0.028664082547718038
1_facilities_and_construction,1284682.8188372091,0.024941077664244703
11_defence,615306.98,0.011945687254868246
10_office_management,78346.79,0.0015210395480363945
