d_most_recent_category,total,percentage
6_industrial_products_and_services,23489378.33531026,0.5391415865878587
5_transportation_and_logistics,11787192.439877471,0.27054635259967225
3_information_technology,3463003.8324590167,0.07948483582407795
1_facilities_and_construction,1547498.0295206467,0.03551905593104434
2_professional_services,1476450.0099999998,0.03388832133170822
11_defence,1386576.6244455837,0.031825496211854314
NA,339660.94339622644,0.0077960913784290474
10_office_management,78346.79,0.001798260135355253
