d_most_recent_category,total,percentage
6_industrial_products_and_services,23489472.844962772,0.5391437558272176
5_transportation_and_logistics,11790261.292336488,0.2706167906487402
3_information_technology,3459934.98,0.07941439777500998
1_facilities_and_construction,1547403.519868137,0.03551688669168541
2_professional_services,1476450.0099999998,0.03388832133170822
11_defence,1386576.6244455837,0.031825496211854314
NA,339660.94339622644,0.0077960913784290474
10_office_management,78346.79,0.001798260135355253
