d_most_recent_category,total,percentage
6_industrial_products_and_services,27456425.22,0.5345428436992115
11_defence,19455702.32,0.37877860509955846
1_facilities_and_construction,2379879.19,0.046333321990534033
2_professional_services,1476450.01,0.028744666529317398
0_other,439160.34,0.008549911850978092
10_office_management,156693.58,0.003050631361629994
5_transportation_and_logistics,1.00,1.9468770587984487e-8
