d_most_recent_category,total,percentage
6_industrial_products_and_services,23489378.33531026,0.5391415865878587
11_defence,16636772.201526597,0.38185666867770496
1_facilities_and_construction,1547498.0295206467,0.03551905593104434
2_professional_services,1476450.0099999998,0.03388832133170822
NA,339660.94339622644,0.0077960913784290474
10_office_management,78346.79,0.001798260135355253
5_transportation_and_logistics,0.6952554744525548,1.595789953354224e-8
