d_most_recent_category,total,percentage
6_industrial_products_and_services,22217391.987752836,0.5099462316597416
11_defence,16914604.1915266,0.38823362671189404
1_facilities_and_construction,2541652.3870780696,0.0583374528249723
2_professional_services,1476450.0099999998,0.03388832133170822
NA,339660.94339622644,0.0077960913784290474
10_office_management,78346.79,0.001798260135355253
5_transportation_and_logistics,0.6952554744525548,1.595789953354224e-8
