d_fiscal_year,total
2017-2018,18505936.613494214
2018-2019,14030659.090703813
2019-2020,12134858.574546065
2020-2021,6837259.022723166
