d_fiscal_year,total
2017-2018,905718.3787499998
2018-2019,1509530.6312499999
2019-2020,1097205.7494055943
2020-2021,3153386.6026223777
