owner_org,d_fiscal_year,total
dnd-mdn,2017-2018,10230686.184812443
dnd-mdn,2018-2019,10230686.184812443
dnd-mdn,2019-2020,1681756.6331198537
