owner_org,d_fiscal_year,total
csc-scc,2017-2018,1216497.909671533
csc-scc,2018-2019,1216497.909671533
csc-scc,2019-2020,1219830.7806569345
csc-scc,2020-2021,1367229.1933333334
