d_most_recent_category,total,percentage
4_medical,22532217.313025087,0.9708272531123816
10_office_management,666343.9245793913,0.028710216706173047
2_professional_services,10735,4.6253018144543285e-4
