d_most_recent_category,d_fiscal_year,total
10_office_management,2017-2018,150611.00235230417
10_office_management,2018-2019,179824.20783505394
10_office_management,2019-2020,188143.56573967563
10_office_management,2020-2021,147765.14865235757
2_professional_services,2017-2018,10735
4_medical,2017-2018,262490.1445578749
4_medical,2018-2019,225549.35317484895
4_medical,2019-2020,543276.3819882586
4_medical,2020-2021,21220628.430935685
