d_fiscal_year,total
2017-2018,423836.14691017906
2018-2019,432835.621748617
2019-2020,758957.2469892201
2020-2021,21398838.95958804
