d_most_recent_category,total,percentage
4_medical,38713727.78,0.9767824955666299
10_office_management,867319.73,0.021883264017286127
2_professional_services,52881.19,0.0013342404160839134
