d_most_recent_category,total,percentage
4_medical,22251944.310656667,0.9704706599302978
10_office_management,666343.9245793913,0.029061156148831962
2_professional_services,10735,4.681839208703424e-4
