d_most_recent_category,total,percentage
3_information_technology,180201984.18494824,0.9908797122865312
2_professional_services,1241448.085712615,0.006826371682606199
11_defence,396139.65932864277,0.002178259875640352
1_facilities_and_construction,20843.75,1.1461388228541784e-4
10_office_management,189.5483870967742,1.0422729367844315e-6
