d_most_recent_category,total,percentage
2_professional_services,78931568.42087448,0.4333050254733692
3_information_technology,58840402.030428156,0.32301197620590105
NA,44368669.39186858,0.24356753331635006
1_facilities_and_construction,20843.75,1.1442445406066438e-4
10_office_management,189.5483870967742,1.0405503189986383e-6
