d_fiscal_year,total
2017-2018,93605820.15309568
2018-2019,71515809.44376543
2019-2020,44094361.03637011
2020-2021,43373357.215066105
