d_fiscal_year,total
2017-2018,88860722.96059877
2018-2019,52532103.57269563
2019-2020,29093651.613151744
2020-2021,28413633.336719915
