d_most_recent_category,total,percentage
3_information_technology,179877766.0400212,0.9890969284641643
2_professional_services,1238113.4906396223,0.00680803568801955
11_defence,387226.98327230476,0.0021292515923722654
10_office_management,291454.9644434348,0.001602628365156005
1_facilities_and_construction,66043.75,3.631558902878592e-4
