category,total,percentage
3_information_technology,124187903.1556845,0.4372883175992338
2_professional_services,100223683.15252836,0.3529059165644001
NA,59562854.67794356,0.20973170374632719
1_facilities_and_construction,20843.75,7.339465550467198e-5
10_office_management,189.5483870967742,6.674345342097249e-7
