d_most_recent_category,total,percentage
3_information_technology,103140729.02229673,0.5664168402119155
2_professional_services,78931568.42087448,0.4334676514479302
1_facilities_and_construction,20843.75,1.1446739930076379e-4
10_office_management,189.5483870967742,1.0409408533791757e-6
