d_fiscal_year,total
2017-2018,71995800.66367868
2018-2019,52473962.01738329
2019-2020,29035350.765907045
2020-2021,28355491.78140758
