d_fiscal_year,total
2017-2018,88883482.97519732
2018-2019,52554863.58729417
2019-2020,29116473.983954664
2020-2021,28413633.336719915
