d_most_recent_category,total,percentage
2_professional_services,3091045.7906729225,0.7220742625517262
3_information_technology,586670.1808239863,0.13704728653901485
9_human_capital,548388.7730704622,0.12810467580303797
10_office_management,54681.80465753425,0.012773775106220873
