d_fiscal_year,total
2017-2018,685211.2186753942
2018-2019,1111870.7575401482
2019-2020,1202638.6082377532
2020-2021,1281065.9647716095
