d_most_recent_category,total,percentage
9_human_capital,4890106.83,0.8887893741364564
3_information_technology,504080.36,0.09161788931059561
10_office_management,107798.97,0.019592736552947954
