owner_org,d_fiscal_year,total
dnd-mdn,2017-2018,46560146.858511716
dnd-mdn,2018-2019,12236243.962705975
dnd-mdn,2019-2020,892815.1931840166
