category,total,percentage
NA,104351456.78930748,0.9898820460299427
9_human_capital,1066615.2,0.0101179539700573
