d_fiscal_year,total
2017-2018,23217080.569124933
2018-2019,21956842.48166558
2019-2020,23445704.18655011
2020-2021,25457808.57890867
