category,total,percentage
2_professional_services,48435815.86909692,0.5148505106336132
3_information_technology,36824474.208810285,0.3914272735997537
1_facilities_and_construction,6876996.986638002,0.07309932426379111
NA,1581802.4536401415,0.016813834687519496
6_industrial_products_and_services,182835.42035856575,0.0019434566723914254
9_human_capital,94110.88782918149,0.0010003555795567976
10_office_management,81399.98987620357,8.652445633742917e-4
5_transportation_and_logistics,0,0
