d_most_recent_category,total,percentage
2_professional_services,48282349.3976314,0.5225957646816464
3_information_technology,36408287.8594555,0.3940739684799815
1_facilities_and_construction,6876996.986638002,0.07443485132315808
NA,463496.4893614595,0.005016767106552467
6_industrial_products_and_services,182835.42035856575,0.0019789636897383934
9_human_capital,94110.88782918149,0.0010186321089083639
10_office_management,81399.98987620357,8.810526100148669e-4
5_transportation_and_logistics,0,0
