d_fiscal_year,total
2017-2018,19067390.314871475
2018-2019,18935479.726328805
2019-2020,22177830.997555867
2020-2021,26055313.195709273
