d_fiscal_year,total
2017-2018,19067390.314871475
2018-2019,18935479.726328805
2019-2020,19263490.40373109
2020-2021,22034639.39765678
