d_most_recent_category,total,percentage
2_professional_services,40421431.23,0.46873028152563057
3_information_technology,39644774.11,0.4597241008696651
1_facilities_and_construction,5788207.20,0.06712053254654743
6_industrial_products_and_services,182835.42,0.002120174755079219
9_human_capital,94110.89,0.001091317689768282
10_office_management,81399.99,9.43921058954403e-4
NA,23255.40,2.6967155435513696e-4
5_transportation_and_logistics,0.00,0
