d_fiscal_year,total
2017-2018,19011776.847849533
2018-2019,19046155.726336025
2019-2020,19364550.801872246
2020-2021,19968353.16130995
