d_most_recent_category,total,percentage
10_office_management,34002186.23458452,0.3942921821750323
2_professional_services,32484758.304968003,0.3766959615810377
3_information_technology,12545099.741466457,0.1454740209508968
1_facilities_and_construction,6903768.245258692,0.08005667129383057
6_industrial_products_and_services,182835.42035856575,0.002120174755079219
9_human_capital,94110.88782918149,0.001091317689768282
NA,23255.400000000005,2.6967155435513696e-4
