d_most_recent_category,total,percentage
2_professional_services,40906444.49005745,0.5285696126350307
3_information_technology,30314583.149137393,0.3917076556537821
1_facilities_and_construction,5761435.941488274,0.07444597059894029
6_industrial_products_and_services,209606.6789792554,0.0027084172798422707
9_human_capital,94110.88782918149,0.0012160469125274353
10_office_management,81399.98987620357,0.0010518039798794528
NA,23255.400000000005,3.004929399977639e-4
5_transportation_and_logistics,0,0
