d_most_recent_category,total,percentage
9_human_capital,6190218.73,0.7500320748526899
3_information_technology,1957768.33,0.23721117258059438
2_professional_services,105284.95,0.012756752566715749
