d_most_recent_category,total,percentage
9_human_capital,6185676.157679621,0.7498944177143032
3_information_technology,1957768.33,0.23734180458544676
2_professional_services,105284.9488372093,0.012763777700250004
