d_most_recent_category,total,percentage
9_human_capital,7537337.13,0.7773051750376827
3_information_technology,1996212.92,0.20586403524225244
2_professional_services,163204.03,0.016830789720064878
