d_fiscal_year,total
2017-2018,11583619.201266285
2018-2019,11583619.201266285
2019-2020,11615355.144283453
2020-2021,11583619.201266285
