d_most_recent_category,total,percentage
1_facilities_and_construction,16784260.252715535,0.7468201796394001
5_transportation_and_logistics,5662464.36364703,0.2519528766587368
6_industrial_products_and_services,27574.7,0.0012269437018632237
