d_fiscal_year,total
2017-2018,964594.9294567653
2018-2019,1715846.373539986
2019-2020,8877258.365587626
2020-2021,10916599.647778189
