d_most_recent_category,total,percentage
1_facilities_and_construction,16945497.676934395,0.7486236297880308
5_transportation_and_logistics,5662464.36364703,0.25015816627379794
6_industrial_products_and_services,27574.7,0.0012182039381714131
