d_fiscal_year,total
2017-2018,964594.9294567653
2018-2019,1715846.373539986
2019-2020,8957096.536915913
2020-2021,10997998.90066876
