d_most_recent_category,total,percentage
3_information_technology,7257994.70,0.8217269373750975
2_professional_services,1205691.17,0.13650449688639515
11_defence,368925.51,0.04176856573850732
