d_most_recent_category,total,percentage
3_information_technology,113176468.29997298,0.54939960242952
2_professional_services,90333988.37673502,0.438513924718951
9_human_capital,1310671.5131894485,0.006362474629915203
1_facilities_and_construction,754630.242443532,0.003663248742493829
NA,327151.05568075116,0.0015881098131549079
10_office_management,79015.52040302267,3.835699783467501e-4
4_medical,18348.38,8.906968761834179e-5
