d_fiscal_year,total
2017-2018,55029607.59650655
2018-2019,50451316.465724394
2019-2020,53283046.285764486
2020-2021,49779810.6729987
