d_fiscal_year,total
2017-2018,54629855.89067659
2018-2019,49248691.28588193
2019-2020,52969089.58995207
2020-2021,49485212.721681245
