d_most_recent_category,total,percentage
3_information_technology,113849582.73528722,0.5459265300451515
2_professional_services,92338255.61095111,0.44277635688237293
9_human_capital,1310671.5131894485,0.006284874604136496
1_facilities_and_construction,620756.2054825464,0.002976622953911317
NA,327151.05568075116,0.0015687404058710188
10_office_management,79015.52040302267,3.788917608387861e-4
4_medical,18348.38,8.798334771801644e-5
