d_most_recent_category,total,percentage
3_information_technology,109100200.20810059,0.6502700438022114
2_professional_services,58218057.3281027,0.3469971513949075
NA,336498.711497006,0.0020056336418005855
10_office_management,79015.52040302267,4.709562935312841e-4
9_human_capital,24638.52,1.4685299796940305e-4
4_medical,18348.38,1.0936186957990316e-4
