d_most_recent_category,total,percentage
3_information_technology,142348029.96,0.5500798162686145
2_professional_services,112312801.60,0.43401377094570204
9_human_capital,1416712.69,0.005474645872049697
11_defence,1065505.83,0.004117466551565459
1_facilities_and_construction,998041.36,0.0038567615449887366
NA,327151.06,0.0012642197623473138
10_office_management,290455.20,0.0011224148525287693
4_medical,18348.38,7.090420220344418e-5
