d_fiscal_year,total
2017-2018,55029607.59650655
2018-2019,50461976.6557244
2019-2020,53363415.01799172
2020-2021,50085933.20217601
