d_most_recent_category,total,percentage
3_information_technology,112513765.49,0.5452798119695415
2_professional_services,90399734.76,0.43810772984974355
9_human_capital,1310671.51,0.00635195803094881
11_defence,938020.12,0.004545963182975855
1_facilities_and_construction,754630.24,0.003657193721424226
NA,327151.06,0.0015854848103075854
10_office_management,79015.52,3.829359716319956e-4
4_medical,18348.38,8.892246342661932e-5
