d_most_recent_category,total,percentage
3_information_technology,113849582.73528722,0.544888841971292
2_professional_services,92735407.06235568,0.44383551832097873
9_human_capital,1310671.5131894485,0.006272928418956825
1_facilities_and_construction,620756.2054825464,0.002970965038478274
NA,327151.05568075116,0.0015657585701833133
10_office_management,79015.52040302267,3.781715696777639e-4
4_medical,18348.38,8.781611043314283e-5
