d_fiscal_year,total
2017-2018,3403760.7649891777
2018-2019,3403760.7649891777
