d_fiscal_year,total
2017-2018,997386.1787906679
2018-2019,1704354.3293683245
2019-2020,1240636.0590385622
2020-2021,1704340.0336541804
