d_most_recent_category,total,percentage
2_professional_services,3256234.62,0.572959213897194
5_transportation_and_logistics,1801137.560851735,0.31692383424948645
10_office_management,307902.15,0.054177721942301534
1_facilities_and_construction,234503.63999999998,0.0412626966144198
3_information_technology,83409.49,0.014676533296598224
