d_most_recent_category,total,percentage
1_facilities_and_construction,29809257.36,0.3531426214772827
2_professional_services,20206356.91,0.23937952442061242
3_information_technology,14936831.07,0.1769528042018481
6_industrial_products_and_services,12275313.88,0.1454224930623087
11_defence,5165407.97,0.06119326252197064
5_transportation_and_logistics,1168794.57,0.013846409296769316
NA,389966.73,0.004619835765923062
8_security_and_protection,350380.70,0.004150870223985681
10_office_management,109074.62,0.0012921790292994145
