d_fiscal_year,total
2017-2018,20300152.63664795
2018-2019,18674263.60928681
2019-2020,23392466.754211437
2020-2021,23419762.964361086
