d_most_recent_category,total,percentage
1_facilities_and_construction,25222690.096209116,0.2987385880674055
2_professional_services,20158880.732295405,0.2387626198480025
NA,16455258.833506562,0.19489676840394926
6_industrial_products_and_services,12881689.707843611,0.15257126740109334
3_information_technology,8083870.449605696,0.0957456970300717
5_transportation_and_logistics,1168794.5696103896,0.01384325137938942
8_security_and_protection,350380.69964347326,0.004149923544962905
10_office_management,109074.62,0.0012918843251254223
