d_most_recent_category,total,percentage
1_facilities_and_construction,29765253.264624394,0.3526213162175911
2_professional_services,20250361.011702064,0.23990082968030405
3_information_technology,14936831.07263822,0.1769528042018481
6_industrial_products_and_services,12275313.87722943,0.1454224930623087
11_defence,5165407.969639469,0.06119326252197064
5_transportation_and_logistics,1168794.5696103896,0.013846409296769316
NA,389966.73000000004,0.004619835765923062
8_security_and_protection,350380.69964347326,0.004150870223985681
10_office_management,109074.62,0.0012921790292994145
