d_most_recent_category,total,percentage
2_professional_services,27093255.445403896,0.31582136287987356
1_facilities_and_construction,25335268.762875784,0.2953288181164911
6_industrial_products_and_services,12895868.427843612,0.1503248936108197
NA,10665699.86405894,0.12432820684552331
3_information_technology,8083870.449605696,0.09423227075400821
5_transportation_and_logistics,1253227.695075888,0.014608657104911047
8_security_and_protection,350380.69964347326,0.0040843268285420216
10_office_management,109074.62,0.001271463859831141
