d_most_recent_category,total,percentage
4_medical,12983229.647123288,0.9740860962704041
6_industrial_products_and_services,345396.7410714286,0.025913903729595837
