d_most_recent_category,total,percentage
4_medical,12983229.647123288,0.977101670353875
6_industrial_products_and_services,304261.3489991297,0.022898329646125058
