d_fiscal_year,total
2017-2018,786788.4
2018-2019,15128190.85268346
2019-2020,17070650.633559693
2020-2021,20349218.811610077
