d_most_recent_category,d_fiscal_year,total
4_medical,2019-2020,170389.69433854907
4_medical,2020-2021,10365373.072261736
