d_most_recent_category,total,percentage
3_information_technology,63917107.487189144,0.4272016081718553
2_professional_services,55594196.42838097,0.371573918985407
8_security_and_protection,13298476.52,0.08888278551588591
10_office_management,5502747.211738473,0.03677861140210442
9_human_capital,4374391.13154295,0.029237038402315087
6_industrial_products_and_services,3491803.430995193,0.023338103049173956
5_transportation_and_logistics,2736453.1920560696,0.01828958240276541
1_facilities_and_construction,611297.28,0.004085716506170472
7_travel,91661.39,6.126355643223687e-4
