d_fiscal_year,total
2017-2018,42051807.10583598
2018-2019,38274231.39127048
2019-2020,36359094.35826518
2020-2021,32933001.216531146
