d_most_recent_category,total,percentage
3_information_technology,63342822.352146015,0.4262506468837209
2_professional_services,55538375.10770897,0.37373245203573807
8_security_and_protection,13298476.52,0.08948897457875792
10_office_management,5370433.931738473,0.036139073891017635
9_human_capital,4374391.13154295,0.029436437788904795
6_industrial_products_and_services,3696667.8257648405,0.02487585796677273
5_transportation_and_logistics,2101505.0550789004,0.0141415847272622
1_facilities_and_construction,790302.9844971382,0.005318158330604092
7_travel,91661.39,6.168137972216095e-4
