d_most_recent_category,total,percentage
3_information_technology,63712243.09241949,0.4258323597445812
2_professional_services,55594196.42838097,0.37157391898540704
8_security_and_protection,13298476.52,0.08888278551588592
10_office_management,5502747.211738473,0.03677861140210443
9_human_capital,4374391.13154295,0.029237038402315094
6_industrial_products_and_services,3696667.8257648405,0.024707351476448123
5_transportation_and_logistics,2736453.1920560696,0.018289582402765413
1_facilities_and_construction,611297.28,0.004085716506170473
7_travel,91661.39,6.126355643223688e-4
