d_most_recent_category,total,percentage
3_information_technology,91439749.13,0.6747589389152179
2_professional_services,22625981.79,0.16696331311254736
9_human_capital,14068825.57,0.10381771497223016
10_office_management,4796216.40,0.035392593691185574
8_security_and_protection,1580266.11,0.0116612161974048
1_facilities_and_construction,857713.54,0.006329303007926582
7_travel,145473.33,0.0010734875338596509
4_medical,465.16,3.4325696279669614e-6
