d_most_recent_category,total,percentage
3_information_technology,75531617.8832282,0.7119398895677791
2_professional_services,17512897.14473803,0.1650716667887663
9_human_capital,7055614.728743912,0.06650424963199594
10_office_management,4265761.712422231,0.04020787595414003
8_security_and_protection,1002385.53,0.009448205447364093
1_facilities_and_construction,543325.8132686084,0.005121237044012389
7_travel,127125,0.0011982446688911803
6_industrial_products_and_services,53962.020000000004,5.086308970509283e-4
