d_fiscal_year,total
2017-2018,19778151.720845595
2018-2019,25854430.33439125
2019-2020,31916659.646234713
2020-2021,29217167.687974352
