d_fiscal_year,total
2017-2018,22352491.31774165
2018-2019,30319249.20565284
2019-2020,38408006.278117985
2020-2021,34035814.38155416
