d_fiscal_year,total
2017-2018,21187506.973911375
2018-2019,28840843.233477894
2019-2020,36512989.63136149
2020-2021,32040793.087818373
