d_most_recent_category,total,percentage
3_information_technology,75531617.8832282,0.7109588967108008
2_professional_services,17512897.14473803,0.16484421201571292
9_human_capital,7055614.728743912,0.06641261240980391
10_office_management,4412150.162422231,0.04153038819382458
8_security_and_protection,1002385.53,0.009435186620647198
1_facilities_and_construction,543325.8132686084,0.005114180413203123
7_travel,127125,0.0011965935892448239
6_industrial_products_and_services,53962.020000000004,5.079300467626429e-4
