d_fiscal_year,total
2017-2018,19801649.960845597
2018-2019,25700213.93789468
2019-2020,31779442.938641418
2020-2021,28957771.445019286
