d_fiscal_year,total
2017-2018,997932.8762156193
2018-2019,960608.590798279
2019-2020,1048359.0717677595
2020-2021,1078755.8980899677
