d_most_recent_category,total,percentage
3_information_technology,3743184.3639076226,0.9161769771258024
2_professional_services,154886.79539726026,0.03790989227568449
9_human_capital,102693.73151194805,0.025135185275289646
10_office_management,84891.54605479451,0.020777945323223433
