d_most_recent_category,total,percentage
11_defence,6042909.69,0.708174564360034
1_facilities_and_construction,2072810.50,0.24291471338713463
2_professional_services,417359.07,0.04891072225283136
