d_most_recent_category,total,percentage
3_information_technology,6042909.692707499,0.708174564360034
1_facilities_and_construction,2072810.5045045046,0.24291471338713463
2_professional_services,417359.07,0.04891072225283136
