d_fiscal_year,total
2017-2018,4557268.293077732
2018-2019,2939266.345288767
2019-2020,1036544.6288455044
