d_most_recent_category,total,percentage
11_defence,4535051.624214348,0.5314671857836939
1_facilities_and_construction,2072810.5045045046,0.24291471338713463
10_office_management,1786377.6384931507,0.20934736248815025
2_professional_services,138839.5,0.016270738341021267
