owner_org,d_fiscal_year,total
pc,2018-2019,2691938.730697674
pc,2019-2020,5752870.06803822
pc,2020-2021,6430198.404842579
pwgsc-tpsgc,2017-2018,995152.812446352
