d_fiscal_year,total
2017-2018,1152888.7
2018-2019,1907030.8133220782
2019-2020,2213182.1875870125
2020-2021,1925836.8416608307
