owner_org,d_fiscal_year,total
pc,2017-2018,872473.74
pc,2018-2019,1907030.8133220782
pc,2019-2020,2213182.1875870125
pc,2020-2021,1915642.3916608307
