d_fiscal_year,total
2017-2018,435082.38
2018-2019,1607238.727435116
2019-2020,3179194.318699442
2020-2021,2082161.2740088908
