d_fiscal_year,total
2017-2018,2807582.384791818
2018-2019,2701195.5247718976
2019-2020,2708596.060456204
