owner_org,d_fiscal_year,total
ssc-spc,2017-2018,2807582.384791818
ssc-spc,2018-2019,2701195.5247718976
ssc-spc,2019-2020,2708596.060456204
