d_fiscal_year,total
2017-2018,670867.65844952
2018-2019,1266057.6789920286
2019-2020,1291680.3982960484
2020-2021,1644998.7078526479
