d_most_recent_category,total,percentage
1_facilities_and_construction,4121466.84410141,0.8463667874171064
2_professional_services,505139.5468603259,0.10373329487907613
10_office_management,126585.71229119124,0.02599509997226742
6_industrial_products_and_services,116406.87602539064,0.023904817731550107
