d_most_recent_category,total,percentage
10_office_management,5800130.358393415,0.9185852722011892
2_professional_services,416643.7062575361,0.0659852018273434
1_facilities_and_construction,97425.09999999999,0.015429525971467462
