d_fiscal_year,total
2017-2018,1146969.6247117696
2018-2019,988053.3021411607
2019-2020,1090341.5597317046
2020-2021,2316258.9780663154
