d_most_recent_category,total,percentage
1_facilities_and_construction,4620108.8832602445,0.7317014814998546
10_office_management,1277446.57513317,0.20231331667280206
2_professional_services,416643.7062575361,0.0659852018273434
