d_fiscal_year,total
2017-2018,11854756.91
2018-2019,11396805.950000001
2019-2020,9598673.65
2020-2021,3244377.176792453
