d_most_recent_category,total,percentage
2_professional_services,35059884.44679245,0.9724309292470493
11_defence,441116.95999999996,0.012234945496481167
10_office_management,403142.98,0.01118168838393563
5_transportation_and_logistics,126716.36,0.003514641010657324
6_industrial_products_and_services,22995,6.377958618765972e-4
