d_most_recent_category,total,percentage
5_transportation_and_logistics,35589743.78679245,0.9871272586416422
11_defence,441116.95999999996,0.012234945496481167
6_industrial_products_and_services,22995,6.377958618765972e-4
