owner_org,d_fiscal_year,total
dnd-mdn,2017-2018,3932838.8912357227
dnd-mdn,2018-2019,5875405.874945036
dnd-mdn,2019-2020,285718.84839650145
dnd-mdn,2020-2021,602095.9222854857
rcmp-grc,2017-2018,331016.69999999995
