d_most_recent_category,total,percentage
6_industrial_products_and_services,6680404.79,0.5745558602961847
11_defence,4615654.746862745,0.3969746695415283
3_information_technology,331016.69999999995,0.028469470162286983
