d_fiscal_year,total
2017-2018,4062689.410477705
2018-2019,5609370.889522295
2019-2020,18955
2020-2021,336060.9368627451
