d_most_recent_category,total,percentage
6_industrial_products_and_services,6680404.79,0.5639799811125094
11_defence,4833688.29,0.40807458772239424
3_information_technology,331016.70,0.027945431165096384
