d_fiscal_year,total
2017-2018,4263855.591235722
2018-2019,5875405.874945036
2019-2020,285718.84839650145
2020-2021,602095.9222854857
