d_fiscal_year,total
2017-2018,3172467.8303488367
2018-2019,1632397.549651163
