d_fiscal_year,total
2017-2018,1174937.4766000872
2018-2019,1292220.6001527044
2019-2020,1701752.3711308024
2020-2021,1697102.7744883685
