d_most_recent_category,total,percentage
4_medical,5699545.365052373,0.9716216361932649
10_office_management,166467.85731958976,0.02837836380673505
