d_most_recent_category,total,percentage
2_professional_services,94377698.13394053,0.8011076352851713
4_medical,23431312.761761133,0.19889236471482877
