d_fiscal_year,total
2017-2018,26401553.259613562
2018-2019,29876843.50711188
2019-2020,29997310.74369523
2020-2021,31533303.385280993
