d_most_recent_category,total,percentage
2_professional_services,135532238.80,0.7537113530131707
4_medical,29987876.03,0.16676624555764977
9_human_capital,14299703.80,0.07952240142917964
