d_most_recent_category,total,percentage
2_professional_services,83865185.8063279,0.6318797526797252
4_medical,38345633.24464193,0.28891403528189136
9_human_capital,10512512.32761264,0.0792062120383835
