d_most_recent_category,d_fiscal_year,total
1_facilities_and_construction,2018-2019,528689.3541176472
1_facilities_and_construction,2019-2020,6241945.277647059
1_facilities_and_construction,2020-2021,6224890.782352942
11_defence,2017-2018,211271.82109289616
11_defence,2018-2019,211271.82109289616
11_defence,2019-2020,97242.92039344262
