d_most_recent_category,total,percentage
1_facilities_and_construction,19220416.20,0.9736686310204722
11_defence,519786.56,0.02633136897952787
