d_fiscal_year,total
2017-2018,211271.82109289616
2018-2019,739961.1752105433
2019-2020,6339188.198040502
2020-2021,6224890.782352942
