owner_org,d_fiscal_year,total
dnd-mdn,2018-2019,528689.3541176472
dnd-mdn,2019-2020,6241945.277647059
dnd-mdn,2020-2021,6224890.782352942
