owner_org,d_fiscal_year,total
dnd-mdn,2017-2018,211271.82109289616
dnd-mdn,2018-2019,739961.1752105433
dnd-mdn,2019-2020,6339188.198040502
dnd-mdn,2020-2021,6224890.782352942
