d_fiscal_year,total
2018-2019,528689.3541176472
2019-2020,6241945.277647059
2020-2021,6224890.782352942
