d_most_recent_category,total,percentage
2_professional_services,3307721.127034863,0.587264060504708
1_facilities_and_construction,1536149.0074873096,0.2727331201847617
NA,439303.2,0.07799538447063065
9_human_capital,301983.28074407316,0.05361513889572482
6_industrial_products_and_services,34500,0.006125247355896241
8_security_and_protection,12768.982499999998,0.002267048588278561
