d_most_recent_category,total,percentage
2_professional_services,3617785.3392857853,0.6174433102319946
1_facilities_and_construction,1575149.0074873096,0.26882889007549765
NA,439303.2,0.07497537763173547
9_human_capital,179793.06849315067,0.030685078564969367
6_industrial_products_and_services,34500,0.005888075771573878
8_security_and_protection,12768.982499999998,0.0021792677242290096
