d_fiscal_year,total
2017-2018,658603.6241008759
2018-2019,844581.0436836185
2019-2020,1984665.6719343038
2020-2021,2371449.2580474475
