d_fiscal_year,total
2017-2018,633609.6241008759
2018-2019,805581.0436836185
2019-2020,1855136.3057280304
2020-2021,2338098.624253721
