d_most_recent_category,total,percentage
6_industrial_products_and_services,971639529.0766667,0.9642299951620189
5_transportation_and_logistics,19834004.901254706,0.019682754640657763
3_information_technology,13852253.53777439,0.013746618948700008
2_professional_services,1822708.117805993,0.0018088085004980996
11_defence,420420.1781289415,4.1721413568724617e-4
1_facilities_and_construction,115489.31144657827,1.1460861243801084e-4
