category,total,percentage
6_industrial_products_and_services,982683091.8529241,0.9740010489937578
5_transportation_and_logistics,19876474.821254704,0.01970086540279826
3_information_technology,3417372.4421883505,0.003387179825408033
2_professional_services,2274708.1178059927,0.002254610984218758
NA,585200.0858033026,5.800298205690123e-4
1_facilities_and_construction,76944.78336438649,7.62649732480862e-5
