d_most_recent_category,total,percentage
2_professional_services,6567313.536284683,0.9959111193162508
6_industrial_products_and_services,26963.21081451061,0.004088880683749231
