d_fiscal_year,total
2017-2018,4084674.7493734336
2018-2019,2059123.709273183
