d_most_recent_category,total,percentage
3_information_technology,76882348.08,0.9494926781986759
11_defence,3285309.04,0.04057338201684011
2_professional_services,634798.66,0.007839727729522484
6_industrial_products_and_services,80917.17,9.993224767022495e-4
0_other,55508.91,6.855319190210477e-4
9_human_capital,20240.00,2.499628625564077e-4
10_office_management,12906.52,1.5939479668189365e-4
