category,total,percentage
3_information_technology,70700729.73334572,0.991266433381146
2_professional_services,509291.955060241,0.00714057721534617
NA,73832.11,0.0010351702538960634
9_human_capital,20240,2.83776881615009e-4
6_industrial_products_and_services,19545.691927710846,2.7404226799671136e-4
