d_fiscal_year,total
2017-2018,34719634.42517564
2018-2019,9536943.309149351
2019-2020,15251172.926068977
2020-2021,11815888.829939684
