d_most_recent_category,total,percentage
3_information_technology,61749918.44875809,0.9416581189583257
11_defence,3221224.874931507,0.0491222115376053
2_professional_services,509291.955060241,0.007766470247253905
NA,55508.91,8.464855839348604e-4
9_human_capital,20240,3.0865077730478894e-4
6_industrial_products_and_services,19545.691927710846,2.9806289557548875e-4
