d_most_recent_category,total,percentage
3_information_technology,35280595.42,0.6747870639371675
2_professional_services,10634132.29,0.20339154766888237
9_human_capital,5821449.05,0.11134274983233279
10_office_management,347353.29,0.00664358137754072
8_security_and_protection,92363.39,0.001766569413436478
5_transportation_and_logistics,61762.06,0.0011812792687661432
1_facilities_and_construction,23713.59,4.5355310991479557e-4
6_industrial_products_and_services,15802.00,3.022337083028592e-4
4_medical,6871.26,1.314216836563425e-4
