category,total,percentage
3_information_technology,33674530.49883918,0.7637950479007414
2_professional_services,8956512.900753764,0.20314879223900834
9_human_capital,921615.7568804217,0.020903797046162985
10_office_management,347353.29,0.00787855743922475
8_security_and_protection,92363.39,0.0020949571929965508
5_transportation_and_logistics,56546.422648870626,0.0012825680701680027
1_facilities_and_construction,23713.59,5.378641466307276e-4
6_industrial_products_and_services,15801.999999999998,3.58415965067236e-4
