d_fiscal_year,total
2017-2018,9304666.89157943
2018-2019,8903121.02261257
2019-2020,12188894.197748963
2020-2021,13691755.737181274
