d_fiscal_year,total
2017-2018,8987375.089168472
2018-2019,8902479.285808915
2019-2020,12135049.363211405
2020-2021,13171239.638024291
