d_most_recent_category,total,percentage
5_transportation_and_logistics,3915622.31,0.6587731497955595
11_defence,1916361.41,0.322412976013135
6_industrial_products_and_services,111826.09,0.018813874191305424
