d_most_recent_category,total,percentage
3_information_technology,9260563.851611177,0.6201239858332113
2_professional_services,5593743.117268593,0.3745791652852951
10_office_management,79100,0.0052968488814936305
