d_most_recent_category,total,percentage
10_office_management,6459008.529080213,0.44882796790392065
2_professional_services,5051169.587856828,0.35099910016355235
3_information_technology,2880655.3225309635,0.20017293193252708
