d_fiscal_year,total
2017-2018,1957619.8373668978
2018-2019,3520714.318144764
2019-2020,3811926.5517935692
2020-2021,4758115.774869282
