d_fiscal_year,total
2017-2018,1957619.8373668978
2018-2019,3640913.78148175
2019-2020,3933119.399125076
2020-2021,5401753.950906046
