d_most_recent_category,total,percentage
3_information_technology,9071852.305783542,0.6303910293967594
2_professional_services,5051169.587856828,0.35099910016355235
11_defence,188711.54582763338,0.013113315960566743
10_office_management,79100,0.005496554479121547
