d_most_recent_category,total,percentage
1_facilities_and_construction,11269386.191227652,0.39005657348055883
11_defence,10346184.286138428,0.35810266173955047
3_information_technology,6329029.009660045,0.21906067704811893
10_office_management,947071.51,0.032780087731771684
