d_most_recent_category,total,percentage
3_information_technology,16758189.195798473,0.5800353048988902
1_facilities_and_construction,11269386.191227652,0.39005657348055883
10_office_management,864095.61,0.029908121620550884
