d_most_recent_category,total,percentage
3_information_technology,16781919.19579847,0.58037995729419245
1_facilities_and_construction,11269386.191227652,0.38973646578121746
10_office_management,864095.61,0.029883576924590118
