d_fiscal_year,total
2017-2018,8677902.868772348
2018-2019,2591483.3224553037
