d_fiscal_year,total
2017-2018,11356435.607195381
2018-2019,12753382.675255006
2019-2020,2506860.6852804907
2020-2021,2274992.029295247
