owner_org,d_fiscal_year,total
pwgsc-tpsgc,2017-2018,8677902.868772348
pwgsc-tpsgc,2018-2019,2591483.3224553037
