d_most_recent_category,total,percentage
11_defence,13786452.92,0.4169972002173477
1_facilities_and_construction,11269386.19,0.3408637825850307
3_information_technology,6837025.43,0.2067986942712175
10_office_management,864095.61,0.026136197051175272
6_industrial_products_and_services,304300.00,0.009204125875228824
