d_fiscal_year,total
2017-2018,36183393.67441922
2018-2019,39804327.85356829
2019-2020,40753391.45201048
2020-2021,41572569.4821816
