d_fiscal_year,total
2017-2018,39612353.520911545
2018-2019,43231838.735227846
2019-2020,44366313.791878656
2020-2021,45754445.30459173
