d_fiscal_year,total
2017-2018,36173660.30707491
2018-2019,39794405.20400091
2019-2020,40737858.31010259
2020-2021,41542385.25650554
