d_fiscal_year,total
2017-2018,36514363.15719559
2018-2019,39942225.251800835
2019-2020,40514490.366887115
2020-2021,41586533.514827475
