d_fiscal_year,total
2017-2018,36300063.374265
2018-2019,39881083.094436914
2019-2020,40508310.07938312
2020-2021,41538274.49262598
