d_fiscal_year,total
2017-2018,36179864.24763361
2018-2019,39402761.599675015
2019-2020,40244952.096478805
2020-2021,41801440.47003719
