d_most_recent_category,total,percentage
6_industrial_products_and_services,1895647.827871321,0.42632329150785475
3_information_technology,1247454.166925926,0.2805472401728989
2_professional_services,1178660.468635838,0.2650758243018601
1_facilities_and_construction,86543.37000000001,0.019463243021259458
8_security_and_protection,38197.24446969696,0.008590400996126806
