owner_org,d_fiscal_year,total
hc-sc,2017-2018,1304658.320610687
hc-sc,2018-2019,3544512.2738167937
hc-sc,2019-2020,1457027.175572519
