d_fiscal_year,total
2017-2018,1304658.320610687
2018-2019,3544512.2738167937
2019-2020,1457027.175572519
