owner_org,d_fiscal_year,total
dfo-mpo,2017-2018,27908364.388052672
dfo-mpo,2018-2019,101611.27950394589
