d_fiscal_year,total
2017-2018,27908364.388052672
2018-2019,101611.27950394589
