owner_org,d_fiscal_year,total
dfo-mpo,2017-2018,48896537.37445912
dfo-mpo,2018-2019,7481362.126044564
dfo-mpo,2019-2020,7363189.107413011
dfo-mpo,2020-2021,7343071.104387292
