d_fiscal_year,total
2017-2018,1198674.894000503
2018-2019,2563097.215308843
2019-2020,2130965.289681865
2020-2021,333208.456109318
