d_most_recent_category,total,percentage
1_facilities_and_construction,25456182.126791444,0.8510197964150062
2_professional_services,4430620.674568245,0.14811906536820624
6_industrial_products_and_services,25758.850000000002,8.611382167875657e-4
