owner_org,d_fiscal_year,total
dfo-mpo,2018-2019,431660.2879166667
dfo-mpo,2019-2020,1048317.8420833334
pc,2017-2018,5159498.85138473
pc,2018-2019,4532229.253209244
pc,2019-2020,11704402.582548717
pc,2020-2021,7036452.834216997
