d_most_recent_category,d_fiscal_year,total
1_facilities_and_construction,2017-2018,255380.8235525657
1_facilities_and_construction,2018-2019,1200407.4503876518
1_facilities_and_construction,2020-2021,23693.32809264305
2_professional_services,2017-2018,1323929.7795230174
2_professional_services,2018-2019,725248.7905887158
2_professional_services,2019-2020,558727.3123689336
2_professional_services,2020-2021,2214290.3167315284
