d_most_recent_category,total,percentage
2_professional_services,4807236.907545529,0.7646655246646187
1_facilities_and_construction,1479481.6020328605,0.23533447533538127
