d_most_recent_category,total,percentage
2_professional_services,4822196.199212195,0.7652241754187191
1_facilities_and_construction,1479481.6020328605,0.2347758245812808
