d_fiscal_year,total
2017-2018,1579310.603075583
2018-2019,1925656.2409763676
2019-2020,558727.3123689336
2020-2021,2237983.6448241714
