d_fiscal_year,total
2017-2018,2070997.9105962745
2018-2019,1508832.244220672
2019-2020,1937219.248189396
2020-2021,1830190.5806709153
