d_fiscal_year,total
2017-2018,1915795.252082069
2018-2019,1460629.5857064663
2019-2020,1789275.4299654905
2020-2021,1786902.4314870534
