d_fiscal_year,total
2017-2018,2070997.9105962745
2018-2019,1508659.1052124186
2019-2020,1866953.7077477376
2020-2021,1840095.3849843626
