d_most_recent_category,total,percentage
11_defence,470497226.53168094,0.6663561414096135
1_facilities_and_construction,210619918.62617138,0.29829692581682415
6_industrial_products_and_services,24807605.19381169,0.03513453245286739
2_professional_services,149970.49714285714,2.1240032069491215e-4
