d_most_recent_category,total,percentage
11_defence,470497226.53,0.6663561414096135
1_facilities_and_construction,210619918.63,0.29829692581682415
6_industrial_products_and_services,24957575.69,0.0353469327735623
