d_fiscal_year,total
2017-2018,485002557.85210824
2018-2019,493893315.65937525
2019-2020,74500203.74312277
2020-2021,53816612.4692934
