d_most_recent_category,total,percentage
3_information_technology,372814980.8991993,0.5419271338926326
1_facilities_and_construction,192539918.62617138,0.2798777184579222
NA,95996391.13248166,0.13954119811652033
6_industrial_products_and_services,24957575.690954544,0.0362785514425568
5_transportation_and_logistics,1634138.5,0.002375398090368175
