d_most_recent_category,total,percentage
3_information_technology,398654027.9862629,0.5646060058728932
1_facilities_and_construction,210619918.62617138,0.29829692581682415
11_defence,85412344.04541801,0.12096785442585972
6_industrial_products_and_services,9702575.690954547,0.013741570692816488
5_transportation_and_logistics,1685854.5,0.002387643191606339
