category,total,percentage
NA,516268856.0486805,0.46627794356061797
3_information_technology,372814980.8991993,0.33671487362754704
1_facilities_and_construction,192539918.62617138,0.17389605485300583
6_industrial_products_and_services,23954795.64984846,0.02163522498628692
5_transportation_and_logistics,1634138.5,0.001475902972542247
