d_fiscal_year,total
2017-2018,3763945.5677762325
2018-2019,4774950.226452766
2019-2020,713259.9666423154
2020-2021,4603792.860905607
