d_most_recent_category,total,percentage
1_facilities_and_construction,9699658.207231468,0.70003566496969
2_professional_services,4156290.4145454546,0.29996433503031
