owner_org,d_fiscal_year,total
dnd-mdn,2017-2018,5798277.138157895
dnd-mdn,2018-2019,7460723.880660481
dnd-mdn,2019-2020,13191179.636899255
dnd-mdn,2020-2021,10461949.327817995
