d_most_recent_category,total,percentage
3_information_technology,21894582.151920855,0.7621516547395072
2_professional_services,5960167.964426204,0.20747378712657022
NA,872579.9573560767,0.030374558133922522
