d_fiscal_year,total
2017-2018,1620032.3499767259
2018-2019,3591279.1281411974
2019-2020,5906572.303533694
2020-2021,16152424.521422148
