d_fiscal_year,total
2017-2018,1840908.4783262985
2018-2019,3984687.3679403593
2019-2020,6337789.180500882
2020-2021,16563945.046935596
