d_most_recent_category,total,percentage
6_industrial_products_and_services,9776847.2965067,0.9863747955130638
11_defence,83562.68000000001,0.00843054196284461
2_professional_services,51488.97,0.005194662524091463
