d_most_recent_category,total,percentage
2_professional_services,4158957.936484634,0.629164474290123
3_information_technology,2428334.367446703,0.3673568569406203
9_human_capital,22995,0.003478668769256698
