d_fiscal_year,total
2017-2018,1807421.0190983606
2018-2019,8472177.479200127
2019-2020,128411.88473429951
