d_most_recent_category,total,percentage
11_defence,10294070.893032787,0.9890527117280988
6_industrial_products_and_services,82304.12000000001,0.007907766899826769
2_professional_services,31635.37,0.0030395213720743595
