d_most_recent_category,d_fiscal_year,total
1_facilities_and_construction,2017-2018,1363311.1721111112
1_facilities_and_construction,2018-2019,880102.9774798629
1_facilities_and_construction,2019-2020,683078.2040772308
1_facilities_and_construction,2020-2021,1738086.0784429067
10_office_management,2017-2018,174125.90888888887
10_office_management,2018-2019,454782.19575163396
10_office_management,2019-2020,840306.8874509804
10_office_management,2020-2021,140051.14790849673
