d_most_recent_category,total,percentage
1_facilities_and_construction,2438532.7521111113,0.602434265413642
10_office_management,1609266.14,0.39756573458635797
