d_most_recent_category,total,percentage
5_transportation_and_logistics,24998980.19,0.8369831844457511
11_defence,4841702.23,0.1621035466168548
1_facilities_and_construction,27277.48,9.132689373940134e-4
