d_fiscal_year,total
2017-2018,5616245.82
2018-2019,8615887.717317073
2019-2020,11129945.152682927
2020-2021,760429.9
