d_most_recent_category,total,percentage
2_professional_services,26397985.41,0.8930468648327028
10_office_management,2259349.66,0.07643405733755321
11_defence,886783.77,0.02999999633619862
1_facilities_and_construction,15343.77,5.190814935454607e-4
