d_fiscal_year,total
2017-2018,6287402.640000001
2018-2019,10157509.914227642
2019-2020,11755531.455772357
2020-2021,1359018.5999999999
