d_most_recent_category,total,percentage
5_transportation_and_logistics,24707639.77,0.835862278553108
11_defence,4824545.36,0.163214921179516
1_facilities_and_construction,27277.48,9.228002673760382e-4
