d_most_recent_category,total,percentage
5_transportation_and_logistics,26110574.88,0.9995431637065451
10_office_management,11933.710000000001,4.568362934549235e-4
