d_most_recent_category,total,percentage
11_defence,14971427.406022273,0.579296972959949
5_transportation_and_logistics,10872704.541577868,0.420703027040051
