d_fiscal_year,total
2017-2018,1362881.596998199
2018-2019,5312351.494582371
2019-2020,5283289.15263382
2020-2021,13885609.703385752
