d_most_recent_category,total,percentage
5_transportation_and_logistics,25582761.823091768,0.9898866742733589
11_defence,261370.12450837376,0.01011332572664118
