d_most_recent_category,total,percentage
5_transportation_and_logistics,27965053.94503956,0.9907402324905069
NA,261370.12450837376,0.009259767509493094
