d_fiscal_year,total
2017-2018,5581358.079609586
2018-2019,1731180.364392679
