owner_org,d_fiscal_year,total
csc-scc,2017-2018,3080397.1160885333
csc-scc,2018-2019,6956305.523911466
