d_fiscal_year,total
2017-2018,2678532.738423033
2018-2019,10161899.352799702
2019-2020,2530590.6852804907
2020-2021,2274992.029295247
