d_fiscal_year,total
2019-2020,78169.7378253479
2020-2021,575695.1592602234
