d_most_recent_category,total,percentage
2_professional_services,528189.07,0.8193770855777397
3_information_technology,73814.96,0.11450877816999673
10_office_management,31698.60,0.04917388078735261
9_human_capital,10920.07,0.01694025546491097
