d_fiscal_year,total
2017-2018,21343509.5681135
2018-2019,23688152.58159109
2019-2020,21702322.005872846
2020-2021,69555853.44115722
