d_fiscal_year,total
2017-2018,21364692.8181135
2018-2019,23688152.58159109
2019-2020,21845786.29587285
2020-2021,69571079.41115722
