d_most_recent_category,total,percentage
6_industrial_products_and_services,61166958.45047091,0.4482090418043859
4_medical,56363695.65148437,0.4130124933539401
2_professional_services,18939057.004779384,0.138778464841674
