d_most_recent_category,total,percentage
6_industrial_products_and_services,64920462.62,0.462979418155376
4_medical,56363695.65,0.4019569479995056
2_professional_services,18939057.00,0.13506363384511844
