d_fiscal_year,total
2017-2018,88034944.40722798
2018-2019,90379587.42070557
2019-2020,67983190.0771203
2020-2021,69615228.00371797
