category,total,percentage
NA,199332977.7263722,0.6307747128208404
4_medical,56363695.65148437,0.17835881620596786
6_industrial_products_and_services,41377219.526135884,0.13093520230130082
2_professional_services,18939057.004779384,0.059931268671890824
