d_most_recent_category,total,percentage
6_industrial_products_and_services,64574086.20089498,0.46050923931005877
4_medical,56363695.65148437,0.4019569479995056
2_professional_services,18939057.004779384,0.13506363384511844
11_defence,346376.42,0.0024701788453172203
