d_fiscal_year,total
2017-2018,43313607.73494033
2018-2019,16536910.346073307
2019-2020,14751929.884277718
2020-2021,6463920.149208619
