d_fiscal_year,total
2017-2018,64128720.64808284
2018-2019,19804627.718421012
2019-2020,17445916.047599893
2020-2021,7279211.730317448
