d_most_recent_category,total,percentage
2_professional_services,41298230.171881214,0.5094372812354275
11_defence,35267269.94261876,0.4350419386348537
1_facilities_and_construction,3400000.0000000005,0.04194094393371322
6_industrial_products_and_services,1100868,0.013579836196005588
