d_most_recent_category,total,percentage
6_industrial_products_and_services,42399098.17,0.5230171174314331
11_defence,35267269.94,0.4350419386348537
1_facilities_and_construction,3400000.00,0.04194094393371322
