d_most_recent_category,total,percentage
6_industrial_products_and_services,42399098.171881214,0.5230171174314331
5_transportation_and_logistics,18243013.384189647,0.22503800044949346
11_defence,17024256.558429115,0.21000393818536028
1_facilities_and_construction,3400000.0000000005,0.04194094393371322
