d_most_recent_category,total,percentage
6_industrial_products_and_services,42399098.171881214,0.5230171174314331
5_transportation_and_logistics,17519464.1558357,0.21611260703194218
11_defence,13343608.15660263,0.16460103575573803
NA,4404197.630180432,0.054328295847173566
1_facilities_and_construction,3400000.0000000005,0.04194094393371322
