d_most_recent_category,total,percentage
3_information_technology,174638702.19,0.596496636623375
2_professional_services,83625805.18,0.28563262839352943
11_defence,33728689.42,0.11520384398053148
1_facilities_and_construction,780796.33,0.00266689100256398
