d_fiscal_year,total
2017-2018,46446254.138341956
2018-2019,60183902.45541844
2019-2020,63270963.09839914
2020-2021,59345905.690594286
