d_most_recent_category,total,percentage
10_office_management,135537981.97014382,0.634297151559548
2_professional_services,44054415.143448524,0.20616796585673383
3_information_technology,31112062.889661033,0.14559972476497818
11_defence,2015456.9475017108,0.009432032130837252
1_facilities_and_construction,962237.5992002934,0.004503125687902674
