d_most_recent_category,total,percentage
3_information_technology,188878588.8248465,0.7641606039452966
2_professional_services,44528380.985904254,0.1801518886741
NA,13537555.526780931,0.05476992745260845
1_facilities_and_construction,226799.44639765227,9.175799279949418e-4
