d_fiscal_year,total
2017-2018,45399790.59063063
2018-2019,56452693.75092693
2019-2020,59072975.57067174
2020-2021,52911170.96203753
