d_fiscal_year,total
2017-2018,61157155.67543478
2018-2019,70396393.72174056
2019-2020,69830092.45619115
2020-2021,62946754.686641775
