d_most_recent_category,total,percentage
10_office_management,135537981.97014382,0.634297151559548
2_professional_services,46976526.03995584,0.2198430006422155
3_information_technology,28189951.99315372,0.1319246899794965
11_defence,2015456.9475017108,0.009432032130837252
1_facilities_and_construction,962237.5992002934,0.004503125687902674
