d_most_recent_category,total,percentage
3_information_technology,168701510.83538607,0.7762025142233556
2_professional_services,48311744.009765744,0.2222842995371061
1_facilities_and_construction,328879.12639765226,0.001513186239538364
