d_most_recent_category,total,percentage
3_information_technology,165832379.89034376,0.7755096926674412
2_professional_services,47453100.6347228,0.22191287077761995
1_facilities_and_construction,551150.3492002934,0.002577436554938815
