d_most_recent_category,total,percentage
1_facilities_and_construction,13916583.80526643,0.8665187451395392
6_industrial_products_and_services,2015511.2355529955,0.12549619152834812
2_professional_services,99870.26491315136,0.006218441094469483
10_office_management,16156.349999999999,0.0010059782144765498
8_security_and_protection,12216.2,7.606440231666454e-4
