d_fiscal_year,total
2017-2018,3752993.5841263733
2018-2019,757398.6019911504
2019-2020,280007.96800884954
