owner_org,d_fiscal_year,total
cfia-acia,2017-2018,54625
pwgsc-tpsgc,2017-2018,3698368.5841263733
pwgsc-tpsgc,2018-2019,757398.6019911504
pwgsc-tpsgc,2019-2020,280007.96800884954
