d_most_recent_category,total,percentage
1_facilities_and_construction,10391935.560304211,0.9274815743459565
10_office_management,767000,0.06845484783804066
6_industrial_products_and_services,45530.21857923497,0.004063577816002949
