d_fiscal_year,total
2017-2018,3994145.967195256
2018-2019,6208690.289405802
2019-2020,1526836.7275717235
2020-2021,1691846.404710664
