d_most_recent_category,total,percentage
1_facilities_and_construction,12641746.208883446,0.9419012738121246
10_office_management,767000,0.05714703214863126
3_information_technology,12773.18,9.51694039244138e-4
