d_fiscal_year,total
2017-2018,2068462.9551640062
2018-2019,5917319.691437053
2019-2020,1526836.7275717235
2020-2021,1691846.404710664
