d_most_recent_category,total,percentage
10_office_management,4131618.055209581,0.9701773323632296
3_information_technology,75863.2,0.017814027341596723
1_facilities_and_construction,34254.65602956706,0.008043601892455086
5_transportation_and_logistics,16885.597826086956,0.003965038402718567
