d_most_recent_category,total,percentage
1_facilities_and_construction,4165872.71,0.9782209342556847
11_defence,75863.20,0.017814027341596723
5_transportation_and_logistics,16885.60,0.003965038402718567
