d_most_recent_category,total,percentage
1_facilities_and_construction,5516998.60,0.9816440872001737
11_defence,75863.20,0.013498401405886783
5_transportation_and_logistics,27300.00,0.004857511393939475
