d_most_recent_category,total,percentage
1_facilities_and_construction,4165872.711239148,0.9782209342556847
3_information_technology,75863.2,0.017814027341596723
5_transportation_and_logistics,16885.597826086956,0.003965038402718567
