d_fiscal_year,total
2017-2018,3542.5243243243244
2018-2019,83224.45073806909
2019-2020,1026621.9172193476
2020-2021,1216635.3676157626
