d_most_recent_category,total,percentage
5_transportation_and_logistics,1268064.10,0.4233914048026416
2_professional_services,1212571.92,0.40486322987333884
6_industrial_products_and_services,231120.67,0.07716842165173492
1_facilities_and_construction,134122.84,0.04478200857234589
3_information_technology,84637.39,0.028259408570785467
9_human_capital,64499.25,0.021535526529153207
