d_fiscal_year,total
2018-2019,822232.1447702406
2019-2020,14789422.24372379
2020-2021,15465255.569742883
