owner_org,d_fiscal_year,total
pwgsc-tpsgc,2019-2020,12458963.936666667
pwgsc-tpsgc,2020-2021,16780523.383333333
