category,total,percentage
5_transportation_and_logistics,53043584.59000001,0.991875408705043
1_facilities_and_construction,434487.47880126187,0.008124591294956924
