d_most_recent_category,total,percentage
10_office_management,3409461.22448795,0.5651228719921865
2_professional_services,2188151.5879233507,0.36268912543717874
3_information_technology,435519.7919528178,0.07218800257063483
6_industrial_products_and_services,0,0
