category,total,percentage
6_industrial_products_and_services,8332122.166025067,0.36012176712572136
5_transportation_and_logistics,7888213.413292042,0.3409356340744515
3_information_technology,3949689.7562647057,0.17070912143178077
1_facilities_and_construction,1572337.6610626222,0.06795783903998168
NA,1029652.2565868248,0.04450249081548554
8_security_and_protection,170636.3,0.007375053397844029
11_defence,164441.81,0.007107322003513451
10_office_management,29864.54,0.0012907721112216388
