d_most_recent_category,total,percentage
11_defence,13303484.15,0.46257451333942834
6_industrial_products_and_services,11954318.76,0.4156627782112416
1_facilities_and_construction,2183077.27,0.07590762641921876
5_transportation_and_logistics,1084563.10,0.037711267410790096
8_security_and_protection,170636.30,0.005933182808162846
10_office_management,38656.98,0.0013441391974829825
3_information_technology,24920.03,8.66492613675416e-4
