d_most_recent_category,total,percentage
6_industrial_products_and_services,8850419.449106904,0.38725271388657084
5_transportation_and_logistics,7937812.515188503,0.34732132827215617
3_information_technology,3949689.7562647057,0.17281984045149867
1_facilities_and_construction,1572337.6610626222,0.06879809820245378
11_defence,343616.6019293821,0.015035045784983948
8_security_and_protection,170636.3,0.00746624164453936
10_office_management,29864.54,0.0013067317577972067
