d_fiscal_year,total
2017-2018,5559648.177941073
2018-2019,7109592.826049593
2019-2020,4772231.326721326
2020-2021,5629792.337877072
