d_most_recent_category,total,percentage
6_industrial_products_and_services,8852057.502221659,0.3836832366746461
5_transportation_and_logistics,8014797.759474217,0.34739308289355103
3_information_technology,3949689.7562647057,0.17119519943967818
1_facilities_and_construction,1710602.2086991016,0.07414427571575834
11_defence,343616.6019293821,0.014893704652316144
8_security_and_protection,170636.3,0.007396053161850157
10_office_management,29864.54,0.0012944474622000157
