owner_org,d_fiscal_year,total
hc-sc,2017-2018,6265.9961685823755
hc-sc,2018-2019,7306.99233716475
hc-sc,2019-2020,7327.0114942528735
phac-aspc,2017-2018,2534056.921584115
phac-aspc,2018-2019,2534056.921584115
phac-aspc,2019-2020,2540999.543287085
phac-aspc,2020-2021,2447241.11378501
