d_fiscal_year,total
2017-2018,2540322.917752697
2018-2019,2541363.91392128
2019-2020,2548326.5547813377
2020-2021,2447241.11378501
