d_fiscal_year,total
2017-2018,4030101.833752835
2018-2019,7848154.710268567
2019-2020,6672760.511379051
2020-2021,2587421.5760343526
