d_most_recent_category,total,percentage
1_facilities_and_construction,21049687.891434807,0.9958014524370774
2_professional_services,62150.53999999999,0.0029401670143970053
6_industrial_products_and_services,26600.199999999997,0.0012583805485256157
