d_fiscal_year,total
2017-2018,4030101.833752835
2018-2019,11272365.371173467
2019-2020,8659967.110535076
2020-2021,3070415.699906482
