d_fiscal_year,total
2017-2018,3707301.2050174493
2018-2019,3942781.880663594
2019-2020,2930872.73449308
2020-2021,2910369.055125378
