d_most_recent_category,total,percentage
6_industrial_products_and_services,8657374.56,0.6416993613860654
3_information_technology,2693817.17,0.19967032112360517
1_facilities_and_construction,1886453.88,0.139827177644636
8_security_and_protection,86828.50,0.0064358765736696865
11_defence,82489.14,0.006114235685705314
2_professional_services,66154.07,0.00490345244899689
7_travel,15191.88,0.0011260481333804735
10_office_management,3015.68,2.235270039410775e-4
