d_most_recent_category,total,percentage
6_industrial_products_and_services,8545059.432755725,0.6333743729202154
3_information_technology,2888621.4342098376,0.2141095452751605
1_facilities_and_construction,1886453.8800000001,0.139827177644636
8_security_and_protection,86828.50171270716,0.006435876573669686
2_professional_services,66154.06999999999,0.004903452448996889
7_travel,15191.88119266055,0.0011260481333804733
10_office_management,3015.6754285714283,0.00022352700394107747
