d_most_recent_category,total,percentage
6_industrial_products_and_services,8657374.556731628,0.6416993613860654
3_information_technology,2693817.1702339337,0.19967032112360517
1_facilities_and_construction,1886453.8800000001,0.139827177644636
8_security_and_protection,86828.50171270716,0.0064358765736696865
11_defence,82489.14,0.006114235685705314
2_professional_services,66154.06999999999,0.00490345244899689
7_travel,15191.88119266055,0.0011260481333804735
10_office_management,3015.6754285714283,2.235270039410775e-4
