d_fiscal_year,total
2017-2018,9843174.495085407
2018-2019,7299437.451859403
2019-2020,8214164.717453664
2020-2021,3194596.7935766424
