d_most_recent_category,total,percentage
2_professional_services,27076886.122222222,0.9578710438468282
1_facilities_and_construction,762454.4344015444,0.02697256330248625
3_information_technology,236250,0.008357572325241983
10_office_management,144325.27,0.0051056460630056165
6_industrial_products_and_services,47862.28,0.0016931744624380225
