d_fiscal_year,total
2017-2018,6319401.613918252
2018-2019,32352758.020108737
2019-2020,10094432.471004449
2020-2021,1120809.5538057743
