d_fiscal_year,total
2017-2018,6319401.613918252
2018-2019,31180148.020108737
2019-2020,5832182.024810223
2020-2021,435615
