d_most_recent_category,total,percentage
5_transportation_and_logistics,43496251.31,0.9938059907777738
7_travel,271095.3488372093,0.006194009222226212
