d_most_recent_category,total,percentage
9_human_capital,5720378.92429922,0.5051434128672408
2_professional_services,4171233.8588128244,0.36834470848733675
3_information_technology,1387781.0983008621,0.12254930828629076
10_office_management,44873.20509589041,0.003962570359131696
