d_most_recent_category,total,percentage
2_professional_services,9693320.21320054,0.8559777104470372
10_office_management,1212489.3969261642,0.10707001059438695
3_information_technology,366813.90647058823,0.032391845200083036
9_human_capital,51643.569911504426,0.004560433758492872
