d_vendor_name,overall_total
AVI SPL CANADA,184084.14
IFATHOM,174932.28195423234
ORANGUTECH,155109.15632754343
EXCEL HUMAN RESOURCES,147397.7
THE RIGHT DOOR CONSULTING,102748.00000000001
SAS INSTITUTE,64923.02
INTEGRA NETWORKS,59163.53278333012
TRM TECHNOLOGIES,38646
FACTIVA,29590.019753424658
THE AIM GROUP,24860
ECOLE DE LANGUES ABCE,21911.772151898735
CANON,15730.50509589041
