d_fiscal_year,total
2017-2018,3340826.6265316634
2018-2019,3023394.2234417833
2019-2020,2953129.564629434
2020-2021,2472900.4894868354
