d_fiscal_year,total
2017-2018,3239345.561693269
2018-2019,2902460.043998285
2019-2020,2831864.058666913
2020-2021,2429428.5869288435
