d_fiscal_year,total
2017-2018,148239970.70780218
2018-2019,149560420.1590614
2019-2020,139586653.65250167
2020-2021,129892833.74008395
