d_fiscal_year,total
2017-2018,146543902.72364563
2018-2019,146827443.64736882
2019-2020,136029092.0600652
2020-2021,127714956.00224191
