d_fiscal_year,total
2017-2018,140667933.22514004
2018-2019,141988151.00121894
2019-2020,130516397.88160212
2020-2021,124338487.36021343
