d_most_recent_category,d_fiscal_year,total
10_office_management,2020-2021,24408.73
2_professional_services,2017-2018,163921.17117117115
2_professional_services,2018-2019,163921.17117117115
2_professional_services,2019-2020,164370.27027027027
2_professional_services,2020-2021,163921.17117117115
4_medical,2017-2018,2018736.4047173997
4_medical,2018-2019,2537370.1992669455
4_medical,2019-2020,2286442.3176629287
4_medical,2020-2021,2645285.0843735444
