owner_org,d_fiscal_year,total
csc-scc,2017-2018,2018736.4047173997
csc-scc,2018-2019,2537370.1992669455
csc-scc,2019-2020,2286442.3176629287
csc-scc,2020-2021,2669693.8143735444
dnd-mdn,2017-2018,163921.17117117115
dnd-mdn,2018-2019,163921.17117117115
dnd-mdn,2019-2020,164370.27027027027
dnd-mdn,2020-2021,163921.17117117115
