d_fiscal_year,total
2017-2018,2194384.715888571
2018-2019,3042712.9004381164
2019-2020,2450812.587933199
2020-2021,2865940.2755447156
