d_fiscal_year,total
2017-2018,2182657.575888571
2018-2019,2701291.3704381166
2019-2020,2450812.587933199
2020-2021,2833614.9855447155
