d_most_recent_category,total,percentage
4_medical,11965965.63,0.9441421045634988
2_professional_services,683528.83,0.05393199071358557
10_office_management,24408.73,0.0019259047229156108
