d_most_recent_category,total,percentage
4_medical,91519554.18,0.6251768471763853
2_professional_services,54845901.96,0.37465641498270524
10_office_management,24408.73,1.6673784090947083e-4
