d_most_recent_category,total,percentage
2_professional_services,2394330.12,0.5435237556275561
6_industrial_products_and_services,1465439.95,0.33266148999982426
1_facilities_and_construction,465597.36,0.10569270444523132
5_transportation_and_logistics,79831.23005762872,0.018122049927388376
