owner_org,d_fiscal_year,total
pc,2017-2018,1373463.071890411
pc,2018-2019,1656688.840455764
pc,2019-2020,1368438.989090764
pc,2020-2021,6607.758620689655
