d_fiscal_year,total
2017-2018,1465695.8810661566
2018-2019,1713100.8468475165
2019-2020,1728894.6887081417
2020-2021,1483447.5821474618
