d_fiscal_year,total
2017-2018,198433267.21393746
2018-2019,185459052.3937121
2019-2020,191948331.25069702
2020-2021,191967479.5283912
