d_fiscal_year,total
2017-2018,190566884.14567122
2018-2019,175163913.87639278
2019-2020,181709263.24357468
2020-2021,181524792.13336602
