d_fiscal_year,total
2017-2018,198423505.09135222
2018-2019,185441819.7680278
2019-2020,191725579.5483836
2020-2021,191902184.21369988
