d_fiscal_year,total
2017-2018,190799048.39460257
2018-2019,175362066.0683506
2019-2020,181415298.74615723
2020-2021,181846021.84419692
