category,total,percentage
5_transportation_and_logistics,439406701.74764425,0.8143605586346901
NA,42136125.03824078,0.07809165902196412
1_facilities_and_construction,20362687.706094045,0.03773854533780421
3_information_technology,16279535.43570789,0.030171163796564437
6_industrial_products_and_services,10853215.501643235,0.020114464808451794
2_professional_services,8070963.741152566,0.014958066217069412
11_defence,2332837.170311442,0.004323490228216076
9_human_capital,130604.62,2.4205195523976017e-4
