d_fiscal_year,total
2017-2018,128318566.4542582
2018-2019,125858529.01892434
2019-2020,142299307.0021477
2020-2021,138126330.5292596
