d_most_recent_category,total,percentage
11_defence,461799177.72099656,0.9093039665131097
1_facilities_and_construction,23604493.905979056,0.04647834160763469
6_industrial_products_and_services,13137023.771954676,0.02586740817289306
3_information_technology,5495240.697035865,0.010820383413020935
2_professional_services,3627621.79362021,0.007142955304136916
9_human_capital,130604.62,2.571665449839492e-4
5_transportation_and_logistics,65909.29000000001,1.2977844422077224e-4
