d_fiscal_year,total
2017-2018,119323100.72547679
2018-2019,123559609.73411717
2019-2020,134713833.2370612
2020-2021,130263528.1029312
