d_most_recent_category,total,percentage
11_defence,449469452.4047922,0.8850261663849871
1_facilities_and_construction,25601877.556290496,0.05041128251246656
10_office_management,14354368.223127456,0.02826441577157897
2_professional_services,5671073.681417291,0.01116660670196422
6_industrial_products_and_services,5580471.493846154,0.010988206798915942
3_information_technology,5486125.620112788,0.010802435404446883
5_transportation_and_logistics,1608714.43,0.003167633211052742
9_human_capital,87988.39,1.7325321458766364e-4
