d_most_recent_category,total,percentage
11_defence,461799177.72099656,0.9093039665131097
1_facilities_and_construction,23604493.905979056,0.04647834160763469
6_industrial_products_and_services,13137023.771954676,0.02586740817289306
2_professional_services,8070963.741152566,0.015892101366727567
3_information_technology,1051898.749503509,0.002071237350430284
9_human_capital,130604.62,2.571665449839492e-4
5_transportation_and_logistics,65909.29000000001,1.2977844422077224e-4
