d_most_recent_category,total,percentage
5_transportation_and_logistics,424651967.9833377,0.8361593902796821
11_defence,24093657.87299533,0.047441528111513476
1_facilities_and_construction,20525508.61609404,0.040415676986305576
3_information_technology,19340306.76955404,0.03808195966464201
6_industrial_products_and_services,11047062.196452694,0.021752177046145356
2_professional_services,8070963.741152566,0.015892101366727567
9_human_capital,130604.62,2.571665449839492e-4
