d_most_recent_category,total,percentage
5_transportation_and_logistics,11922078.69,0.7836779158784648
2_professional_services,2274255.27,0.149494369238737
11_defence,1016538.62,0.06682046712598867
3_information_technology,110.26,7.247756809585367e-6
