d_most_recent_category,total,percentage
5_transportation_and_logistics,9985739.14,0.8026647788969892
2_professional_services,1548596.15,0.12447787458954046
11_defence,906288.62,0.072848483692472
3_information_technology,110.26,8.862820998383455e-6
