d_most_recent_category,total,percentage
5_transportation_and_logistics,10878362.178511817,0.8744148081238428
2_professional_services,1541818.6048722523,0.1239330882183936
11_defence,13665.58,0.001098454465618438
3_information_technology,6887.802420591457,5.536491921452417e-4
