d_fiscal_year,total
2017-2018,848922.5150000001
2018-2019,1724502.7377606179
2019-2020,2532463.063281853
2020-2021,1078160.578957529
