d_fiscal_year,total
2017-2018,27007602.493149027
2018-2019,25552245.68465663
2019-2020,20218732.409984328
2020-2021,22394092.888938956
