d_most_recent_category,total,percentage
2_professional_services,54412746.55273689,0.5744165252191173
1_facilities_and_construction,40154237.816099085,0.4238943854229237
9_human_capital,122377.9451701538,0.0012919015944171195
8_security_and_protection,25782.000000000004,2.721716471129756e-4
NA,11842.399999999998,1.250161164289311e-4
3_information_technology,0,0
6_industrial_products_and_services,0,0
