d_fiscal_year,total
2017-2018,26776976.293149028
2018-2019,25406959.28465663
2019-2020,20296212.581650995
2020-2021,22246838.55454948
