d_fiscal_year,total
2017-2018,27692273.25474881
2018-2019,26322256.246256415
2019-2020,21259781.8897422
2020-2021,23332042.10296713
