category,total,percentage
2_professional_services,69019452.32632759,0.5592367217981138
1_facilities_and_construction,52449506.382725984,0.4249771480469471
NA,1509622.1579754886,0.012231858096879902
5_transportation_and_logistics,218578.5,0.0017710532273945826
9_human_capital,122377.9451701538,9.915790196909494e-4
10_office_management,71920,5.827386870813845e-4
8_security_and_protection,25782.000000000004,2.0890112389227274e-4
6_industrial_products_and_services,0,0
