d_most_recent_category,total,percentage
1_facilities_and_construction,57472556.022042245,0.5828484066770171
2_professional_services,41024253.07167231,0.4160406669362062
10_office_management,71920,7.293647665876254e-4
8_security_and_protection,25782.000000000004,2.6146388226031925e-4
NA,11842.399999999998,1.2009773792877216e-4
3_information_technology,0,0
6_industrial_products_and_services,0,0
