d_fiscal_year,total
2017-2018,27692273.25474881
2018-2019,26322256.246256415
2019-2020,21257227.891127195
2020-2021,23324142.022505466
