d_most_recent_category,total,percentage
1_facilities_and_construction,57503015.78280131,0.5832191412035966
2_professional_services,40932881.28666643,0.4151580494694427
9_human_capital,122377.9451701538,0.0012412072499638372
8_security_and_protection,25782.000000000004,2.614916051587062e-4
NA,11842.399999999998,1.2011047183816079e-4
3_information_technology,0,0
6_industrial_products_and_services,0,0
