d_fiscal_year,total
2017-2018,1036280.0978879367
2018-2019,1926891.1471522183
2019-2020,1394265.1136212626
2020-2021,1818928.55
