d_fiscal_year,total
2017-2018,1036280.0978879367
2018-2019,2383727.147152218
2019-2020,1394265.1136212626
2020-2021,1818928.55
