d_fiscal_year,total
2017-2018,1420785.4105441805
2018-2019,6179543.607829112
2019-2020,2732690.047011718
2020-2021,2900741.0616913848
