d_most_recent_category,total,percentage
6_industrial_products_and_services,7467251.134665675,0.5642577062725816
1_facilities_and_construction,5740731.492410719,0.43379443463427525
8_security_and_protection,25777.5,0.0019478590931430741
