d_fiscal_year,total
2017-2018,5362362.08017789
2018-2019,5711089.3088270025
2019-2020,1064034.4385728643
