d_fiscal_year,total
2017-2018,54642992.51626766
2018-2019,20282731.83186075
2019-2020,9413532.425591094
2020-2021,10305509.109061623
