d_most_recent_category,total,percentage
1_facilities_and_construction,95841904.13,0.9672888161042608
2_professional_services,1737900.29,0.01753983843758424
5_transportation_and_logistics,1356020.54,0.013685699489570251
10_office_management,128802.30,0.0012999431241186208
6_industrial_products_and_services,18400.00,1.8570284446615178e-4
