d_most_recent_category,total,percentage
6_industrial_products_and_services,9161780.776741052,0.4046920712917268
3_information_technology,8452554.342318282,0.37336428450489945
11_defence,3390186.196343077,0.14975052419347779
5_transportation_and_logistics,535096.4452455357,0.023636156992209206
10_office_management,480849.20863874344,0.02123996054533633
8_security_and_protection,361705.82999999996,0.01597718665268719
1_facilities_and_construction,218006.80588235296,0.00962974644101948
2_professional_services,38714.07885542169,0.0017100693786437527
