d_fiscal_year,total
2017-2018,6044807.071447188
2018-2019,5509999.51830125
2019-2020,8609555.655325023
2020-2021,3221665.5852341894
