d_fiscal_year,total
2017-2018,5908396.702795503
2018-2019,5554589.540569843
2019-2020,7947574.4015311245
2020-2021,3239794.9091279944
