d_fiscal_year,total
2017-2018,5908396.702795503
2018-2019,5532045.978188891
2019-2020,7809861.004089068
2020-2021,3221665.5852341894
