d_most_recent_category,total,percentage
3_information_technology,10106314.50,0.3955081068740776
6_industrial_products_and_services,9752302.19,0.38165392274449356
11_defence,3845108.46,0.15047736423297262
10_office_management,625220.84,0.024467862393444458
5_transportation_and_logistics,577452.19,0.02259844796742307
8_security_and_protection,361705.83,0.014155267778564618
1_facilities_and_construction,245918.57,0.009623962152886273
2_professional_services,38714.08,0.0015150658561377363
