d_most_recent_category,total,percentage
3_information_technology,13810622.724944545,0.590260874215192
6_industrial_products_and_services,7922662.606741052,0.3386116505753554
5_transportation_and_logistics,535096.4452455357,0.02286982287841331
10_office_management,480849.20863874344,0.020551316179548133
8_security_and_protection,361705.82999999996,0.015459172528035942
1_facilities_and_construction,218006.80588235296,0.009317529729673795
2_professional_services,68546.07885542169,0.002929633893781365
