d_most_recent_category,total,percentage
2_professional_services,4552781.10799629,0.9499785153888258
5_transportation_and_logistics,206400.25,0.04306725898297729
3_information_technology,28832.809999999998,0.0060162237956445175
1_facilities_and_construction,4495.382741116751,9.380018325524386e-4
