d_most_recent_category,total,percentage
6_industrial_products_and_services,3789361.02,0.7906840827084495
11_defence,763420.09,0.15929443268037624
5_transportation_and_logistics,210895.63,0.044005260815529725
3_information_technology,28832.81,0.0060162237956445175
