d_most_recent_category,total,percentage
6_industrial_products_and_services,3789361.0179962893,0.7906840827084495
11_defence,763420.09,0.15929443268037624
5_transportation_and_logistics,206400.25,0.04306725898297729
3_information_technology,28832.809999999998,0.0060162237956445175
1_facilities_and_construction,4495.382741116751,9.380018325524386e-4
