d_most_recent_category,total,percentage
6_industrial_products_and_services,3789361.0179962893,0.7906840827084495
5_transportation_and_logistics,974315.7227411168,0.203299693495906
3_information_technology,28832.809999999998,0.0060162237956445175
