d_most_recent_category,total,percentage
2_professional_services,58325674.427425176,0.5533186111381753
10_office_management,31244182.210700676,0.2964044166944778
1_facilities_and_construction,10935426.198951278,0.1037411893819888
3_information_technology,3527657.9685495934,0.033465859193058396
9_human_capital,511940.41689242265,0.004856628975853211
4_medical,473370.41865413164,0.004490726685544192
11_defence,264279.60506543,0.0025071433028846443
8_security_and_protection,103123.8,9.78305323537944e-4
NA,24994.9,2.3711930447965022e-4
