d_fiscal_year,total
2017-2018,33681831.99282623
2018-2019,33559308.92783813
2019-2020,40564184.383091986
2020-2021,33929868.40170035
