d_most_recent_category,total,percentage
2_professional_services,59510080.39607931,0.5645547240855692
10_office_management,31244182.210700676,0.2964044166944778
1_facilities_and_construction,10935426.198951278,0.1037411893819888
3_information_technology,2816622.4185495935,0.026720472931208758
9_human_capital,511940.41689242265,0.004856628975853211
11_defence,264279.60506543,0.0025071433028846443
8_security_and_protection,103123.8,9.78305323537944e-4
NA,24994.9,2.3711930447965022e-4
