d_fiscal_year,total
2017-2018,34980294.07200923
2018-2019,35289163.2533357
2019-2020,41025176.99960544
2020-2021,34033716.84343791
