d_most_recent_category,total,percentage
10_office_management,14135862.51,0.5526283523931901
9_human_capital,10320308.34,0.4034628229245321
3_information_technology,626096.28,0.02447664965276104
2_professional_services,414729.69,0.016213470207919585
11_defence,82332.31,0.00321870482159718
