d_most_recent_category,total,percentage
10_office_management,14135862.511756472,0.5526283523931901
9_human_capital,10320308.338810112,0.4034628229245321
3_information_technology,626096.2774376204,0.02447664965276104
2_professional_services,414729.69076791644,0.016213470207919585
11_defence,82332.31000000001,0.00321870482159718
