d_most_recent_category,total,percentage
10_office_management,16627680.03,0.5335177228800446
9_human_capital,13010288.71,0.41744967383654674
3_information_technology,758428.47,0.024335026266499096
2_professional_services,626096.83,0.020089017555432975
11_defence,82332.31,0.002641724310053547
6_industrial_products_and_services,61298.63,0.001966835151423028
