d_most_recent_category,total,percentage
10_office_management,14421832.75955667,0.5509645043886965
9_human_capital,10630620.357672267,0.40612691704028164
3_information_technology,708428.5874376204,0.027064452353582232
2_professional_services,414729.69076791644,0.01584412621743969
