d_fiscal_year,total
2017-2018,8627399.855858807
2018-2019,4659047.79801419
2019-2020,6519537.908889571
2020-2021,5770429.053032385
