d_most_recent_category,total,percentage
1_facilities_and_construction,4367779.76,0.7451150867571518
5_transportation_and_logistics,1477478.3766301968,0.25204829210175766
2_professional_services,16627.95,0.00283662114109059
