d_fiscal_year,total
2017-2018,1078594.7445744681
2018-2019,655136.2987588653
2019-2020,1156588.890942201
2020-2021,3463110.1057244656
