d_fiscal_year,total
2017-2018,7989268.604269478
2018-2019,8078360.188963033
2019-2020,8870296.443436319
2020-2021,5955813.762536397
