d_most_recent_category,total,percentage
2_professional_services,32719918.60,0.8911164481837908
NA,3997974.63,0.10888355181620936
