d_fiscal_year,total
2019-2020,9066301.373258414
2020-2021,9049351.263370793
