d_fiscal_year,total
2019-2020,9698666.10357729
2020-2021,9679988.22120246
