owner_org,d_fiscal_year,total
csc-scc,2019-2020,19494.545630676086
csc-scc,2020-2021,27262.48718466196
phac-aspc,2019-2020,9679171.557946613
phac-aspc,2020-2021,9652725.734017797
