d_fiscal_year,total
2017-2018,6731566.620388656
2018-2019,6612370.45372199
2019-2020,6501842.615923967
2020-2021,1340718.0484380778
