d_most_recent_category,total,percentage
3_information_technology,54987138.44126935,0.9473190737309174
2_professional_services,3042157.5213631215,0.0524103258866498
10_office_management,15707,2.706003824327766e-4
