d_fiscal_year,total
2017-2018,15647857.33438188
2018-2019,13228791.057349851
2019-2020,14481716.056685705
2020-2021,13779150.32416114
