d_most_recent_category,total,percentage
3_information_technology,69505268.09,0.9306502524803411
2_professional_services,5126363.11,0.06864013697089182
11_defence,37290.00,4.992995332475956e-4
10_office_management,15707.00,2.103110155194418e-4
