d_fiscal_year,total
2017-2018,15647857.33438188
2018-2019,13228791.057349851
2019-2020,14641619.224494347
2020-2021,14475980.849694071
