d_most_recent_category,total,percentage
3_information_technology,54960301.95644833,0.9472947060032899
2_professional_services,3042157.5213631215,0.05243456844722193
10_office_management,15707,2.7072554948814187e-4
