d_fiscal_year,total
2017-2018,24264984.168768134
2018-2019,16462708.640515927
2019-2020,19020201.98078586
2020-2021,17828245.588385712
