d_most_recent_category,total,percentage
3_information_technology,42138620.601887025,0.7224800678876334
NA,13128474.242190516,0.22509187121645116
2_professional_services,3042157.5213631215,0.05215875937953407
10_office_management,15707,2.693015163814565e-4
