d_fiscal_year,total
2017-2018,20735111.4444024
2018-2019,14053100.548838465
2019-2020,15495729.539402276
2020-2021,15472077.229790078
