category,total,percentage
3_information_technology,47229396.721187204,0.6088134378789448
NA,21326362.165437054,0.2749087807333063
2_professional_services,4862433.259798522,0.06267949444348628
9_human_capital,4142241.232032854,0.053395814896499194
10_office_management,15707,2.0247204776331114e-4
