d_fiscal_year,total
2017-2018,224624.02836956523
2018-2019,420850.49527237803
2019-2020,1974159.102309981
2020-2021,1933482.9826123093
