owner_org,d_fiscal_year,total
dnd-mdn,2017-2018,15417528.75
dnd-mdn,2018-2019,17530834.871495325
dnd-mdn,2019-2020,8165046.378504672
