d_most_recent_category,total,percentage
4_medical,841882109.5660821,0.7989091738632044
2_professional_services,102778453.34809726,0.09753224153627313
3_information_technology,70224275.65405421,0.06663975562663824
1_facilities_and_construction,27350378.044165608,0.0259543084237444
11_defence,7151381.041410608,0.006786346751944935
9_human_capital,4050042.705806322,0.0038433127814939644
6_industrial_products_and_services,352873.02784172667,3.34861016700953e-4
