d_most_recent_category,total,percentage
4_medical,840570992.198007,0.7975753092321394
2_professional_services,104208048.79758473,0.09887774800184042
3_information_technology,70224275.65405421,0.06663226412789608
1_facilities_and_construction,27350378.044165608,0.0259513906959244
11_defence,7151381.041410608,0.006785583845363452
9_human_capital,4050042.705806322,0.0038428807244943928
6_industrial_products_and_services,352873.02784172667,3.3482337234193906e-4
