d_fiscal_year,total
2017-2018,163355329.86966038
2018-2019,292643517.1645748
2019-2020,307428511.3177906
2020-2021,291928978.21289515
