d_fiscal_year,total
2017-2018,170798242.803953
2018-2019,312707451.2070256
2019-2020,325338841.3599822
2020-2021,310294951.2153283
