category,total,percentage
4_medical,894466113.8826832,0.799244530823475
2_professional_services,81821866.80475615,0.07311141085222306
3_information_technology,75042170.3340842,0.06705345601108699
NA,33889408.769853674,0.03028166656260743
1_facilities_and_construction,29542011.061263718,0.02639707687499769
9_human_capital,4025042.705806322,0.003596551416556581
6_industrial_products_and_services,352873.02784172667,3.1530745905329036e-4
