d_most_recent_category,total,percentage
4_medical,841430714.9827825,0.7985219553329433
2_professional_services,80236472.47239846,0.07614481352631455
3_information_technology,76219275.32805216,0.07233247335196406
1_facilities_and_construction,27081293.362533875,0.025700282796591405
NA,24389556.51759035,0.023145811073141172
9_human_capital,4025042.705806322,0.003819785651400701
6_industrial_products_and_services,352873.02784172667,3.3487826764464797e-4
