d_most_recent_category,total,percentage
4_medical,894466113.8826832,0.8039840515329273
2_professional_services,80672937.61475615,0.07251225532852511
3_information_technology,74782270.9717402,0.0672174744973946
1_facilities_and_construction,29282111.698919713,0.026320003000387535
NA,28960761.07326155,0.02603115943888267
9_human_capital,4025042.705806322,0.003617878969344233
6_industrial_products_and_services,352873.02784172667,3.1717723253861925e-4
