d_fiscal_year,total
2017-2018,163165600.44712952
2018-2019,292108847.8683008
2019-2020,307028533.26968485
2020-2021,291432246.8118903
