d_most_recent_category,total,percentage
4_medical,841882109.5660821,0.7989102021702758
2_professional_services,102778453.34809726,0.09753236707381474
3_information_technology,77287711.67790733,0.0733427408187824
1_facilities_and_construction,27350378.044165608,0.025954341830544268
9_human_capital,4050042.705806322,0.0038433177283713317
6_industrial_products_and_services,352873.02784172667,3.3486144771359205e-4
11_defence,86588.64583333333,8.21689304978975e-5
