d_fiscal_year,total
2017-2018,163355329.86966038
2018-2019,292506487.2751501
2019-2020,307541605.4872153
2020-2021,291928978.21289515
