d_most_recent_category,total,percentage
4_medical,1082981439.29,0.7954156659889612
2_professional_services,132463796.29,0.0972904750962378
3_information_technology,94979642.20,0.06975954768409724
1_facilities_and_construction,37567055.47,0.02759181585039303
11_defence,7229483.75,0.005309827504710292
9_human_capital,5591854.46,0.004107040506533388
6_industrial_products_and_services,625751.53,4.595947405313903e-4
10_office_management,89905.33,6.603262853559432e-5
