d_fiscal_year,total
2017-2018,163173472.58123907
2018-2019,292256453.48920906
2019-2020,306934538.8422048
2020-2021,291425048.47480494
