d_fiscal_year,total
2017-2018,15481173.264597248
2018-2019,20208691.846593734
2019-2020,23478329.64318298
2020-2021,23473779.304961253
