d_fiscal_year,total
2017-2018,15297939.894022536
2018-2019,20133804.742301393
2019-2020,23166278.672800362
2020-2021,23072550.27847096
