d_fiscal_year,total
2017-2018,15297939.894022536
2018-2019,20049561.841114283
2019-2020,23066171.848662432
2020-2021,23008222.751372214
