d_most_recent_category,total,percentage
2_professional_services,81723534.90815462,0.8556231485420672
1_facilities_and_construction,5365296.9529667,0.05617319756077336
5_transportation_and_logistics,5324649.386983584,0.05574762861755361
3_information_technology,2815560.3689580313,0.029478150088656434
10_office_management,270991.4891595615,0.0028372070719088678
9_human_capital,13435.7,1.4066811904044985e-4
