d_most_recent_category,total,percentage
2_professional_services,69038344.00796616,0.8353907901376857
5_transportation_and_logistics,5324649.386983584,0.06443032669041276
1_facilities_and_construction,5254958.7929667,0.06358704342170905
3_information_technology,2777618.6189580313,0.03361026464546647
10_office_management,232967.552460733,0.0028189979137413536
9_human_capital,13435.7,1.6257719098473433e-4
