d_most_recent_category,total,percentage
10_office_management,4516737.043887104,0.5403765843787968
3_information_technology,2549978.520472738,0.30507613565798664
2_professional_services,1291783.2574931271,0.15454727996321663
