d_most_recent_category,total,percentage
3_information_technology,6754918.689500686,0.8081497447651982
2_professional_services,1603580.1323522823,0.19185025523480181
