d_fiscal_year,total
2019-2020,1289830.1453419768
2020-2021,5826774.083737596
