d_most_recent_category,total,percentage
5_transportation_and_logistics,6981146.162571985,0.9439413794934804
11_defence,284079.98,0.03841129263921428
1_facilities_and_construction,66986.65000000001,0.009057462676780757
3_information_technology,36107.99,0.004882267910972899
2_professional_services,27420.43,0.0037075972795516617
