d_most_recent_category,total,percentage
2_professional_services,10391690.42,0.9719049207679307
9_human_capital,254404.99,0.02379376678933996
6_industrial_products_and_services,45990.00,0.004301312442729416
