d_most_recent_category,total,percentage
2_professional_services,8306116.20,0.9795746918014194
9_human_capital,127202.49,0.015001516982382732
6_industrial_products_and_services,45990.00,0.005423791216197715
