d_fiscal_year,total
2017-2018,1659490.7568423492
2018-2019,2134543.3243974512
2019-2020,2282773.383118563
2020-2021,2402501.22707035
