d_most_recent_category,total,percentage
4_medical,5277055.491601643,0.7438091340211948
9_human_capital,1783107.6095233124,0.25133177564968034
2_professional_services,34473.479999999996,0.004859090329124897
