d_most_recent_category,d_fiscal_year,total
2_professional_services,2018-2019,14245.84
2_professional_services,2019-2020,20227.64
4_medical,2017-2018,1280758.6466666667
4_medical,2018-2019,1280758.6466666667
4_medical,2019-2020,1359626.5124024642
4_medical,2020-2021,1355911.6858658453
9_human_capital,2017-2018,508825.7766702015
9_human_capital,2018-2019,323655.96329798514
9_human_capital,2019-2020,508037.69247582206
9_human_capital,2020-2021,442588.17707930366
