d_fiscal_year,total
2017-2018,1138356.7188723572
2018-2019,1247748.3555207518
2019-2020,1251166.844166014
2020-2021,728138.081440877
