owner_org,d_fiscal_year,total
dnd-mdn,2018-2019,4632857.543420631
dnd-mdn,2019-2020,9975699.836669866
dnd-mdn,2020-2021,4182333.17157325
pwgsc-tpsgc,2017-2018,11110333.648803322
pwgsc-tpsgc,2018-2019,10966113.245580701
pwgsc-tpsgc,2019-2020,4542551.804078303
pwgsc-tpsgc,2020-2021,5208733.290884825
rcmp-grc,2018-2019,254961.50468749998
rcmp-grc,2019-2020,174447.3453125
