d_fiscal_year,total
2017-2018,52065743.63731382
2018-2019,60655754.81624261
2019-2020,78102810.07670467
2020-2021,124438414.22125147
