d_most_recent_category,total,percentage
2_professional_services,203609504.3570227,0.6488994657222275
3_information_technology,96594118.7780358,0.30784354721020135
NA,8872676.801674075,0.028277045584457403
9_human_capital,4358175.1464528935,0.013889418045526673
1_facilities_and_construction,333651.38277133106,0.001063340361745405
4_medical,8529.414634146342,2.718307584166569e-5
7_travel,0,0
