d_most_recent_category,total,percentage
2_professional_services,202244536.30334166,0.6474820342179234
3_information_technology,96537871.89803581,0.3090641597450004
NA,8872676.801674075,0.028405705931602892
9_human_capital,4358175.1464528935,0.013952614794354229
1_facilities_and_construction,333651.38277133106,0.0010681785524845099
4_medical,8529.414634146342,2.730675863461607e-5
7_travel,0,0
