d_most_recent_category,total,percentage
2_professional_services,203089395.5725068,0.6484329530731503
3_information_technology,96537871.89803581,0.308230457734028
NA,8872676.801674075,0.02832908140749823
9_human_capital,4358175.1464528935,0.013914977550935341
1_facilities_and_construction,333651.38277133106,0.0010652971358620887
4_medical,8529.414634146342,2.7233098525965488e-5
7_travel,0,0
