d_fiscal_year,total
2017-2018,52065743.63731382
2018-2019,59677209.22278717
2019-2020,76717811.8716813
2020-2021,123505148.96512759
