d_fiscal_year,total
2017-2018,61840654.60424576
2018-2019,65647386.719176665
2019-2020,76890096.02062057
2020-2021,127974827.83125146
