d_most_recent_category,total,percentage
2_professional_services,202244536.30334166,0.6482904940051627
3_information_technology,98905257.88056818,0.31703866845100087
NA,8872676.801674075,0.028441173897909608
9_human_capital,1506099.9946184529,0.004827771011167914
1_facilities_and_construction,428813.302073403,0.001374551780326924
4_medical,8529.414634146342,2.7340854432042482e-5
7_travel,0,0
