d_fiscal_year,total
2017-2018,52104547.697313815
2018-2019,59677209.22278717
2019-2020,76810186.7587699
2020-2021,123763497.26803899
