d_most_recent_category,total,percentage
2_professional_services,201641540.7541124,0.6396028924563014
3_information_technology,82099490.20965065,0.26041792386080753
11_defence,20703369.968567416,0.06567067116213048
NA,8872676.801674075,0.02814395151394381
9_human_capital,1506099.9946184529,0.004777318747336225
1_facilities_and_construction,428813.302073403,0.0013601871286251452
4_medical,8529.414634146342,2.7055130855261754e-5
7_travel,0,0
