d_fiscal_year,total
2017-2018,6954002.17024663
2018-2019,2475387.1995295645
2019-2020,2339542.130822935
2020-2021,62806.42
