d_most_recent_category,total,percentage
11_defence,9837950.35,0.7595349301718485
5_transportation_and_logistics,2963806.87,0.2288194961678676
6_industrial_products_and_services,150840.43,0.011645573660283983
