d_most_recent_category,total,percentage
2_professional_services,5872648.792641509,0.4963470989682075
11_defence,3548394.43,0.29990475226992847
5_transportation_and_logistics,1785015.6279576204,0.15086673149258126
1_facilities_and_construction,337668.3,0.028539197053386162
6_industrial_products_and_services,150840.43,0.012748797430459128
10_office_management,137170.34,0.011593422785437598
