d_most_recent_category,total,percentage
3_information_technology,98887157.41707058,0.9347078004031907
2_professional_services,6868941.03605984,0.06492706368164208
11_defence,38629.45479452055,3.6513591516715706e-4
