d_fiscal_year,total
2017-2018,32033415.22506738
2018-2019,31262413.18714243
2019-2020,30213399.190987006
2020-2021,12324732.122532068
