d_most_recent_category,total,percentage
3_information_technology,98965106.20134938,0.932139753782407
2_professional_services,7204709.8587123435,0.06786024621759296
