d_most_recent_category,total,percentage
3_information_technology,105756098.4531304,0.9996348640848328
11_defence,38629.45479452055,3.6513591516715716e-4
