d_most_recent_category,total,percentage
3_information_technology,98965018.68966904,0.9300260205285545
2_professional_services,7446002.62070785,0.06997397947144537
