d_most_recent_category,total,percentage
3_information_technology,98925786.87186511,0.9350729363183579
2_professional_services,6868941.03605984,0.06492706368164208
