d_fiscal_year,total
2017-2018,32023613.98379535
2018-2019,31252611.9458704
2019-2020,30203571.096999157
2020-2021,12314930.881260036
