owner_org,d_fiscal_year,total
dnd-mdn,2019-2020,25992.08943877551
dnd-mdn,2020-2021,12637.365355745038
fja-cmf,2017-2018,3009.2054794520545
fja-cmf,2018-2019,9194.794520547945
fja-cmf,2019-2020,12204
fja-cmf,2020-2021,12204
ssc-spc,2017-2018,32316659.493762176
ssc-spc,2018-2019,31302821.252780467
ssc-spc,2019-2020,30175203.10154823
ssc-spc,2020-2021,12299890.757176323
