d_fiscal_year,total
2017-2018,32097066.56201436
2018-2019,31486713.711151157
2019-2020,30498850.759093836
2020-2021,12328390.278117541
