owner_org,d_fiscal_year,total
dnd-mdn,2019-2020,25992.08943877551
dnd-mdn,2020-2021,12637.365355745038
fja-cmf,2017-2018,3009.2054794520545
fja-cmf,2018-2019,9194.794520547945
fja-cmf,2019-2020,12204
fja-cmf,2020-2021,12204
ssc-spc,2017-2018,32020604.778315898
ssc-spc,2018-2019,31243417.15134985
ssc-spc,2019-2020,30165375.007560384
ssc-spc,2020-2021,12290089.51590429
