d_most_recent_category,total,percentage
3_information_technology,105534004.27519935,0.9975355706481663
10_office_management,222094.17793103447,0.00209929343666659
11_defence,38629.45479452055,3.651359151671572e-4
