d_most_recent_category,d_fiscal_year,total
11_defence,2019-2020,25992.08943877551
11_defence,2020-2021,12637.365355745038
3_information_technology,2017-2018,32023613.98379535
3_information_technology,2018-2019,31252611.9458704
3_information_technology,2019-2020,30177579.007560384
3_information_technology,2020-2021,12302293.51590429
