d_most_recent_category,total,percentage
1_facilities_and_construction,8140711.16,0.8755236170406397
6_industrial_products_and_services,917264.96,0.09865073449943895
10_office_management,176680.09,0.019001729500194776
2_professional_services,63449.52,0.0068239189597265795
