d_fiscal_year,total
2017-2018,2339523.3700263775
2018-2019,2839223.643669863
2019-2020,2133041.2811269206
2020-2021,1240397.9561455718
