d_most_recent_category,total,percentage
2_professional_services,3210064.693135272,0.576937478463936
1_facilities_and_construction,2353908.5500000003,0.4230625215360641
