d_most_recent_category,total,percentage
2_professional_services,7386065.577272727,0.9934296229488804
9_human_capital,48850.2,0.006570377051119631
