d_fiscal_year,total
2017-2018,1698635.4636363636
2018-2019,301787.77444582817
2019-2020,2434808.189038717
2020-2021,1887007.0907438674
