d_most_recent_category,total,percentage
11_defence,3608453.87,0.573317517144782
1_facilities_and_construction,1957592.2378142076,0.31102570846098665
3_information_technology,328454.1000505689,0.052185366897046115
6_industrial_products_and_services,305345.45,0.048513823807163195
5_transportation_and_logistics,94142.86,0.014957583690022012
