d_most_recent_category,total,percentage
11_defence,3608453.87,0.573317517144782
5_transportation_and_logistics,2051735.0978142077,0.3259832921510087
3_information_technology,328454.1000505689,0.052185366897046115
6_industrial_products_and_services,305345.45,0.048513823807163195
