d_most_recent_category,total,percentage
1_facilities_and_construction,7207112.954567901,0.5602409032074507
3_information_technology,5068787.501255386,0.394019367501395
6_industrial_products_and_services,492116.29149424814,0.038254385267417854
10_office_management,96293.79,0.007485344023736477
