d_most_recent_category,d_fiscal_year,total
4_medical,2017-2018,1468025.3333333335
4_medical,2018-2019,1468025.3333333335
4_medical,2019-2020,1904329.0665875913
4_medical,2020-2021,1899125.9817062044
