d_fiscal_year,total
2017-2018,1468025.3333333335
2018-2019,1468025.3333333335
2019-2020,1904329.0665875913
2020-2021,1899125.9817062044
