d_fiscal_year,total
2017-2018,2842918.2075154083
2018-2019,5993493.921627516
2019-2020,5828950.996069387
2020-2021,7210276.265154693
