d_fiscal_year,total
2017-2018,2842237.983286897
2018-2019,5966669.381101746
2019-2020,5802335.0152763035
2020-2021,7183733.005620608
