d_most_recent_category,total,percentage
2_professional_services,13348101.759614151,0.567069080397045
1_facilities_and_construction,10190656.076147595,0.43293091960295493
