d_most_recent_category,total,percentage
2_professional_services,12454757.65961415,0.5714508706452924
1_facilities_and_construction,9340217.725671405,0.42854912935470746
