d_fiscal_year,total
2017-2018,2341255875.835337
2018-2019,2341321066.8334656
2019-2020,2347758886.9600463
2020-2021,2341245609.7809706
