d_fiscal_year,total
2017-2018,3951338.8272493593
2018-2019,2619848.2398567125
2019-2020,30797.518248175184
