owner_org,d_fiscal_year,total
dnd-mdn,2017-2018,3951338.8272493593
dnd-mdn,2018-2019,2619848.2398567125
dnd-mdn,2019-2020,30797.518248175184
