d_most_recent_category,total,percentage
8_security_and_protection,6126658.971195171,0.9565610247813383
3_information_technology,208862.89,0.032609959365539405
1_facilities_and_construction,50190.80152671756,0.007836337026219031
2_professional_services,19167.75,0.0029926788269032277
