d_fiscal_year,total
2017-2018,197192.39285714284
2018-2019,250775.04829729622
2019-2020,62262.507160980145
2020-2021,5894650.464406469
