owner_org,d_fiscal_year,total
dnd-mdn,2019-2020,1256092.8008555134
dnd-mdn,2020-2021,4057290.905418251
