d_fiscal_year,total
2017-2018,1739312.5599878198
2018-2019,1739312.5599878198
2019-2020,1880645.2479443606
2020-2021,2031377.2020800002
