d_most_recent_category,total,percentage
2_professional_services,2384391.4571522456,0.5603723431408569
1_facilities_and_construction,609609.38,0.14326852063093642
10_office_management,416932,0.09798607567963864
6_industrial_products_and_services,332559,0.07815699284762251
NA,295619.42000000004,0.06947556642447901
9_human_capital,215901.47917920657,0.05074050127646633
