d_fiscal_year,total
2017-2018,1386260.750081967
2018-2019,1926541.6213419102
2019-2020,679496.1642224113
2020-2021,262714.20068516326
