d_most_recent_category,total,percentage
9_human_capital,3603826.0818614247,0.7555381452836359
3_information_technology,644128.1784677039,0.13504075896832615
10_office_management,332805.26627092937,0.06977225534953917
7_travel,142212.2,0.02981463016916949
2_professional_services,46908,0.009834210229329145
