d_most_recent_category,total,percentage
9_human_capital,2819714.07,0.5432431504228123
10_office_management,1407310.70,0.27113100094946924
3_information_technology,774374.35,0.14919014956348756
7_travel,142212.20,0.02739845306034044
2_professional_services,46908.00,0.009037246003890309
