d_fiscal_year,total
2017-2018,2074218.303208331
2018-2019,1258673.6805730963
2019-2020,1134504.7070970335
2020-2021,302483.03572159715
