d_fiscal_year,total
2017-2018,2588945.802512563
2018-2019,1400346.42
2019-2020,2225089.4606056698
2020-2021,207806.07939433027
