d_most_recent_category,total,percentage
4_medical,12320236.522388058,0.6794755578803963
11_defence,3479589.7051846785,0.19190347131963717
6_industrial_products_and_services,2143234.3658152306,0.11820190007995628
3_information_technology,74629.63,0.0041159120108214065
5_transportation_and_logistics,58719.40112499999,0.0032384441455575678
2_professional_services,55569.340000000004,0.0030647145636313405
