d_fiscal_year,total
2017-2018,7547873.372406258
2018-2019,12705716.076142004
2019-2020,6845065.531451739
2020-2021,270716.63899454515
