d_most_recent_category,total,percentage
1_facilities_and_construction,18354697.78,0.5801513834010388
11_defence,6698750.00,0.21173266519565523
2_professional_services,5106748.53,0.16141302134590702
5_transportation_and_logistics,1477576.70,0.046702930057398936
