d_most_recent_category,total,percentage
1_facilities_and_construction,24700816.852089785,0.6371891091077201
2_professional_services,7172225.08,0.18501670355321068
5_transportation_and_logistics,6892242.186904762,0.17779418733906924
