d_most_recent_category,total,percentage
2_professional_services,15322346.05,0.8796143666134956
3_information_technology,1606687.20,0.09223555847661227
1_facilities_and_construction,235572.31,0.013523568115965638
11_defence,194487.81,0.01116501843418853
9_human_capital,60297.02,0.003461488359738018
