d_most_recent_category,total,percentage
2_professional_services,13251067.459374571,0.898228086550695
3_information_technology,1011028.2059127114,0.06853288866198401
1_facilities_and_construction,235572.31260229132,0.01596834883240911
11_defence,194487.81491948734,0.013183422270555863
9_human_capital,60297.017100591715,0.004087253684356031
