d_fiscal_year,total
2017-2018,281043.62396260834
2018-2019,510800.8194566656
2019-2020,5599026.949665151
2020-2021,5462061.065806064
