d_fiscal_year,total
2017-2018,60608754.444119535
2018-2019,63489893.165607326
2019-2020,94635177.2216354
2020-2021,3893673710.0728087
