d_fiscal_year,total
2017-2018,60549717.76837709
2018-2019,63460066.2372444
2019-2020,95206089.28192921
2020-2021,3871073999.53187
