d_fiscal_year,total
2017-2018,61016453.58679148
2018-2019,65771018.138868876
2019-2020,96809956.20795652
2020-2021,4058773248.1563745
