d_most_recent_category,total,percentage
8_security_and_protection,7142609.31,0.7088138029062478
6_industrial_products_and_services,1777267.22,0.17637133494872415
2_professional_services,591309.56,0.05868000935637611
1_facilities_and_construction,445644.94,0.044224634292046726
3_information_technology,91264.62,0.009056861121776446
10_office_management,17249.45,0.0017117901484283553
9_human_capital,11503.40,0.001141567226400305
