d_most_recent_category,total,percentage
8_security_and_protection,5618147.44,0.706167060291438
6_industrial_products_and_services,1309285.46,0.16456924210554988
2_professional_services,591309.56,0.07432402606360745
1_facilities_and_construction,317073.40,0.039854203768108894
3_information_technology,91264.62,0.011471408908291913
10_office_management,17249.45,0.0021681512495088104
9_human_capital,11503.40,0.0014459076134949028
