d_most_recent_category,total,percentage
8_security_and_protection,5618147.442851933,0.706167060291438
6_industrial_products_and_services,1241188.4194514772,0.15600985669163864
2_professional_services,670910.0084802797,0.08432931909101363
1_facilities_and_construction,317073.4031325301,0.039854203768108894
3_information_technology,91264.61746520874,0.011471408908291913
10_office_management,17249.45,0.0021681512495088104
