d_most_recent_category,total,percentage
6_industrial_products_and_services,53052405.22824102,0.4446292068683798
11_defence,37578109.34425071,0.31494000849660286
2_professional_services,11832403.9736141,0.09916670830474872
1_facilities_and_construction,9269968.074366076,0.07769107799859969
10_office_management,4877225.653598035,0.04087575228206688
9_human_capital,1673375.0986206897,0.014024462033192587
8_security_and_protection,1034821.925748503,0.008672784016409458
