d_most_recent_category,total,percentage
6_industrial_products_and_services,53052405.22824102,0.4449858121698165
NA,51959749.8160045,0.4358209844123562
1_facilities_and_construction,6514023.377176669,0.05463744707738743
5_transportation_and_logistics,4623430.423215332,0.038779786383557446
9_human_capital,1673375.0986206897,0.014035710051616879
8_security_and_protection,1034821.925748503,0.008679739836474113
10_office_management,364883.433264887,0.0030605200687914254
