owner_org,d_fiscal_year,total
dnd-mdn,2017-2018,24875497.748421703
dnd-mdn,2018-2019,32171906.069771513
dnd-mdn,2019-2020,32177629.789548717
dnd-mdn,2020-2021,29997655.694529656
