d_most_recent_category,total,percentage
1_facilities_and_construction,3798673.119772727,0.921165570313066
3_information_technology,223700,0.05424650439292382
2_professional_services,101394.9,0.024587925294010153
