d_fiscal_year,total
2017-2018,28596043.172250967
2018-2019,64721536.09268109
2019-2020,60034235.712734394
2020-2021,59075009.266825244
