d_most_recent_category,total,percentage
2_professional_services,161341932.01417992,0.886279141791476
1_facilities_and_construction,20682390.989478298,0.11361195138496033
6_industrial_products_and_services,19825.85,1.0890682356364895e-4
