d_most_recent_category,total,percentage
2_professional_services,190907491.63812107,0.8986976683245848
1_facilities_and_construction,21499506.75637062,0.10120900141888794
6_industrial_products_and_services,19825.85,9.333025652721488e-5
