d_most_recent_category,total,percentage
2_professional_services,189922543.673669,0.9019137990936125
1_facilities_and_construction,20634898.353298422,0.09799205090529826
6_industrial_products_and_services,19825.85,9.415000108930806e-5
