d_fiscal_year,total
2017-2018,27482037.717373855
2018-2019,63985985.18003395
2019-2020,60034235.712734394
2020-2021,59075009.266825244
