owner_org,d_fiscal_year,total
dnd-mdn,2018-2019,38279.850000000006
ec,2019-2020,24973
nrc-cnrc,2019-2020,21910.7
pc,2017-2018,937253.1722626367
pc,2018-2019,860246.5774038167
pc,2019-2020,1226362.343044318
pc,2020-2021,1121940.4021021423
pwgsc-tpsgc,2017-2018,27658789.999988332
pwgsc-tpsgc,2018-2019,63823009.66527727
pwgsc-tpsgc,2019-2020,58760989.66969008
pwgsc-tpsgc,2020-2021,57953068.86472311
