d_fiscal_year,total
2017-2018,27482037.717373855
2018-2019,63985985.18003395
2019-2020,60113686.562221766
2020-2021,59655000.46808307
