d_fiscal_year,total
2017-2018,1631564.6833962263
2018-2019,2639337.675173783
2019-2020,7873489.35118058
2020-2021,3782944.590249407
