d_fiscal_year,total
2017-2018,2638469.608554913
2018-2019,6046597.565935555
2019-2020,5028699.145509531
