d_most_recent_category,total,percentage
1_facilities_and_construction,4460074461.653945,0.8405574644699962
2_professional_services,845136715.5291954,0.15927670733826407
10_office_management,571077.77,1.0762683145616606e-4
8_security_and_protection,118680.7,2.2366879551273386e-5
6_industrial_products_and_services,117516.22845070422,2.214742015405056e-5
3_information_technology,72624.79,1.368706057822817e-5
