d_fiscal_year,total
2017-2018,2499657.02
2018-2019,2323484.2012698967
2019-2020,2397120.4890131224
2020-2021,2019093.3297169814
