d_most_recent_category,total,percentage
2_professional_services,6169477.390634508,0.6988076450945905
9_human_capital,1256152.051437463,0.1422824983974004
3_information_technology,887532.9385085456,0.10052955273724602
10_office_management,202859.86447619047,0.022977638980249983
5_transportation_and_logistics,146917.39,0.016641117039377727
8_security_and_protection,138564.3,0.015694974800324498
1_facilities_and_construction,23520.95,0.0026641834695494623
6_industrial_products_and_services,3552.5266849879768,4.0238948126152717e-4
