d_most_recent_category,total,percentage
10_office_management,34147643.20096185,0.504259359295273
3_information_technology,32515827.26650774,0.4801622802449545
11_defence,948069.884080738,0.014000178855688362
2_professional_services,34582.84008762322,5.106859258944278e-4
1_facilities_and_construction,26137.88729501877,3.8597903296432956e-4
6_industrial_products_and_services,24944.517502738225,3.6835650237513885e-4
NA,13156.77884931507,1.9428658176791366e-4
9_human_capital,8049.928821428572,1.1887356108229995e-4
