d_fiscal_year,total
2017-2018,20186609.107871145
2018-2019,22710316.27307324
2019-2020,23111873.568332803
2020-2021,20177739.924874816
