d_most_recent_category,total,percentage
10_office_management,66836450.627233125,0.5295647696383051
3_information_technology,56609530.50320874,0.44853388680770795
NA,2683258.5865882225,0.021260243504127873
6_industrial_products_and_services,38280.56650558077,3.0330813789342174e-4
2_professional_services,34582.84008762322,2.7400996870079734e-4
9_human_capital,8049.928821428572,6.378194326476686e-5
