d_fiscal_year,total
2017-2018,14695579.399444886
2018-2019,17697057.54501731
2019-2020,18503452.11842174
2020-2021,16844615.254428003
