d_most_recent_category,total,percentage
10_office_management,40512154.65,0.49839837430598805
3_information_technology,38831812.27,0.4777260620170384
11_defence,1671697.78,0.020565962553785424
1_facilities_and_construction,170465.45,0.0020971410853265794
6_industrial_products_and_services,38123.14,4.690076620589131e-4
2_professional_services,34582.84,4.2545333438125517e-4
NA,13156.78,1.61860489681447e-4
9_human_capital,12691.67,1.561385517399861e-4
