d_most_recent_category,total,percentage
3_information_technology,32275131.41627905,0.5019556574643091
10_office_management,31784059.567341696,0.49431831310724683
1_facilities_and_construction,145666.42194676978,0.002265462025721907
6_industrial_products_and_services,38123.13987488644,5.929062067536769e-4
2_professional_services,34582.84008762322,5.37846058913655e-4
NA,13156.77884931507,2.0461944808966608e-4
9_human_capital,8049.928821428572,1.2519568896512696e-4
