category,total,percentage
10_office_management,66951715.71545584,0.5287423036869253
3_information_technology,56749650.17166593,0.4481728428397373
NA,2835542.0623080465,0.02239331772463934
2_professional_services,41234.854619576414,3.2564680069456595e-4
6_industrial_products_and_services,38280.56650558077,3.023157017607061e-4
9_human_capital,8049.928821428572,6.357324624281944e-5
