d_most_recent_category,total,percentage
3_information_technology,54201805.69943767,0.6288894577676699
10_office_management,30473642.469567493,0.3535777497001537
NA,1430334.7963629195,0.016595802721019667
6_industrial_products_and_services,38123.13987488644,4.423328790422033e-4
2_professional_services,34582.84008762322,4.012557011730154e-4
9_human_capital,8049.928821428572,9.340123094144583e-5
