d_fiscal_year,total
2017-2018,10744.565217391304
2018-2019,98533.71532559511
2019-2020,709966.8594570135
2020-2021,5505936.43593947
