d_fiscal_year,total
2017-2018,1376501.8674055752
2018-2019,868012.1806252365
2019-2020,1482681.7037517948
2020-2021,2445009.904218425
