d_fiscal_year,total
2018-2019,115663.8798918919
2019-2020,10989218.450108109
2020-2021,1625102.364228972
