d_most_recent_category,total,percentage
10_office_management,3904676.121957965,0.8240590030159487
3_information_technology,680153.22,0.14354234944593464
6_industrial_products_and_services,70360.37,0.014849143576333074
1_facilities_and_construction,37946.55,0.008008396902638543
5_transportation_and_logistics,29904,0.006311063877388142
2_professional_services,15305.059999999998,0.0032300431817568935
