d_fiscal_year,total
2017-2018,984853.5786351267
2018-2019,824049.5345135484
2019-2020,1462503.3636103726
2020-2021,4152356.0612703273
