owner_org,d_fiscal_year,total
ic,2019-2020,15158.949999999997
pc,2017-2018,1342578.4313932979
pc,2018-2019,161845.07118165784
pwgsc-tpsgc,2017-2018,8549454.246755864
pwgsc-tpsgc,2018-2019,9604309.777782474
pwgsc-tpsgc,2019-2020,13339504.725041743
pwgsc-tpsgc,2020-2021,10594773.938128348
