d_most_recent_category,total,percentage
2_professional_services,6587598.89,0.963026160104129
1_facilities_and_construction,232934.65,0.0340521888740987
9_human_capital,19985.61,0.00292165102177226
