d_fiscal_year,total
2017-2018,1434902.1754791588
2018-2019,1501923.4549195268
2019-2020,1947724.688181925
2020-2021,1819219.8296462866
