d_most_recent_category,total,percentage
3_information_technology,5245514.218426101,0.7824722659701427
2_professional_services,1458255.9298007968,0.21752773402985714
