owner_org,d_fiscal_year,total
pwgsc-tpsgc,2017-2018,2135651.033333333
pwgsc-tpsgc,2018-2019,2095618.8333333335
