d_most_recent_category,total,percentage
6_industrial_products_and_services,5859377.74387302,0.5058678204753863
4_medical,3436196.2421817416,0.29666308945106656
5_transportation_and_logistics,1077879.98,0.09305848164283663
10_office_management,540476.2923917068,0.046661877080156976
3_information_technology,415203.67,0.035846498515292397
1_facilities_and_construction,205282.65,0.017723023036959884
9_human_capital,24999.45,0.0021583208725205307
11_defence,23407.6,0.0020208889257808302
