d_most_recent_category,total,percentage
6_industrial_products_and_services,4208475.8127619075,0.3434700445084646
4_medical,3446693.942181742,0.28129806951445896
11_defence,1800852.1199999999,0.14697453076334369
2_professional_services,1498334.711111111,0.12228491092982453
10_office_management,727259.0223917068,0.05935443136742909
1_facilities_and_construction,468525.5,0.0382381844396868
5_transportation_and_logistics,102676.51,0.00837982847679229
