d_fiscal_year,total
2017-2018,3295150.303824939
2018-2019,2280628.9586253213
2019-2020,2164708.390903643
2020-2021,4524645.735092565
