d_most_recent_category,d_fiscal_year,total
11_defence,2017-2018,22559.26873857404
11_defence,2018-2019,309.0310786106033
6_industrial_products_and_services,2017-2018,2594441.3425677507
6_industrial_products_and_services,2018-2019,2593296.227585999
6_industrial_products_and_services,2019-2020,2198468.2261774084
6_industrial_products_and_services,2020-2021,182097.7450936341
