d_most_recent_category,total,percentage
6_industrial_products_and_services,7582326.37,0.9922766925572757
4_medical,36148.14,0.004730600482975062
11_defence,22868.30,0.0029927069597493034
