d_most_recent_category,total,percentage
6_industrial_products_and_services,7568303.541424792,0.996987513878563
11_defence,22868.29981718464,0.003012486121436977
