d_fiscal_year,total
2017-2018,11808949.259328602
2018-2019,11225197.646836033
2019-2020,9884722.054765671
2020-2021,7275647.439172774
