d_most_recent_category,total,percentage
3_information_technology,20773042.00017794,0.6049923340198177
2_professional_services,12518346.46449869,0.36458327314607664
1_facilities_and_construction,939196.6306011186,0.027353083946301756
8_security_and_protection,105456.59,0.0030713088878039367
