d_most_recent_category,total,percentage
3_information_technology,22882059.12171098,0.5806317554588958
2_professional_services,12438258.697554749,0.3156205455111626
NA,3043929.535380539,0.07723964614461795
1_facilities_and_construction,939196.6306011186,0.023832094194249743
8_security_and_protection,105456.59,0.002675958691073888
