d_most_recent_category,total,percentage
3_information_technology,21416507.99,0.4975145904627882
2_professional_services,16255068.62,0.37761215836613615
11_defence,4059766.34,0.09431009897473859
1_facilities_and_construction,1190378.40,0.02765299666543089
8_security_and_protection,105456.59,0.002449801443634017
6_industrial_products_and_services,19816.86,4.603540872722436e-4
