d_fiscal_year,total
2017-2018,11445671.52734553
2018-2019,10953809.211621948
2019-2020,9762214.596326647
2020-2021,7247205.239953261
