d_most_recent_category,total,percentage
3_information_technology,20496302.329312366,0.6038666481178806
2_professional_services,12380996.6763489,0.3647716960445646
1_facilities_and_construction,939196.6306011186,0.02767082140633765
8_security_and_protection,105456.59,0.0031069856651249972
6_industrial_products_and_services,19816.86,5.838487660921802e-4
