d_most_recent_category,total,percentage
3_information_technology,20509469.829312366,0.6043729916013849
2_professional_services,12380996.6763489,0.36484317062147414
1_facilities_and_construction,939196.6306011186,0.027676243318931756
8_security_and_protection,105456.59,0.0031075944582092388
