d_fiscal_year,total
2017-2018,10396616.69220684
2018-2019,9329960.539678069
2019-2020,8361190.752917835
2020-2021,6248273.700475003
