owner_org,d_fiscal_year,total
pwgsc-tpsgc,2018-2019,29740868.846057013
pwgsc-tpsgc,2019-2020,40166634.67770062
pwgsc-tpsgc,2020-2021,40056889.774209626
