owner_org,d_fiscal_year,total
dfo-mpo,2017-2018,3100007.5555555555
pwgsc-tpsgc,2017-2018,2255321.8394636875
pwgsc-tpsgc,2018-2019,5019466.289050279
pwgsc-tpsgc,2019-2020,5033218.251486034
