d_fiscal_year,total
2017-2018,2255321.8394636875
2018-2019,5019466.289050279
2019-2020,5033218.251486034
