d_most_recent_category,total,percentage
4_medical,52684439.19771775,0.973531428085423
6_industrial_products_and_services,1351520.226390625,0.02497411828085657
1_facilities_and_construction,61098.8,0.0011290165165292743
NA,19776.3,3.6543711719113774e-4
