d_most_recent_category,total,percentage
4_medical,52684439.19771775,0.973531428085423
6_industrial_products_and_services,1412619.026390625,0.026103134797385845
NA,19776.3,3.6543711719113774e-4
