d_fiscal_year,total
2017-2018,94763.58
2018-2019,104654.14854561385
2019-2020,1781107.0008731137
2020-2021,52136309.79468964
