d_most_recent_category,d_fiscal_year,total
4_medical,2019-2020,1586987.5194187276
4_medical,2020-2021,51097451.67829902
6_industrial_products_and_services,2017-2018,94763.58
6_industrial_products_and_services,2018-2019,104654.14854561385
6_industrial_products_and_services,2019-2020,194119.48145438617
6_industrial_products_and_services,2020-2021,1019081.8163906249
NA,2020-2021,19776.3
