d_fiscal_year,total
2017-2018,7442865.2781057805
2018-2019,5460593.709705507
2019-2020,9693128.430231258
2020-2021,18175224.523097698
