d_fiscal_year,total
2017-2018,2539526.7464746875
2018-2019,2358802.516884682
2019-2020,2685538.7174335
2020-2021,1868167.5956818184
