d_most_recent_category,total,percentage
3_information_technology,70313043.57,0.9661569863185363
9_human_capital,2231504.17,0.030662637177235195
11_defence,124866.00,0.0017157578754480435
2_professional_services,80311.12,0.0011035384790337036
1_facilities_and_construction,26277.97,3.61080149746828e-4
