d_most_recent_category,total,percentage
2_professional_services,4809071.684039882,0.9525502740561949
10_office_management,87285,0.01728885658887705
9_human_capital,77126,0.015276626605645086
1_facilities_and_construction,60455,0.011974541159197594
4_medical,14689.999999999998,0.0029097015900853966
