d_most_recent_category,d_fiscal_year,total
10_office_management,2018-2019,55432.14953271028
10_office_management,2019-2020,31852.85046728972
2_professional_services,2018-2019,1857559.7881972047
2_professional_services,2019-2020,2415409.8655860713
2_professional_services,2020-2021,535653.0302566064
4_medical,2019-2020,23730
4_medical,2020-2021,14689.999999999998
9_human_capital,2018-2019,23603.703703703704
9_human_capital,2019-2020,75767.67700695619
9_human_capital,2020-2021,14928.619289340102
