d_most_recent_category,total,percentage
2_professional_services,4808622.68,0.9524613389973828
9_human_capital,114300.00,0.02263981563967058
10_office_management,87285.00,0.01728885658887705
4_medical,38420.00,0.007609988774069499
