d_fiscal_year,total
2017-2018,18794489.54265687
2018-2019,12145873.889448956
2019-2020,18264243.484462697
2020-2021,15447408.599585438
