d_most_recent_category,total,percentage
3_information_technology,49571132.81347362,0.7747533240940633
2_professional_services,12915762.641500397,0.20186204090523707
1_facilities_and_construction,1167984.8563010884,0.018254578795198317
9_human_capital,328236.98794819973,0.005130056205501326
