d_most_recent_category,total,percentage
3_information_technology,48918665.28410828,0.7566456342244344
2_professional_services,14380560.976837477,0.2224302036375703
1_facilities_and_construction,1167984.8563010884,0.018065714533048945
9_human_capital,184804.3989071038,0.002858447604946339
