d_most_recent_category,total,percentage
3_information_technology,48477953.51304933,0.7741360863261323
2_professional_services,12647829.183420172,0.20197100485973996
1_facilities_and_construction,1167984.8563010884,0.018651348912691355
9_human_capital,328236.98794819973,0.005241559901436399
