d_most_recent_category,total,percentage
3_information_technology,65365688.91,0.7208101058567303
2_professional_services,20984978.01,0.23140862541285612
10_office_management,2784754.50,0.030708453003440515
1_facilities_and_construction,1349288.69,0.014879073994652013
9_human_capital,198936.50,0.002193741732321088
