d_fiscal_year,total
2017-2018,22022510.099252813
2018-2019,16632020.180327287
2019-2020,24212043.074381053
2020-2021,19008264.87153586
