owner_org,d_fiscal_year,total
dnd-mdn,2017-2018,11632658.392260192
dnd-mdn,2018-2019,22091021.047739808
dnd-mdn,2019-2020,172462.5
dnd-mdn,2020-2021,2101302.45
