d_most_recent_category,total,percentage
10_office_management,10175725.513596408,0.9256767978163831
1_facilities_and_construction,703050.41,0.06395587728488991
3_information_technology,113965.31999999999,0.010367324898726977
