d_fiscal_year,total
2017-2018,3773313.973134754
2018-2019,5110153.952819049
2019-2020,4732476.260974602
2020-2021,4014086.7637017644
