d_most_recent_category,total,percentage
2_professional_services,3984209.762710785,0.6034460581524889
10_office_management,2158292.8791469466,0.32689376509475554
1_facilities_and_construction,257339.45,0.038976481148917386
3_information_technology,202586.92211055275,0.03068369560383825
