d_most_recent_category,total,percentage
3_information_technology,3384872.9079412674,0.511063804622098
2_professional_services,2904360.9278078387,0.4385138781071764
1_facilities_and_construction,257339.45,0.03885430324069355
9_human_capital,76617.16,0.011568014030032069
