d_fiscal_year,total
2017-2018,1760148.6152066116
2018-2019,293913.8325136432
2019-2020,1207232.4759438673
2020-2021,858314.1763358779
