d_most_recent_category,total,percentage
2_professional_services,10763836.04,0.9705565552532522
1_facilities_and_construction,149176.95,0.013451028627447084
11_defence,86686.56,0.00781637779948517
5_transportation_and_logistics,45736.08,0.00412394355419661
NA,44939.25,0.004052094765618961
