d_most_recent_category,total,percentage
5_transportation_and_logistics,11045435.629999999,0.995947905234381
NA,44939.25,0.004052094765618961
