d_most_recent_category,total,percentage
5_transportation_and_logistics,12464479.98,0.9964075670361877
NA,44939.25,0.0035924329638123416
