d_fiscal_year,total
2017-2018,11631777.880384207
2018-2019,12993278.029583057
2019-2020,9996783.112477634
2020-2021,11276082.357217833
