d_most_recent_category,total,percentage
1_facilities_and_construction,24825919.764215972,0.5408613890370898
2_professional_services,18942958.050454754,0.4126942607140841
10_office_management,2131828.4798093266,0.04644435024882606
