d_most_recent_category,total,percentage
1_facilities_and_construction,23439013.66421597,0.5265890592912482
2_professional_services,16036724.540033381,0.3602866490300128
3_information_technology,5035277.07541338,0.11312429167873911
