d_most_recent_category,total,percentage
1_facilities_and_construction,24825919.764215972,0.5408613890370898
2_professional_services,16039509.454850702,0.34943927337300223
3_information_technology,5035277.07541338,0.10969933758990794
