d_most_recent_category,total,percentage
1_facilities_and_construction,24825919.764215972,0.5408942064904987
2_professional_services,16036724.540033381,0.3493997997726149
3_information_technology,5035277.07541338,0.10970599373688629
