d_most_recent_category,total,percentage
1_facilities_and_construction,32685032.13,0.5593601766619226
2_professional_services,20062246.41,0.34333824894971554
3_information_technology,5685612.27,0.09730157438836193
