d_fiscal_year,total
2017-2018,11597752.970290294
2018-2019,14639543.35314138
2019-2020,12260534.43179673
2020-2021,12445062.664434329
