d_fiscal_year,total
2017-2018,143212190.6571114
2018-2019,148538238.08387047
2019-2020,126550641.97101606
2020-2021,131949047.9467033
