d_fiscal_year,total
2017-2018,106457565.85839051
2018-2019,120669993.57288252
2019-2020,120993218.50014469
2020-2021,127733579.23753662
