d_fiscal_year,total
2017-2018,106500505.85839051
2018-2019,120725066.88288252
2019-2020,121118218.50014469
2020-2021,127733579.23753662
