d_fiscal_year,total
2017-2018,105872392.7406299
2018-2019,119794632.14672421
2019-2020,119466454.84118885
2020-2021,126966605.44041139
