d_fiscal_year,total
2017-2018,105915332.7406299
2018-2019,119849705.45672421
2019-2020,119635633.08623835
2020-2021,127392111.69536188
