d_most_recent_category,total,percentage
3_information_technology,26799911.411144327,0.3711851039067026
8_security_and_protection,18216848.45202553,0.25230765437179586
2_professional_services,15785378.48000059,0.21863122088042233
10_office_management,4452969.553533623,0.06167468022802636
6_industrial_products_and_services,2950056.4222523305,0.04085897833113809
9_human_capital,1566737.0892644702,0.021699678791896635
5_transportation_and_logistics,1450490.436830135,0.020089635195084513
1_facilities_and_construction,682205.3835542379,0.00944870571754921
4_medical,296337.37,0.0041043425773843725
