d_most_recent_category,total,percentage
3_information_technology,26847543.808580223,0.37281690012023605
8_security_and_protection,18216848.45202553,0.25296723671510546
2_professional_services,15529503.390000591,0.2156495713554398
10_office_management,4452969.553533623,0.06183591009720713
6_industrial_products_and_services,2950056.4222523305,0.04096579181937725
9_human_capital,1586724.3292644701,0.02203395774300531
5_transportation_and_logistics,1450490.436830135,0.020142153493394575
1_facilities_and_construction,682205.3835542379,0.00947340651179955
4_medical,296337.37,0.004115072144434873
