d_most_recent_category,total,percentage
3_information_technology,36839838.82,0.39481094189031263
8_security_and_protection,22520345.77,0.24134956101351232
2_professional_services,19607986.64,0.21013793550159626
10_office_management,5770791.83,0.06184532375756455
6_industrial_products_and_services,3350120.34,0.03590309316742627
5_transportation_and_logistics,1955887.53,0.020961161108961335
9_human_capital,1917055.59,0.020545000914410968
1_facilities_and_construction,1051711.67,0.011271148008291184
4_medical,296337.37,0.00317583463792441
