d_fiscal_year,total
2017-2018,18413101.883923862
2018-2019,13955114.443421919
2019-2020,18873341.863699116
2020-2021,20771120.95499625
