d_fiscal_year,total
2017-2018,18194848.074602395
2018-2019,13816282.452531824
2019-2020,18777660.018374268
2020-2021,20809194.669193156
