d_most_recent_category,total,percentage
3_information_technology,26662546.145201314,0.3744998134871729
8_security_and_protection,18033263.747587174,0.2532936604500493
2_professional_services,15720378.48000059,0.2208070743374061
10_office_management,4417713.553533623,0.06205082188431054
6_industrial_products_and_services,2347107.0383487227,0.032967262140274886
9_human_capital,1566737.0892644702,0.022006253435723776
5_transportation_and_logistics,1433540.436830135,0.020135384793917337
1_facilities_and_construction,717461.3835542379,0.01007740044263062
4_medical,296337.37,0.004162329028514519
