d_fiscal_year,total
2017-2018,18194848.074602395
2018-2019,13792686.412209243
2019-2020,18603658.723479494
2020-2021,20603892.03402914
