d_fiscal_year,total
2017-2018,18345482.246487964
2018-2019,13966916.624417393
2019-2020,18928706.886621166
2020-2021,20959828.841078725
