d_most_recent_category,total,percentage
5_transportation_and_logistics,10345550.078137614,0.5746348645047639
11_defence,5488997.161419569,0.30488172366830535
3_information_technology,2169146.44,0.12048341182693086
