d_most_recent_category,total,percentage
5_transportation_and_logistics,10345550.078137614,0.5746348645047639
3_information_technology,4840968.782364532,0.26888753322110515
11_defence,2817174.819055036,0.15647760227413107
