d_most_recent_category,total,percentage
5_transportation_and_logistics,10345550.078137614,0.6027562452471905
3_information_technology,4001012.7823645324,0.23310847887927852
11_defence,2817174.819055036,0.16413527587353097
