d_fiscal_year,total
2017-2018,7445849.8776177885
2018-2019,8540904.699591124
2019-2020,5094859.204010104
2020-2021,3790417.6444494426
