d_most_recent_category,total,percentage
6_industrial_products_and_services,16614795.37754744,0.6680111927005938
5_transportation_and_logistics,4934388.42170118,0.1983910496594495
1_facilities_and_construction,3103066.1496350365,0.12476126684339128
11_defence,189336.09678480314,0.0076124098407741765
3_information_technology,30445.38,0.0012240809557911593
