d_most_recent_category,total,percentage
6_industrial_products_and_services,20282604.27,0.6946700267370429
11_defence,3936133.55,0.13481079478029057
1_facilities_and_construction,3103066.15,0.10627861278064753
5_transportation_and_logistics,1875661.71,0.06424056570201904
