d_most_recent_category,total,percentage
6_industrial_products_and_services,20282604.26754744,0.7099931485785085
5_transportation_and_logistics,4961872.04170118,0.1736904742241505
1_facilities_and_construction,3103066.1496350365,0.10862292025052525
11_defence,189336.09678480314,0.006627715540005577
3_information_technology,30445.38,0.00106574140681013
