d_fiscal_year,total
2017-2018,7936714.659456819
2018-2019,12032704.027793791
2019-2020,5252718.122551557
2020-2021,3975328.8744702907
