d_most_recent_category,total,percentage
6_industrial_products_and_services,16610471.902137604,0.667837363899245
5_transportation_and_logistics,4934388.42170118,0.1983910496594495
1_facilities_and_construction,3103066.1496350365,0.12476126684339128
NA,193659.57219463922,0.007786238642123074
3_information_technology,30445.38,0.0012240809557911593
