owner_org,d_fiscal_year,total
dfo-mpo,2017-2018,1823182.6373770493
dfo-mpo,2018-2019,2964.2852459016394
dfo-mpo,2019-2020,49514.79
dnd-mdn,2017-2018,5956104.4120589215
dnd-mdn,2018-2019,11872312.13252704
dnd-mdn,2019-2020,5045344.414010104
dnd-mdn,2020-2021,3817901.2644494423
