d_fiscal_year,total
2017-2018,1458777.6432882021
2018-2019,2016002.4764646466
2019-2020,15519717.22216529
2020-2021,17731166.248432275
