d_most_recent_category,total,percentage
11_defence,30951716.264017705,0.8427816746693231
5_transportation_and_logistics,3331837.5965625,0.09072232523084847
2_professional_services,1393554.8665798611,0.037944988064041806
1_facilities_and_construction,1048554.8631903485,0.028551012035786714
