owner_org,d_fiscal_year,total
dfo-mpo,2017-2018,1414580.586725702
dfo-mpo,2018-2019,2016002.4764646466
dfo-mpo,2019-2020,1049494.6743925232
dfo-mpo,2020-2021,2155284.872187338
dnd-mdn,2019-2020,14994969.884969028
dnd-mdn,2020-2021,15956746.379048675
pc,2017-2018,44197.0565625
