d_most_recent_category,total,percentage
2_professional_services,11797586.307805495,0.7518354968577518
1_facilities_and_construction,3894125.9844615646,0.24816450314224828
