d_fiscal_year,total
2017-2018,822779.0302020202
2018-2019,806804.2897979799
2019-2020,4068586.46
