owner_org,d_fiscal_year,total
dnd-mdn,2017-2018,6001400.368763459
dnd-mdn,2018-2019,8506701.710521841
dnd-mdn,2019-2020,12911217.933229627
dnd-mdn,2020-2021,9242399.729781155
