d_fiscal_year,total
2017-2018,9076754.607940737
2018-2019,10781789.593099749
2019-2020,7376446.690337241
2020-2021,5210944.668768908
