d_fiscal_year,total
2017-2018,11565990.53522535
2018-2019,12505360.279670887
2019-2020,8820066.267817818
2020-2021,5308576.878707296
