d_fiscal_year,total
2017-2018,9076754.607940737
2018-2019,10781789.593099749
2019-2020,7342219.004851435
2020-2021,5176810.501549456
