d_fiscal_year,total
2017-2018,9076754.607940737
2018-2019,10781789.593099749
2019-2020,7350908.957742227
2020-2021,5220863.734954167
