d_most_recent_category,total,percentage
3_information_technology,159871601.42847067,0.9432924291382633
2_professional_services,9184742.094210284,0.05419284978472213
9_human_capital,217692.0471556886,0.0012844511353534342
1_facilities_and_construction,208509.28056569345,0.001230269941661184
