d_fiscal_year,total
2017-2018,31648075.916854218
2018-2019,45168092.828139186
2019-2020,48712664.42370099
2020-2021,43953711.68170794
