d_fiscal_year,total
2017-2018,29803476.464262508
2018-2019,42479747.52549451
2019-2020,47865587.33828112
2020-2021,44066820.07776714
