d_most_recent_category,total,percentage
3_information_technology,151854386.0807925,0.9247255257054913
2_professional_services,9184742.094210284,0.055930985470641306
11_defence,2750301.9030811307,0.016748112707277288
9_human_capital,217692.0471556886,0.001325647536060278
1_facilities_and_construction,208509.28056569345,0.0012697285805297724
