d_most_recent_category,total,percentage
3_information_technology,146662136.2738561,0.8809961138573631
NA,10200000,0.061271167798658134
2_professional_services,9184742.094210284,0.05517253667076049
9_human_capital,217692.0471556886,0.0013076711715401565
1_facilities_and_construction,208509.28056569345,0.0012525105016782442
