d_fiscal_year,total
2017-2018,30565972.032766182
2018-2019,44085988.94405115
2019-2020,48558476.81011377
2020-2021,43932371.278582945
