d_most_recent_category,total,percentage
3_information_technology,154452867.94740692,0.9414194797639096
2_professional_services,9184742.094210284,0.055982742431441496
9_human_capital,217692.0471556886,0.0013268742530040507
1_facilities_and_construction,208509.28056569345,0.001270903551644913
