owner_org,d_fiscal_year,total
ec,2017-2018,2026961.4440984484
ec,2018-2019,2423822.300775816
ec,2019-2020,2340277.250914928
ec,2020-2021,2333883.050775816
