d_fiscal_year,total
2017-2018,2287688.0984364455
2018-2019,2724028.0699662543
2019-2020,2641305.5016647917
2020-2021,2634088.8199662543
