d_most_recent_category,total,percentage
10_office_management,74090280.9335465,0.6112224323734303
2_professional_services,26308784.119487163,0.21703952015951264
3_information_technology,15993022.660005301,0.13193760487991057
11_defence,4643591.847918497,0.03830822974986277
9_human_capital,141663.3057621247,0.0011686794709774375
1_facilities_and_construction,39217.60186046512,3.235333663062525e-4
