d_fiscal_year,total
2017-2018,38750330.63663171
2018-2019,32023006.14347146
2019-2020,29181758.73294741
2020-2021,24147168.259420916
