category,total,percentage
3_information_technology,97921120.15424101,0.7042188170121468
2_professional_services,30720353.827612516,0.22093141088050441
NA,9939856.24752536,0.07148441313658666
1_facilities_and_construction,326287.4393433653,0.0023465597021191304
9_human_capital,141663.3057621247,0.0010187992686428921
