d_most_recent_category,total,percentage
3_information_technology,88775806.17768374,0.7304493908057167
2_professional_services,27285955.093446832,0.22450947092126314
NA,5293233.263295264,0.0435528459727862
9_human_capital,141663.3057621247,0.0011656089631713197
1_facilities_and_construction,39217.60186046512,3.2268333706260356e-4
