d_fiscal_year,total
2017-2018,44710447.17753298
2018-2019,35486219.98238552
2019-2020,32468069.977422457
2020-2021,26384543.837143417
