d_fiscal_year,total
2017-2018,36991513.6454457
2018-2019,31829782.177962065
2019-2020,28924455.353912994
2020-2021,23417966.321270574
