d_fiscal_year,total
2017-2018,1150022.4862518501
2018-2019,1455248.0303585487
2019-2020,961421.2325444334
2020-2021,942028.5774032819
