d_fiscal_year,total
2017-2018,1361655.2931940726
2018-2019,1666880.8373007711
2019-2020,826203.2452074074
2020-2021,807180.0381190893
