d_most_recent_category,total,percentage
2_professional_services,3543609.93282284,0.7086384752302775
8_security_and_protection,793704.8123239437,0.15872225742976329
1_facilities_and_construction,663274.4927877175,0.1326392673399593
