d_fiscal_year,total
2017-2018,1441375.3580047714
2018-2019,1383946.5512779837
2019-2020,1114637.1005488972
2020-2021,1060630.2281028486
