d_most_recent_category,total,percentage
3_information_technology,19718918.155878484,0.9793216018717721
NA,328542.22000000003,0.016316741650301465
1_facilities_and_construction,68852.68000000001,0.0034195038661724467
6_industrial_products_and_services,18970.51,9.421526117540095e-4
