owner_org,d_fiscal_year,total
dnd-mdn,2017-2018,689958.54
dnd-mdn,2018-2019,83093.44
dnd-mdn,2019-2020,153190.77457765667
dnd-mdn,2020-2021,42841.67542234332
nrcan-rncan,2019-2020,12688.8
oag-bvg,2018-2019,49418.32
phac-aspc,2018-2019,116435.04
ssc-spc,2017-2018,12431497.587985776
ssc-spc,2018-2019,5576205.799161055
ssc-spc,2019-2020,267068.5532583639
ssc-spc,2020-2021,712885.0354732889
