d_most_recent_category,total,percentage
3_information_technology,19444426.11,0.9334772935527864
11_defence,969309.27,0.04653406528635774
0_other,328542.22,0.01577247385120428
1_facilities_and_construction,68852.68,0.003305441519465401
6_industrial_products_and_services,18970.51,9.107257901861419e-4
