d_fiscal_year,total
2017-2018,367699.5
2018-2019,2171991.847337058
2019-2020,2187252.961283632
2020-2021,87629.74137931035
