d_fiscal_year,total
2017-2018,NA
2018-2019,NA
2019-2020,177683903.05639443
2020-2021,230323429.5975207
