d_fiscal_year,total
2017-2018,NA
2018-2019,NA
2019-2020,177747986.8347643
2020-2021,230996739.99752071
