d_fiscal_year,total
2017-2018,NA
2018-2019,NA
2019-2020,176587056.62926707
2020-2021,229822617.01690188
