d_fiscal_year,total
2017-2018,NA
2018-2019,NA
2019-2020,176522972.8508972
2020-2021,229149306.61690187
