d_fiscal_year,total
2017-2018,NA
2018-2019,NA
2019-2020,180999358.88226202
2020-2021,234087635.13731396
