d_fiscal_year,total
2017-2018,4088139.4776106197
2018-2019,4137366.378561893
2019-2020,24100338.747135572
2020-2021,28267900.374884773
