d_fiscal_year,total
2017-2018,7344463.457610619
2018-2019,4160732.3703221926
2019-2020,28168498.78102322
2020-2021,33212525.33191524
