d_most_recent_category,total,percentage
2_professional_services,25655998.99016323,0.9697627220467413
9_human_capital,473496.806569343,0.017897551063795238
3_information_technology,326459.26,0.01233972688946347
