d_fiscal_year,total
2017-2018,7894217.011085579
2018-2019,6494196.952949273
2019-2020,6431051.708733833
2020-2021,6413480.529201774
