d_most_recent_category,total,percentage
1_facilities_and_construction,7235254.263506049,0.36428750947487104
10_office_management,6437261.337171532,0.3241093975349461
2_professional_services,4318399.770707974,0.21742692655914383
11_defence,1194059.7931731641,0.06011966578882179
9_human_capital,599426.1711074591,0.03018048281844071
6_industrial_products_and_services,52059.53,0.0026211430638710515
3_information_technology,24923.55,0.0012548747599055033
