d_most_recent_category,total,percentage
11_defence,8069458.42,0.37941672275184235
1_facilities_and_construction,7705658.00,0.36231124259255276
2_professional_services,2652726.79,0.12472818508314958
6_industrial_products_and_services,2044259.81,0.09611876254071061
9_human_capital,771035.52,0.03625321016345104
3_information_technology,24923.55,0.0011718768682937263
