d_most_recent_category,total,percentage
11_defence,7557240.63,0.38049918729937665
1_facilities_and_construction,7235254.26,0.364287509474871
2_professional_services,2495228.24,0.12563214066486716
6_industrial_products_and_services,1949311.56,0.09814580498253887
9_human_capital,599426.17,0.030180482818440702
3_information_technology,24923.55,0.0012548747599055031
