d_most_recent_category,total,percentage
3_information_technology,6503150.347171533,0.32712132548131934
1_facilities_and_construction,5352350.522630136,0.2692338180624905
6_industrial_products_and_services,3846980.78484104,0.1935107426796162
2_professional_services,2495228.2407079744,0.12551491598742262
9_human_capital,984653.3690740174,0.04953001207656737
11_defence,469471.65464365296,0.023615352828146623
5_transportation_and_logistics,228099.04,0.011473832884437285
