d_most_recent_category,total,percentage
1_facilities_and_construction,7235254.263506049,0.364287509474871
3_information_technology,6884593.484157834,0.3466321047956472
2_professional_services,2495228.2407079744,0.12563214066486716
6_industrial_products_and_services,1949311.56154321,0.09814580498253887
9_human_capital,599426.1711074591,0.030180482818440702
11_defence,469471.65464365296,0.023637408390995394
5_transportation_and_logistics,228099.04,0.011484548872639562
