d_fiscal_year,total
2017-2018,3439486.112000505
2018-2019,4799104.308781281
2019-2020,6821170.508161937
2020-2021,4772499.687702713
