d_most_recent_category,total,percentage
3_information_technology,61737313.68,0.7239371568066312
11_defence,22015574.60,0.2581565593168838
10_office_management,1237912.97,0.014515876039304305
6_industrial_products_and_services,273358.96,0.0032054311483637916
9_human_capital,15774.80,1.8497668881681847e-4
