d_most_recent_category,total,percentage
3_information_technology,83752888.28122124,0.982093716123515
10_office_management,1237912.9651930374,0.014515876039304305
6_industrial_products_and_services,273358.96,0.0032054311483637916
9_human_capital,15774.8,1.8497668881681847e-4
