d_most_recent_category,total,percentage
3_information_technology,61620688.591197856,0.7225696007690801
11_defence,18980775.410023384,0.22257023775400106
10_office_management,4389337.245193037,0.051469753639738304
2_professional_services,262619.44,0.0030794985946019687
9_human_capital,15774.8,1.8497668881681847e-4
6_industrial_products_and_services,10739.52,1.2593255376182257e-4
