d_fiscal_year,total
2017-2018,8397220.779503584
2018-2019,22737852.034934852
2019-2020,26254455.839610677
2020-2021,27890406.352365155
