d_most_recent_category,total,percentage
3_information_technology,82915244.00876366,0.9779928357065286
6_industrial_products_and_services,1335370.2217602038,0.015750813080394277
10_office_management,514645.12589041103,0.006070286013979632
9_human_capital,15774.8,1.8606519909743902e-4
