d_fiscal_year,total
2017-2018,522835861.402995
2018-2019,526820680.3651231
2019-2020,502194808.31535006
2020-2021,508194880.94810575
