d_fiscal_year,total
2017-2018,519460796.85076433
2018-2019,521254565.53884125
2019-2020,494927808.3648845
2020-2021,508751557.2559886
