d_fiscal_year,total
2017-2018,575718672.9107213
2018-2019,561122716.6372116
2019-2020,555707452.9052945
2020-2021,534600240.98737615
