owner_org,d_fiscal_year,total
vac-acc,2017-2018,8995962.191621067
vac-acc,2018-2019,6136971.467708618
