d_fiscal_year,total
2017-2018,8995962.191621067
2018-2019,6136971.467708618
