d_most_recent_category,total,percentage
10_office_management,2630277.66,0.5844636404214403
5_transportation_and_logistics,1405234.0811770074,0.3122515311668622
2_professional_services,464815.53,0.10328482841169749
