owner_org,d_fiscal_year,total
pc,2017-2018,1471637.67268799
pc,2018-2019,1309590.7712770358
pc,2019-2020,1719098.8272119816
