d_most_recent_category,total,percentage
10_office_management,2630277.66,0.5705621684869446
5_transportation_and_logistics,1514882.3836962876,0.32860963349566125
2_professional_services,464815.53,0.10082819801739427
