d_fiscal_year,total
2017-2018,1570585.10520727
2018-2019,1309590.7712770358
2019-2020,1719098.8272119816
2020-2021,10700.869999999999
