d_most_recent_category,total,percentage
10_office_management,6815235.89,0.8811847630477362
2_professional_services,586656.98,0.07585257534250309
6_industrial_products_and_services,277874.06,0.03592808695034234
1_facilities_and_construction,19436.00,0.0025130028256932424
11_defence,18807.15,0.0024316948494153457
5_transportation_and_logistics,13084.99,0.0016918405971238187
9_human_capital,3078.48,3.9803638718600526e-4
