d_most_recent_category,total,percentage
10_office_management,5653209.9297209745,0.8669124221996714
2_professional_services,571194.2490161371,0.08759189842885279
6_industrial_products_and_services,277874.06,0.04261162727295827
5_transportation_and_logistics,18807.149999999998,0.0028840520985176418
