d_most_recent_category,total,percentage
1_facilities_and_construction,12745676.855174618,0.7330350568531149
2_professional_services,4390054.430159152,0.25248277006909053
5_transportation_and_logistics,251809.3732142857,0.014482173077794721
