d_fiscal_year,total
2017-2018,3106015.5051915953
2018-2019,4821736.861140445
2019-2020,4824953.324631756
2020-2021,4634834.967584258
