d_fiscal_year,total
2017-2018,1166324.747244482
2018-2019,2298573.62819795
2019-2020,2850025.5712282453
2020-2021,1915091.2462658035
