d_most_recent_category,total,percentage
2_professional_services,5842327.860130805,0.7029019517026099
1_facilities_and_construction,1704858.4639103736,0.2051148737880803
9_human_capital,573314.3333938129,0.068976574668401
10_office_management,102336.75,0.012312335601153948
6_industrial_products_and_services,66887.78550148958,0.008047400984615389
NA,22000,0.0026468632551393985
