d_fiscal_year,total
2017-2018,1167965.5400833564
2018-2019,2332407.835359075
2019-2020,2874700.5712282453
2020-2021,1936651.2462658035
