d_most_recent_category,total,percentage
2_professional_services,7074731.14,0.679253984998718
1_facilities_and_construction,2222381.78,0.21337371695802682
9_human_capital,1004842.26,0.0964761906148599
6_industrial_products_and_services,66887.79,0.006421981830477411
10_office_management,24600.00,0.0023618774615617394
NA,22000.00,0.002112248136356027
3_information_technology,0.00,0
