d_fiscal_year,total
2017-2018,1194769.9943662947
2018-2019,886052.4075808864
2019-2020,1082150.9062418984
2020-2021,983987.3223578207
