d_most_recent_category,total,percentage
3_information_technology,3963613.15,0.9746684016277154
2_professional_services,63779.96,0.01568374846800567
9_human_capital,39234.21,0.00964784990427891
