d_fiscal_year,total
2017-2018,1725361.78
2018-2019,1725361.78
2019-2020,1962381.9296306432
2020-2021,1957020.2303693572
