owner_org,d_fiscal_year,total
csc-scc,2017-2018,1725361.78
csc-scc,2018-2019,1725361.78
csc-scc,2019-2020,1962381.9296306432
csc-scc,2020-2021,1957020.2303693572
