d_most_recent_category,total,percentage
1_facilities_and_construction,6352501.566237673,0.8331910012065713
6_industrial_products_and_services,1246553.68,0.16349737152635863
3_information_technology,25248.853348623852,0.0033116272670700377
