d_fiscal_year,total
2017-2018,2586612.3298331564
2018-2019,3324842.3259634688
2019-2020,2984836.2447801926
2020-2021,3223111.4851358524
