d_fiscal_year,total
2017-2018,93146.44656000001
2018-2019,93146.44656000001
2019-2020,93401.64230400001
2020-2021,16418388.800000003
