d_fiscal_year,total
2017-2018,168612.71455204772
2018-2019,168612.71455204772
2019-2020,93401.64230400001
2020-2021,16418388.800000003
