d_fiscal_year,total
2017-2018,10367464.114239631
2018-2019,10367464.114239631
2019-2020,6977682.5
