owner_org,d_fiscal_year,total
dnd-mdn,2017-2018,24780
dnd-mdn,2018-2019,2125891.953548387
dnd-mdn,2019-2020,2903225.806451613
esdc-edsc,2017-2018,41052.9
