d_fiscal_year,total
2017-2018,65832.90000000001
2018-2019,2125891.953548387
2019-2020,2903225.806451613
