d_fiscal_year,total
2017-2018,2472566.509520517
2018-2019,3149302.8155624727
2019-2020,1601556.2918141154
2020-2021,1297985.0756549165
