d_most_recent_category,total,percentage
2_professional_services,6292463.44,0.6039913203726498
5_transportation_and_logistics,1894918.94,0.18188656968258202
3_information_technology,1425120.94,0.13679232097915392
1_facilities_and_construction,722560.05,0.06935598504555554
10_office_management,47722.17,0.004580682390019552
11_defence,35350.00,0.003393121530039207
