d_most_recent_category,total,percentage
2_professional_services,5691627.1278936025,0.6592259697441272
3_information_technology,1417497.496044597,0.16417996830120873
5_transportation_and_logistics,1297100.4608495838,0.1502351243229765
1_facilities_and_construction,179855.70370725036,0.020831573823477802
10_office_management,47722.170000000006,0.005527363808209783
