d_most_recent_category,total,percentage
2_professional_services,73322764.87,0.4735200487118161
3_information_technology,43706052.80,0.28225466252000514
6_industrial_products_and_services,16559780.14,0.10694342899196564
10_office_management,7809468.63,0.050433722353583496
8_security_and_protection,4481885.11,0.028944113872283326
9_human_capital,4066013.65,0.026258406744810163
1_facilities_and_construction,2591858.17,0.016738277778554904
5_transportation_and_logistics,1196069.83,0.007724245603331651
7_travel,1112274.49,0.0071830934236496655
