d_fiscal_year,total
2017-2018,40534776.7890399
2018-2019,28097434.775367036
2019-2020,29142847.275860798
2020-2021,31273599.338114996
