d_most_recent_category,total,percentage
2_professional_services,55226269.50318979,0.45470386347186226
3_information_technology,34138186.85514135,0.2810757560595423
6_industrial_products_and_services,13934448.38722128,0.11472887040926812
10_office_management,7000666.29863195,0.05763977979141523
8_security_and_protection,3962985.8924693386,0.03262912763075939
9_human_capital,3003588.172226997,0.02472995475660585
1_facilities_and_construction,2152729.2079496216,0.01772443253308786
5_transportation_and_logistics,1026754.578046295,0.008453753579138754
7_travel,1009836.8262921766,0.008314461768320151
