d_most_recent_category,total,percentage
2_professional_services,55226269.50318979,0.4547038634718623
3_information_technology,35225290.28771767,0.2900263901551049
6_industrial_products_and_services,12847344.954644956,0.10577823631370555
10_office_management,7000666.29863195,0.057639779791415234
8_security_and_protection,3962985.8924693386,0.03262912763075939
9_human_capital,3003588.172226997,0.024729954756605853
1_facilities_and_construction,2152729.2079496216,0.01772443253308786
5_transportation_and_logistics,1026754.578046295,0.008453753579138756
7_travel,1009836.8262921766,0.008314461768320153
