d_fiscal_year,total
2017-2018,40699297.740956396
2018-2019,28285936.935692623
2019-2020,29338878.62377023
2020-2021,31359414.446637724
