d_fiscal_year,total
2019-2020,2908469.3704802026
2020-2021,2900522.73285594
