d_most_recent_category,d_fiscal_year,total
4_medical,2017-2018,1189554.5366666666
4_medical,2018-2019,1189554.5366666666
4_medical,2019-2020,1304191.9995893224
4_medical,2020-2021,1300628.6334702258
