d_fiscal_year,total
2017-2018,1708839.132232117
2018-2019,1172431.333745805
2019-2020,42074.76327378356
2020-2021,12337.644826637315
