d_most_recent_category,total,percentage
2_professional_services,1562041.24,0.5298610464909407
3_information_technology,1042278.94,0.35355213161666765
9_human_capital,137527.75,0.04665087950306521
10_office_management,110503.87,0.037484092279566825
1_facilities_and_construction,40680.00,0.013799089843211225
5_transportation_and_logistics,38668.81,0.013116872746314276
7_travel,16319.91,0.0055358875202340535
