d_fiscal_year,total
2017-2018,2943027.0333333327
2018-2019,2354421.626666666
