d_most_recent_category,total,percentage
3_information_technology,12571773.033823999,0.8383595937084805
10_office_management,1294363.4989401272,0.08631575308932067
2_professional_services,962717.2300000001,0.06419963386448876
11_defence,166827.24115068495,0.011125019337710144
