d_fiscal_year,total
2017-2018,52468.98
2018-2019,2130434.1203088686
2019-2020,6334734.186648672
2020-2021,6478044.263859169
