d_most_recent_category,total,percentage
1_facilities_and_construction,55495672.85865637,0.9879460635166016
5_transportation_and_logistics,378602.0459793815,0.006739956138874309
2_professional_services,298501.02719912474,0.005313980344524061
