owner_org,d_fiscal_year,total
dfo-mpo,2017-2018,55725.52573029891
dfo-mpo,2018-2019,11414.525730298914
dfo-mpo,2019-2020,159007.54840353262
dfo-mpo,2020-2021,69823.52573029892
dnd-mdn,2017-2018,16403407.746642679
dnd-mdn,2018-2019,16699378.34748303
dnd-mdn,2019-2020,10080096.750089498
dnd-mdn,2020-2021,12535156.743220424
