d_fiscal_year,total
2017-2018,16562134.74262206
2018-2019,16773206.547483029
2019-2020,10227658.500089498
2020-2021,12609776.141640289
