d_fiscal_year,total
2017-2018,16764769.687648203
2018-2019,16803745.45686725
2019-2020,10245377.387610907
2020-2021,12609776.141640289
