d_fiscal_year,total
2017-2018,862689.4205291971
2018-2019,1275360.8601866313
2019-2020,1373389.7807538146
2020-2021,1200622.4710840862
