owner_org,d_fiscal_year,total
csc-scc,2017-2018,862689.4205291971
csc-scc,2018-2019,1275360.8601866313
csc-scc,2019-2020,1372301.0083802736
csc-scc,2020-2021,1193263.1763370044
