d_fiscal_year,total
2017-2018,144499818.41309702
2018-2019,144499818.41309702
2019-2020,144895708.32655755
2020-2021,144499818.41309702
