owner_org,d_fiscal_year,total
infc,2017-2018,282621876.27320796
infc,2018-2019,282621876.27320796
infc,2019-2020,283396182.7835455
infc,2020-2021,282621876.27320796
