d_fiscal_year,total
2017-2018,19426561.775001694
2018-2019,17032718.185738295
2019-2020,13104975.851577435
2020-2021,16367138.265203148
