d_most_recent_category,total,percentage
5_transportation_and_logistics,54861777.29,0.7883402985905045
11_defence,14607218.45,0.20989948780978188
6_industrial_products_and_services,122495.89,0.001760213599713667
