d_most_recent_category,total,percentage
5_transportation_and_logistics,50389908.43497588,0.7835986346091465
11_defence,13286232.962544693,0.2066102982104782
1_facilities_and_construction,507126.16,0.007886169649690291
6_industrial_products_and_services,122495.88999999998,0.001904897530685067
