d_fiscal_year,total
2017-2018,451433.5388235294
2018-2019,2529022.155723965
2019-2020,3977120.1579805533
2020-2021,3966253.709461481
