d_fiscal_year,total
2017-2018,3721503.086779497
2018-2019,3744843.694919777
2019-2020,3747945.028300726
