owner_org,d_fiscal_year,total
dfo-mpo,2020-2021,811148.63
dnd-mdn,2017-2018,896199.3906067519
dnd-mdn,2018-2019,813887.884282773
dnd-mdn,2019-2020,2384647.233239413
dnd-mdn,2020-2021,626502.8344955834
