d_most_recent_category,total,percentage
6_industrial_products_and_services,2797785.00,0.48422625364541966
1_facilities_and_construction,2163989.55,0.37453219405109
NA,811148.63,0.14038943744945184
2_professional_services,4923.39,8.521148540385168e-4
