d_fiscal_year,total
2017-2018,8455641.470366674
2018-2019,7079674.539671159
2019-2020,8043079.32809111
2020-2021,5212290.441381767
