d_fiscal_year,total
2017-2018,10773885.962469375
2018-2019,8888604.365326809
2019-2020,9193919.912798965
2020-2021,5212290.441381767
