d_most_recent_category,total,percentage
10_office_management,11108971.97,0.9053963107079972
2_professional_services,950454.61,0.07746334227626597
3_information_technology,135600.00,0.011051584253219289
9_human_capital,74707.50,0.006088762762517552
