d_most_recent_category,total,percentage
10_office_management,9461765.847960135,0.9087173946447137
2_professional_services,950454.6110302581,0.0912826053552863
