d_most_recent_category,total,percentage
10_office_management,9419238.857960135,0.9093390759265552
2_professional_services,939096.2310302582,0.09066092407344492
