d_most_recent_category,total,percentage
10_office_management,9407880.477960134,0.9082425309796676
2_professional_services,950454.6110302581,0.09175746902033241
