d_fiscal_year,total
2017-2018,1981414.5502685162
2018-2019,1802020.796389689
2019-2020,1665604.9130350198
2020-2021,4909294.829297167
