d_fiscal_year,total
2017-2018,45140811.77376054
2018-2019,82953631.89124127
2019-2020,8175818.539171932
2020-2021,6216545.367729625
