d_fiscal_year,total
2017-2018,45140811.77376054
2018-2019,82794459.30124126
2019-2020,8130490.799171932
2020-2021,6216545.367729625
