d_fiscal_year,total
2017-2018,45183560.113760546
2018-2019,82794459.30124126
2019-2020,8250335.419171932
2020-2021,6239153.207729625
