d_most_recent_category,total,percentage
5_transportation_and_logistics,137955906.13942587,0.9683324151275918
6_industrial_products_and_services,4480219.042477488,0.03144730404886243
10_office_management,31382.86,2.2028082354588174e-4
