d_most_recent_category,total,percentage
5_transportation_and_logistics,137770705.3394259,0.9682911952305707
NA,4143190.3724774877,0.02911950510778112
6_industrial_products_and_services,337028.67,0.0023687321110628023
10_office_management,31382.86,2.205675505854988e-4
