d_most_recent_category,total,percentage
1_facilities_and_construction,8993615.88,0.6140020347646701
2_professional_services,3364209.27,0.22967751419165883
6_industrial_products_and_services,1118396.95,0.076353939266096
11_defence,1028830.61,0.07023916676777002
3_information_technology,102592.62,0.0070040880374593086
9_human_capital,39889.00,0.002723256972345714
