d_most_recent_category,total,percentage
1_facilities_and_construction,7080905.981376079,0.5963781835279738
2_professional_services,2857526.0148166325,0.2406706399693068
9_human_capital,1068719.6067518247,0.09001123012390586
11_defence,774060.1699999999,0.06519400191728608
3_information_technology,83814.90683553815,0.007059178870982638
6_industrial_products_and_services,8154.092004381161,6.867655905449218e-4
