d_most_recent_category,total,percentage
1_facilities_and_construction,7113799.342821863,0.5991485752265446
2_professional_services,2865680.1068210136,0.24135740555985166
3_information_technology,1079752.1521415797,0.09094042892933234
11_defence,774060.1699999999,0.06519400191728607
9_human_capital,39889,0.0033595883669852488
