d_most_recent_category,total,percentage
1_facilities_and_construction,7113799.342821863,0.5991485752265446
2_professional_services,2561232.3299615094,0.2157157697832789
11_defence,1802890.7767518247,0.15184564367420667
6_industrial_products_and_services,344336.77685950417,0.029001224143558015
3_information_technology,26815.445389755012,0.0022584887659993775
10_office_management,24106.1,0.002030298406412372
