d_most_recent_category,total,percentage
4_medical,68905387.31350626,0.5421578993902585
2_professional_services,58189297.44715325,0.45784210060974145
