d_most_recent_category,d_fiscal_year,total
4_medical,2017-2018,43030073.144070365
4_medical,2018-2019,43030073.144070365
4_medical,2019-2020,35859365.92323435
4_medical,2020-2021,5175172.549284437
