owner_org,d_fiscal_year,total
pc,2019-2020,1869342.9628915666
pc,2020-2021,3618116.8092360934
