d_fiscal_year,total
2017-2018,1477450.0357233416
2018-2019,1166441.4521271605
2019-2020,1390043.6255464465
2020-2021,997989.0870078785
