d_most_recent_category,total,percentage
2_professional_services,7520203.546822963,0.9703249695261534
3_information_technology,229987.1449566827,0.029675030473846526
