d_most_recent_category,total,percentage
2_professional_services,5871010.39,0.7238897985214358
9_human_capital,2159923.83,0.2663164814536031
3_information_technology,79430.64,0.009793720024961124
