d_fiscal_year,total
2017-2018,934099.8993097848
2018-2019,782506.5829437746
2019-2020,3372235.181750454
2020-2021,2661349.0277756327
