d_most_recent_category,total,percentage
6_industrial_products_and_services,7914827.646300232,0.5047462197660607
3_information_technology,5989517.925099928,0.3819649228026374
8_security_and_protection,1037279.9577316736,0.06614965744060136
4_medical,510992.51999999996,0.03258713320425846
1_facilities_and_construction,119051.10000000002,0.007592154291834831
5_transportation_and_logistics,109137.03891369171,0.006959912494607185
