d_most_recent_category,total,percentage
6_industrial_products_and_services,9703025.42,0.49143318365499766
3_information_technology,6901265.12,0.34953125860418477
8_security_and_protection,1837865.12,0.09308312276760647
11_defence,661560.02,0.03350630674454222
4_medical,521576.39,0.026416497410977752
1_facilities_and_construction,119051.10,0.006029630817691066
