d_most_recent_category,total,percentage
6_industrial_products_and_services,7869142.346300232,0.5032991047940607
3_information_technology,5989517.925099928,0.38308101152447505
8_security_and_protection,1037279.9577316736,0.06634294452592104
4_medical,510992.51999999996,0.03268235171694133
1_facilities_and_construction,119051.10000000002,0.007614338312601435
5_transportation_and_logistics,109137.03891369171,0.006980249126000485
