d_most_recent_category,total,percentage
1_facilities_and_construction,13418905.14594257,0.646391186002883
2_professional_services,7142698.367742494,0.3440651244622552
10_office_management,198124.39801749273,0.009543689534861732
