d_most_recent_category,total,percentage
1_facilities_and_construction,13487165.486085102,0.6475500813137973
2_professional_services,7142698.367742494,0.3429375070398239
10_office_management,198124.39801749273,0.009512411646378833
