d_fiscal_year,total
2017-2018,5999012.436824262
2018-2019,4620594.014682521
2019-2020,4729401.463709581
2020-2021,5410719.996486193
