d_most_recent_category,total,percentage
1_facilities_and_construction,16290712.51,0.6575461444690252
2_professional_services,8286173.40,0.3344569104024981
10_office_management,198124.40,0.00799694512847685
