d_fiscal_year,total
2017-2018,34628391.33551323
2018-2019,45598496.61670625
2019-2020,42043197.22671147
2020-2021,34975491.39478044
