d_most_recent_category,total,percentage
8_security_and_protection,18598970.49373374,0.44379814729632633
6_industrial_products_and_services,14801886.073647862,0.35319425976773405
3_information_technology,4896077.978406739,0.11682745217362031
1_facilities_and_construction,2636615.4821448494,0.06291343203662408
10_office_management,523331.00000000006,0.012487429253193518
2_professional_services,307963.98,0.007348462851965396
5_transportation_and_logistics,143780.81000000003,0.0034308166205362554
