d_most_recent_category,total,percentage
8_security_and_protection,18593037.080554083,0.4401439029270574
2_professional_services,12129701.703647863,0.28714051534745005
6_industrial_products_and_services,3938436.01971962,0.09323267595485482
1_facilities_and_construction,2998842.5821448495,0.07099013854759409
3_information_technology,2731406.3892077203,0.0646592519241058
10_office_management,1508166.6300000001,0.03570209341898249
11_defence,199715.55000000002,0.004727768856232728
5_transportation_and_logistics,143780.81000000003,0.003403653023722566
