d_fiscal_year,total
2017-2018,2857673.4870187785
2018-2019,7569081.712971207
2019-2020,5562622.043286399
2020-2021,26259642.93517741
