d_most_recent_category,total,percentage
6_industrial_products_and_services,9379373.38,0.48226711019194285
4_medical,6431904.27,0.33071461799048646
1_facilities_and_construction,2566644.55,0.13197131592251118
NA,497896.70,0.02560077234159827
9_human_capital,205829.81,0.010583323968342804
3_information_technology,195287.95,0.010041284364823922
2_professional_services,149935.81,0.00770937548443027
5_transportation_and_logistics,21630.62,0.0011121997358641308
