d_fiscal_year,total
2017-2018,3315611.0426227557
2018-2019,6680404.434697197
2019-2020,5932496.744384663
2020-2021,3519990.8686094126
