d_fiscal_year,total
2017-2018,2651375.5878133564
2018-2019,1935074.2886895451
2019-2020,2125515.705074514
2020-2021,4554492.746452929
