d_most_recent_category,total,percentage
10_office_management,7114740.360157042,0.6314975081792962
4_medical,2433262.9,0.2159740735867431
6_industrial_products_and_services,1064322.41,0.09446823296297319
1_facilities_and_construction,321636.32787330315,0.02854813096615191
11_defence,238147.07,0.021137704775200106
3_information_technology,94349.26000000001,0.0083743495296356
