d_most_recent_category,total,percentage
10_office_management,7002438.950157042,0.6215297430901909
4_medical,2433262.9,0.2159740735867431
6_industrial_products_and_services,1251681.28,0.11109802597732812
1_facilities_and_construction,269170.06787330314,0.023891276214426892
3_information_technology,190933.6,0.016947082609356255
11_defence,118971.53,0.010559798521954784
