d_fiscal_year,total
2017-2018,2678389.827813356
2018-2019,1899437.638689545
2019-2020,2141811.1250745137
2020-2021,4554492.746452929
