category,total,percentage
5_transportation_and_logistics,564206406.4014779,0.512099845430756
NA,537544378.0122377,0.487900154569244
