owner_org,d_fiscal_year,total
dnd-mdn,2017-2018,150374402.56034043
dnd-mdn,2018-2019,152961679.86534908
dnd-mdn,2019-2020,153439895.61988065
dnd-mdn,2020-2021,141781107.36817726
pc,2019-2020,397381.72
