d_fiscal_year,total
2017-2018,1630993.367360388
2018-2019,1531254.8493005964
2019-2020,1098548.989328795
2020-2021,635055.5213706086
