d_fiscal_year,total
2017-2018,3005627.6840882273
2018-2019,2132546.000010876
2019-2020,1431257.715730653
2020-2021,1337385.1109668775
