owner_org,d_fiscal_year,total
pbc-clcc,2020-2021,31500.000000000004
rcmp-grc,2017-2018,844397.6588900862
rcmp-grc,2018-2019,844397.6588900862
rcmp-grc,2019-2020,887099.3271336207
rcmp-grc,2020-2021,1155164.563348685
ssc-spc,2017-2018,4227592.974494253
ssc-spc,2018-2019,4279598.400571286
ssc-spc,2019-2020,4258423.558789667
ssc-spc,2020-2021,4246788.521743794
