d_most_recent_category,total,percentage
3_information_technology,20809672.97029357,0.9980629193567696
10_office_management,40388.25,0.0019370806432304245
