d_most_recent_category,total,percentage
2_professional_services,16681427.94640609,0.8000661374638983
3_information_technology,4168633.2738874783,0.19993386253610163
