d_most_recent_category,total,percentage
11_defence,5378617.981780822,0.9925017157555139
6_industrial_products_and_services,40635.100000000006,0.007498284244486123
