d_most_recent_category,total,percentage
9_human_capital,5975485.779449793,0.9732255356081598
2_professional_services,147191.9372972973,0.02397310566883401
10_office_management,17200,0.002801358723006061
