d_most_recent_category,total,percentage
9_human_capital,6002914.78,0.9733446146190691
2_professional_services,147191.94,0.023866485656956725
10_office_management,17200.00,0.0027888997239741693
