d_fiscal_year,total
2017-2018,959618.153417692
2018-2019,1472437.5510530397
2019-2020,2002502.893692773
2020-2021,1705319.118583585
