d_fiscal_year,total
2017-2018,959618.153417692
2018-2019,1476412.768444344
2019-2020,2025956.6763014686
2020-2021,1705319.118583585
