d_most_recent_category,total,percentage
1_facilities_and_construction,8283952.628758778,0.8828339702957028
2_professional_services,720475.5229220779,0.07678221917807784
3_information_technology,378936,0.0403838105262195
