d_fiscal_year,total
2017-2018,3588541.2802871238
2018-2019,4275267.024000206
2019-2020,1519555.8473935262
