d_fiscal_year,total
2017-2018,4520300.708914749
2018-2019,2461082.7101761596
2019-2020,96376.72663428175
2020-2021,98630.6495207108
