d_most_recent_category,total,percentage
6_industrial_products_and_services,3648178.40,0.5083583801507556
11_defence,3018091.17,0.42055836302076494
9_human_capital,498187.79,0.06942038194603774
1_facilities_and_construction,11933.44,0.0016628748824416685
