owner_org,d_fiscal_year,total
dnd-mdn,2017-2018,4520300.708914749
dnd-mdn,2018-2019,2461082.7101761596
dnd-mdn,2019-2020,96376.72663428175
dnd-mdn,2020-2021,98630.6495207108
