d_most_recent_category,total,percentage
11_defence,3877068.00,0.47947662482714737
6_industrial_products_and_services,3698852.51,0.4574367320171918
9_human_capital,498187.79,0.0616108357855196
1_facilities_and_construction,11933.44,0.0014758073701411894
