d_fiscal_year,total
2017-2018,116822581.743859
2018-2019,122240681.18093695
2019-2020,121140454.12374368
2020-2021,157456222.13003308
