d_fiscal_year,total
2017-2018,118582948.74485756
2018-2019,125237350.94553359
2019-2020,124830726.51191998
2020-2021,161028339.10612848
