d_fiscal_year,total
2017-2018,117803551.61509053
2018-2019,122647531.85547145
2019-2020,121782106.79502031
2020-2021,158196095.3799051
