d_fiscal_year,total
2017-2018,117820388.89926319
2018-2019,122670362.07129878
2019-2020,121782106.79502031
2020-2021,158196095.3799051
