d_fiscal_year,total
2017-2018,118890050.23400292
2018-2019,125556520.83467893
2019-2020,125234533.93752529
2020-2021,162201902.53170222
