d_most_recent_category,total,percentage
2_professional_services,232174948.27373186,0.4488852442897324
10_office_management,167634299.3375899,0.3241028542010264
3_information_technology,61547493.522455506,0.1189954466262024
1_facilities_and_construction,25431334.33868767,0.049168744570049924
8_security_and_protection,11024301.28,0.02131429859246488
6_industrial_products_and_services,9861009.003238242,0.01906519832683713
9_human_capital,8275822.759847831,0.01600041153825519
7_travel,1202398.9205790297,0.002324708747480721
5_transportation_and_logistics,74011.42131414686,1.430931079509146e-4
