d_most_recent_category,total,percentage
1_facilities_and_construction,13579860.199358473,0.9395525276324894
3_information_technology,873679.9700000001,0.06044747236751055
