d_fiscal_year,total
2017-2018,6653746.159847545
2018-2019,7670026.32441233
2019-2020,2550185.904574592
2020-2021,2270143.8150365725
