d_most_recent_category,total,percentage
1_facilities_and_construction,13246148.09387104,0.6919179574371785
3_information_technology,4796797.66,0.25056268551627675
2_professional_services,1101156.4500000002,0.05751935704654462
