d_most_recent_category,total,percentage
1_facilities_and_construction,20144595.18398368,0.7584460024714647
6_industrial_products_and_services,4796797.66,0.18059990665804104
2_professional_services,1101156.4500000002,0.04145864932853971
NA,517805.8510638298,0.019495441541954713
