d_most_recent_category,total,percentage
1_facilities_and_construction,13797999.59387104,0.7005499607342792
3_information_technology,4796797.66,0.24354228955449048
2_professional_services,1101156.4500000002,0.05590774971123023
