d_fiscal_year,total
2017-2018,9511713.416269494
2018-2019,12228312.009166852
2019-2020,2550185.904574592
2020-2021,2270143.8150365725
