d_fiscal_year,total
2019-2020,4061222.7395077487
2020-2021,5170132.362534184
