d_fiscal_year,total
2017-2018,15120997.293347945
2018-2019,4815976.304818445
2019-2020,4456284.4905520305
2020-2021,5407339.4727697
