d_most_recent_category,total,percentage
1_facilities_and_construction,28206874.244764354,0.946520424181582
2_professional_services,1593723.316723768,0.05347957581841804
