d_most_recent_category,total,percentage
1_facilities_and_construction,23938568.01817612,0.9522131398074941
2_professional_services,1201358.1363985827,0.04778686019250586
