d_most_recent_category,total,percentage
2_professional_services,3843774.6240854273,0.5244833384634896
8_security_and_protection,2940328.7671232875,0.40120808288232884
9_human_capital,300009.65,0.040936339455829134
10_office_management,127651.69777331996,0.017418083825508725
4_medical,80000,0.010916006056692944
1_facilities_and_construction,24352.4,0.003322886823687616
3_information_technology,12570.623237508555,0.0017152624924631056
