d_fiscal_year,total
2017-2018,462096.2519665199
2018-2019,545431.9681695946
2019-2020,766259.5231696522
2020-2021,2551691.251790489
