d_most_recent_category,total,percentage
2_professional_services,3805241.07,0.5192254326486662
8_security_and_protection,2940328.77,0.40120808288232884
9_human_capital,338543.20,0.04619424527065264
10_office_management,127651.70,0.017418083825508728
4_medical,80000.00,0.010916006056692946
1_facilities_and_construction,24352.40,0.0033228868236876165
3_information_technology,12570.62,0.0017152624924631058
