d_fiscal_year,total
2017-2018,507741.0712436284
2018-2019,562667.1488924862
2019-2020,1846588.2902929399
2020-2021,4411691.251790489
