d_fiscal_year,total
2017-2018,907123.1018226295
2018-2019,882217.8540966561
2019-2020,1328564.0607190132
2020-2021,1398763.8739323912
