d_most_recent_category,total,percentage
2_professional_services,2904978.817902748,0.6431684252895719
1_facilities_and_construction,1611690.072667942,0.3568315747104282
