d_most_recent_category,total,percentage
1_facilities_and_construction,4335291.040422172,0.97601576501846
2_professional_services,86985.72,0.019583329760304632
10_office_management,19548.05,0.004400905221235428
