d_fiscal_year,total
2017-2018,173401.50042217268
2018-2019,1007846.8241501104
2019-2020,2675427.8058498898
2020-2021,585148.68
