d_fiscal_year,total
2017-2018,1447180.9878883203
2018-2019,1459096.7096595503
2019-2020,1446696.080898732
2020-2021,1403159.0815533982
