d_most_recent_category,d_fiscal_year,total
2_professional_services,2017-2018,325160.5240048251
2_professional_services,2018-2019,55937.628106151984
2_professional_services,2019-2020,39692.72788902292
3_information_technology,2017-2018,187862.5
4_medical,2017-2018,934157.9638834953
4_medical,2018-2019,1403159.0815533982
4_medical,2019-2020,1407003.353009709
4_medical,2020-2021,1403159.0815533982
