d_most_recent_category,total,percentage
1_facilities_and_construction,8446014.923488373,0.988158760989312
2_professional_services,77485.23,0.009065542692665273
3_information_technology,23724.5,0.0027756963180226384
