d_fiscal_year,total
2017-2018,253607.60951725295
2018-2019,3020523.2874197084
2019-2020,2398151.1315062847
2020-2021,2874942.6250451263
