d_most_recent_category,total,percentage
1_facilities_and_construction,8446014.923488373,0.9838436374520187
2_professional_services,77485.23,0.009025954988547472
3_information_technology,61212.5,0.0071304075594337425
