d_fiscal_year,total
2017-2018,85625236.97458789
2018-2019,129213049.55467828
2019-2020,150788426.61112204
2020-2021,150741342.67432734
