d_most_recent_category,total,percentage
2_professional_services,170376669.8593281,0.38656334097005973
4_medical,159157272.10820517,0.36110793160017995
3_information_technology,90212423.46952096,0.20468069860842258
10_office_management,7601036.006753899,0.01724579941626109
8_security_and_protection,4862626.706114584,0.011032691429864664
1_facilities_and_construction,3919234.159408053,0.008892251808628791
6_industrial_products_and_services,2394991.039022025,0.005433934930187982
9_human_capital,1993439.660332153,0.00452286510680399
5_transportation_and_logistics,229402.75,5.204861295912002e-4
