d_fiscal_year,total
2017-2018,66897538.88690673
2018-2019,110494016.57424115
2019-2020,132019852.09462035
2020-2021,132024048.41606747
