d_most_recent_category,total,percentage
2_professional_services,170318939.8593281,0.38576671909645616
4_medical,159157272.10820517,0.3604859138521791
3_information_technology,90212423.46952096,0.20432813081340492
10_office_management,7601036.006753899,0.017216093080906332
8_security_and_protection,5680864.773407228,0.012866969269994049
1_facilities_and_construction,3919234.354455354,0.008876935116770306
6_industrial_products_and_services,2394991.039022025,0.0054245748367857645
9_human_capital,1993439.660332153,0.004515074354726684
5_transportation_and_logistics,229402.75,5.195895787767127e-4
