d_most_recent_category,total,percentage
4_medical,234119373.22081387,0.45339631409116676
2_professional_services,170289438.58959922,0.3297830620465471
3_information_technology,90212423.46952096,0.1747056628574468
10_office_management,7601036.006753899,0.0147201902231561
8_security_and_protection,5646274.663407228,0.010934593261193597
1_facilities_and_construction,3919234.354455354,0.007590001570239782
6_industrial_products_and_services,2394991.039022025,0.004638147174389506
9_human_capital,1955881.721142964,0.0037877666891245076
5_transportation_and_logistics,229402.75,4.4426208673588996e-4
