d_most_recent_category,total,percentage
4_medical,234119373.22081387,0.45339631409116676
2_professional_services,170755585.87470713,0.3306858043441364
3_information_technology,89381546.31952097,0.17309658355704535
10_office_management,6860574.905618611,0.013286210927192482
8_security_and_protection,5666738.493407228,0.010974223578695931
1_facilities_and_construction,5030732.330482729,0.00974253204440646
6_industrial_products_and_services,2445925.199022025,0.004736786428747788
9_human_capital,1878176.721142964,0.00363728294187295
5_transportation_and_logistics,229402.75,4.4426208673588996e-4
