d_fiscal_year,total
2017-2018,74157100.67541791
2018-2019,407759520.12777567
2019-2020,216835211.36237592
2020-2021,139127469.37301096
