d_fiscal_year,total
2017-2018,66932128.99690673
2018-2019,110494016.57424115
2019-2020,131639208.55113563
2020-2021,131624011.63640143
