d_most_recent_category,total,percentage
2_professional_services,170318939.8593281,0.3864829811949496
4_medical,159157272.10820517,0.361155236487729
3_information_technology,90212423.46952096,0.20470751163739215
10_office_management,7601036.006753899,0.01724805860397393
8_security_and_protection,4862626.706114584,0.011034136704758352
1_facilities_and_construction,3919234.159408053,0.008893416687422787
6_industrial_products_and_services,2394991.039022025,0.005434646771879418
9_human_capital,1993439.660332153,0.0045234575989830704
5_transportation_and_logistics,229402.75,5.205543129116884e-4
