d_most_recent_category,total,percentage
6_industrial_products_and_services,5106879.023467153,0.8515070776764764
3_information_technology,876333.8547368421,0.14611751644927715
1_facilities_and_construction,14246.400000000001,0.0023754058742465095
