d_most_recent_category,total,percentage
6_industrial_products_and_services,5404634.743467154,0.9011540542023706
11_defence,578578.134736842,0.09647053992338293
1_facilities_and_construction,14246.400000000001,0.002375405874246509
