d_most_recent_category,total,percentage
6_industrial_products_and_services,5559445.98,0.9269668580612673
11_defence,423766.89,0.07065773606448625
1_facilities_and_construction,14246.40,0.0023754058742465095
