d_most_recent_category,total,percentage
6_industrial_products_and_services,5530645.918203996,0.9221648137409626
3_information_technology,452566.96,0.07545978038479088
1_facilities_and_construction,14246.400000000001,0.002375405874246509
