d_fiscal_year,total
2017-2018,118266.35052631579
2018-2019,1575210.254194199
2019-2020,2394358.042756435
2020-2021,1909624.6307270457
