d_most_recent_category,total,percentage
2_professional_services,12259041.57,0.9972629459181435
NA,20679.00,0.0016822196372115912
9_human_capital,12966.75,0.0010548344446449731
