d_fiscal_year,total
2017-2018,1997705.308676468
2018-2019,2252083.8211834286
2019-2020,2898983.7067998024
2020-2021,2142191.0781984287
