d_most_recent_category,total,percentage
2_professional_services,9257318.164858129,0.9963786588444076
NA,20679,0.0022257109369384267
9_human_capital,12966.75,0.0013956302186540134
