d_fiscal_year,total
2017-2018,2084966.85
2018-2019,1474133.676780665
2019-2020,1154391.403219335
2020-2021,17515
