owner_org,d_fiscal_year,total
ocol-clo,2017-2018,41390.979999999996
rcmp-grc,2017-2018,2295165.6866666665
rcmp-grc,2018-2019,2295165.6866666665
rcmp-grc,2019-2020,1175879.4065936073
