d_fiscal_year,total
2017-2018,25520856.210908066
2018-2019,26670375.061634347
2019-2020,35135133.84838468
2020-2021,41058706.27161772
