d_most_recent_category,total,percentage
3_information_technology,125474700.02929714,0.9773309207084596
6_industrial_products_and_services,1903114.1184536053,0.01482348452052282
10_office_management,368354.57,0.0028691386467647353
9_human_capital,305877.58,0.0023825011481651286
1_facilities_and_construction,254038.464630137,0.0019787227741876593
NA,28122.420000000002,2.1904743047588507e-4
4_medical,21322.82,1.6608488641801849e-4
8_security_and_protection,18191.310163934428,1.4169334461257914e-4
5_transportation_and_logistics,11350.08,8.840654039359818e-5
