d_fiscal_year,total
2017-2018,26684516.333942164
2018-2019,26913689.110803343
2019-2020,35738974.48750949
2020-2021,41001097.940251596
