d_most_recent_category,total,percentage
3_information_technology,125970854.66679537,0.9821110055449825
10_office_management,1257198.4451586003,0.009801540462754025
6_industrial_products_and_services,398437.7945945946,0.0031063545939374174
9_human_capital,305877.58,0.002384724136881241
1_facilities_and_construction,254038.464630137,0.0019805690181664806
NA,28122.420000000002,2.1925181231495213e-4
4_medical,21322.82,1.6623985164383105e-4
8_security_and_protection,18191.310163934428,1.4182555135105841e-4
5_transportation_and_logistics,11350.08,8.848902796842135e-5
