d_most_recent_category,total,percentage
3_information_technology,125979931.46809496,0.9665612705986889
NA,2884155.965022982,0.02212823440742547
6_industrial_products_and_services,495055.6145945946,0.0037982365785041647
10_office_management,368354.57,0.0028261426805125853
9_human_capital,305877.58,0.0023467977710983816
1_facilities_and_construction,254038.464630137,0.0019490702867704802
4_medical,21322.82,1.6359599304248447e-4
8_security_and_protection,18191.310163934428,1.3956997484444806e-4
5_transportation_and_logistics,11350.08,8.708170911313055e-5
