d_fiscal_year,total
2017-2018,2719449.1520491843
2018-2019,2753197.4555419455
2019-2020,6800027.816936855
2020-2021,3261462.095533757
