d_fiscal_year,total
2017-2018,21711458.406495135
2018-2019,25733019.830066647
2019-2020,27242547.75072721
2020-2021,20308190.270194475
