owner_org,d_fiscal_year,total
pc,2017-2018,23810973.862592693
pc,2018-2019,26676741.423969086
pc,2019-2020,27242547.75072721
pc,2020-2021,20308190.270194475
