d_fiscal_year,total
2017-2018,13604606.641190343
2018-2019,13445623.419532057
2019-2020,14046741.369224079
2020-2021,13111207.773699468
