d_most_recent_category,total,percentage
3_information_technology,53240578.61364595,0.9821502842520318
11_defence,967600.59,0.017849715747968172
