d_most_recent_category,total,percentage
1_facilities_and_construction,28348177.843577683,0.9938042066651065
NA,176734.46153846156,0.0061957933348935484
