d_fiscal_year,total
2017-2018,2035991.8305330167
2018-2019,5714553.378558995
2019-2020,11621912.284390433
2020-2021,9152454.8116337
