owner_org,d_fiscal_year,total
dnd-mdn,2020-2021,2995532.450331126
pwgsc-tpsgc,2020-2021,1098130.3374460433
