d_fiscal_year,total
2017-2018,44708.991318407956
2018-2019,847309.998681592
2019-2020,1050066.8832869863
2020-2021,2460008.1082777358
