d_most_recent_category,total,percentage
2_professional_services,187994542.44,0.5777723499741274
1_facilities_and_construction,137370185.20,0.422186163967774
10_office_management,13498.66,4.148605809856803e-5
