d_most_recent_category,total,percentage
2_professional_services,167964808.12291077,0.6226352737368559
NA,101765273.61296184,0.3772376469870163
1_facilities_and_construction,20782.8,7.704056886457557e-5
10_office_management,13498.66,5.0038707263193206e-5
