d_fiscal_year,total
2017-2018,67825382.68030408
2018-2019,67900972.44036548
2019-2020,67471988.60239169
2020-2021,67250439.41251904
