d_most_recent_category,total,percentage
2_professional_services,167964808.12291077,0.6226352737368559
1_facilities_and_construction,101786056.41296184,0.3773146875558809
10_office_management,13498.66,5.0038707263193206e-5
