d_most_recent_category,total,percentage
1_facilities_and_construction,7058401.568194201,0.5021558737077328
2_professional_services,6531932.226967179,0.46470126454870403
10_office_management,465862.57286590163,0.033142861743563075
