d_most_recent_category,total,percentage
2_professional_services,6531932.226967179,0.5995082343105433
1_facilities_and_construction,3897688.9535788167,0.35773436423676586
10_office_management,465862.57286590163,0.042757401452690684
