d_fiscal_year,total
2017-2018,1451386.2826972634
2018-2019,2107268.2012586696
2019-2020,3587728.521075298
2020-2021,6789429.966082973
