d_fiscal_year,total
2017-2018,139178.3577779064
2018-2019,6253774.487254882
2019-2020,10714554.070848376
2020-2021,2066529.6046251825
