d_most_recent_category,total,percentage
6_industrial_products_and_services,161336169.40,0.9315130276457756
11_defence,7341074.81,0.04238545419538486
1_facilities_and_construction,4505821.26,0.026015438572387254
10_office_management,14908.81,8.60795864522713e-5
