d_fiscal_year,total
2017-2018,38402951.56835748
2018-2019,37343388.18005013
2019-2020,34799627.67099262
2020-2021,35082725.08830435
