owner_org,d_fiscal_year,total
aafc-aac,2017-2018,174123.6
csc-scc,2018-2019,492093
dfo-mpo,2017-2018,516379.4077216904
dfo-mpo,2018-2019,669967.8113371519
dfo-mpo,2019-2020,641451.8138405614
dfo-mpo,2020-2021,326051.49293536216
dnd-mdn,2019-2020,461690.5537804878
dnd-mdn,2020-2021,1008547.3262195121
hc-sc,2017-2018,116955
pwgsc-tpsgc,2019-2020,56909.520000000004
pwgsc-tpsgc,2020-2021,22812.440000000002
