d_most_recent_category,total,percentage
3_information_technology,25015710.05,0.906237887643813
5_transportation_and_logistics,2169074.85,0.07857853350991445
11_defence,215445.22,0.007804880241602032
1_facilities_and_construction,137655.00,0.004986793346622997
6_industrial_products_and_services,55983.06,0.002028084349508525
10_office_management,10042.88,3.63820908538979e-4
