d_most_recent_category,total,percentage
3_information_technology,19161585.14,0.892352261435404
5_transportation_and_logistics,1961290.19,0.0913370018125234
11_defence,156604.31,0.007293040172866503
1_facilities_and_construction,137655.00,0.00641057353399749
6_industrial_products_and_services,55983.06,0.0026071230452086266
