d_fiscal_year,total
2017-2018,3182671.193846154
2018-2019,5953160.784619415
2019-2020,6927951.031643653
2020-2021,5409334.686765778
