d_most_recent_category,total,percentage
3_information_technology,19339651.876875002,0.8997455062029492
5_transportation_and_logistics,1961290.19,0.09124580142636836
1_facilities_and_construction,137655,0.006404172548962138
6_industrial_products_and_services,55983.06,0.002604519821720245
