d_most_recent_category,total,percentage
5_transportation_and_logistics,3259753.314637733,0.5171097736946996
7_travel,3001000,0.4760625363549189
6_industrial_products_and_services,33034.4786440678,0.005240412426010437
10_office_management,10005.869999999999,0.0015872775243710737
