d_most_recent_category,total,percentage
10_office_management,30868264.050125618,0.8562987478190739
2_professional_services,4599718.729063773,0.12759815004890832
6_industrial_products_and_services,532580.27550931,0.014774002914164641
1_facilities_and_construction,47912,0.0013290992178531826
