d_most_recent_category,total,percentage
10_office_management,36245088.22,0.8733449615007878
2_professional_services,4626305.16,0.11147331951669222
6_industrial_products_and_services,582151.45,0.014027253485208748
1_facilities_and_construction,47912.00,0.0011544654973111882
