d_fiscal_year,total
2017-2018,16871685.139013544
2018-2019,7176561.3222693
2019-2020,6193048.511759476
2020-2021,5807180.081656382
