d_most_recent_category,total,percentage
10_office_management,30759689.67,0.8573611873261957
2_professional_services,4599718.73,0.1282074154145802
6_industrial_products_and_services,469845.64,0.013095951757191537
1_facilities_and_construction,47912.00,0.0013354455020326097
