d_fiscal_year,total
2017-2018,2859178.357972545
2018-2019,2859178.357972545
2019-2020,2867011.7233368536
2020-2021,2859178.357972545
