d_fiscal_year,total
2017-2018,112163169.85217747
2018-2019,111103484.45363566
2019-2020,103023187.93217793
2020-2021,383509430.572258
