d_most_recent_category,total,percentage
4_medical,282500000,0.3979998442116196
NA,273991937.5440375,0.3860132688770504
3_information_technology,120852907.26203898,0.17026349827544363
5_transportation_and_logistics,22745595.93418532,0.03204511022409276
9_human_capital,6507664.951781209,0.009168317299080842
2_professional_services,2051583.9440599454,0.002890372000435109
1_facilities_and_construction,1149583.1741460897,0.0016195891122776738
