d_most_recent_category,total,percentage
4_medical,282500000,0.3979998442116196
11_defence,254841384.5360656,0.3590330313062922
3_information_technology,120964811.37162802,0.17042115426901203
5_transportation_and_logistics,40635643.98687085,0.05724948664146348
9_human_capital,7656265.797478538,0.010786522458899857
2_professional_services,2051583.9440599454,0.002890372000435109
1_facilities_and_construction,1149583.1741460897,0.0016195891122776738
