d_fiscal_year,total
2017-2018,155772143.1426954
2018-2019,142145217.33067733
2019-2020,132484353.36538951
2020-2021,412869989.0171278
