d_fiscal_year,total
2017-2018,126629092.41956954
2018-2019,113002166.60755149
2019-2020,103261458.66767974
2020-2021,383726938.29400194
