d_fiscal_year,total
2017-2018,1335636.9896811286
2018-2019,1319995.381131087
2019-2020,1894274.7084741837
2020-2021,2040830.0071880198
