d_most_recent_category,total,percentage
3_information_technology,4702925.38,0.8119948286270857
2_professional_services,428060.47,0.07390780422391588
9_human_capital,365690.26,0.06313912644788924
1_facilities_and_construction,157837.68,0.02725184213482054
11_defence,94532.55,0.016321743510181026
6_industrial_products_and_services,30771.42,0.005312913114943526
8_security_and_protection,11999.15,0.002071741941164061
