d_most_recent_category,total,percentage
10_office_management,83246212.69282795,0.7995260345886709
6_industrial_products_and_services,14535059.45,0.1395998456704602
1_facilities_and_construction,4399913.496835519,0.04225832355447389
3_information_technology,1499388.8984210526,0.014400660660495631
NA,176331.29,0.0016935480006497782
5_transportation_and_logistics,144829.22,0.0013909909918237815
2_professional_services,105429.76,0.0010125846595745198
8_security_and_protection,12287.33165137615,1.1801187385125358e-4
