d_fiscal_year,total
2017-2018,24407148.569888834
2018-2019,32135237.166966096
2019-2020,28760658.63452232
2020-2021,18853792.718358666
