d_fiscal_year,total
2017-2018,24372163.161234986
2018-2019,32132837.62561994
2019-2020,28745434.56452232
2020-2021,18853792.718358666
