d_most_recent_category,total,percentage
10_office_management,83212628.99282795,0.8021092237141371
6_industrial_products_and_services,15406778.438421054,0.14851013893867887
1_facilities_and_construction,4399913.496835519,0.042411966093034666
3_information_technology,284068.15,0.002738210365857443
NA,176331.29,0.0016997053914809344
5_transportation_and_logistics,144829.22,0.0013960483478455716
2_professional_services,105429.76,0.0010162662083090354
8_security_and_protection,12287.33165137615,1.1844094065641086e-4
