d_most_recent_category,total,percentage
10_office_management,101629702.60,0.8166296406669532
6_industrial_products_and_services,17252866.38,0.13863271966182636
1_facilities_and_construction,4781494.12,0.038420950980595184
3_information_technology,259852.55,0.002088004678786693
NA,176331.29,0.0014168826072189528
5_transportation_and_logistics,144829.22,0.0011637526319638863
2_professional_services,105429.76,8.471644098291826e-4
8_security_and_protection,75454.60,6.063036819764842e-4
11_defence,24215.60,1.9458068085007074e-4
