d_most_recent_category,total,percentage
1_facilities_and_construction,38900335.37,0.9242985740300023
6_industrial_products_and_services,2935811.23,0.0697568827523569
2_professional_services,206527.82,0.004907242256457978
3_information_technology,43656.19,0.0010373009611827962
