owner_org,d_fiscal_year,total
dnd-mdn,2018-2019,6149274.330592104
dnd-mdn,2019-2020,9135906.009605262
dnd-mdn,2020-2021,6183154.62993421
nrc-cnrc,2017-2018,202075.54
nrc-cnrc,2019-2020,166617.34
nrc-cnrc,2020-2021,16124.0338630137
