d_fiscal_year,total
2017-2018,202075.54
2018-2019,6172507.510592105
2019-2020,9318093.85011159
2020-2021,12944884.451623077
