d_most_recent_category,total,percentage
1_facilities_and_construction,25464476.95846376,0.8891985125819659
11_defence,2935811.23,0.10251610442246921
2_professional_services,206527.82,0.007211780970421904
3_information_technology,30745.3438630137,0.0010736020251429568
