d_fiscal_year,total
2017-2018,202075.54
2018-2019,6149274.330592104
2019-2020,9302523.349605262
2020-2021,6199278.663797224
