d_fiscal_year,total
2017-2018,75894909.53419442
2018-2019,64795278.62008787
2019-2020,58874109.20281865
2020-2021,41928006.32863481
