d_fiscal_year,total
2017-2018,75883724.25379059
2018-2019,64774711.722306035
2019-2020,58775213.275290176
2020-2021,41554792.82778126
