d_most_recent_category,total,percentage
1_facilities_and_construction,4573667.102308654,0.6243848378992544
11_defence,1711198.2471311474,0.23360822207832946
6_industrial_products_and_services,439294.73000000004,0.05997134523467911
5_transportation_and_logistics,342917.86,0.04681423191486352
3_information_technology,227314.63999999998,0.03103238855685065
10_office_management,30684.559999999998,0.004188974316022924
