d_most_recent_category,total,percentage
5_transportation_and_logistics,5739328.259439802,0.817661484865326
6_industrial_products_and_services,847192.8200000001,0.12069651845215364
3_information_technology,366478.9,0.05221093270853614
1_facilities_and_construction,66198.51,0.009431063973984194
