d_most_recent_category,total,percentage
1_facilities_and_construction,4573667.102308654,0.6243848378992544
2_professional_services,1496506.5141803278,0.2042990791349913
11_defence,923064.3229508196,0.1260142801747222
3_information_technology,227314.63999999998,0.03103238855685065
5_transportation_and_logistics,73840,0.010080439918158601
10_office_management,30684.559999999998,0.004188974316022924
