d_most_recent_category,total,percentage
5_transportation_and_logistics,4442488.362308655,0.6064766660803249
11_defence,1711198.2471311474,0.23360822207832943
6_industrial_products_and_services,847192.8200000001,0.11565650489037588
3_information_technology,257999.2,0.03522136287287357
1_facilities_and_construction,66198.51,0.00903724407809617
