d_fiscal_year,total
2017-2018,3763796.4478698615
2018-2019,302688.6841746861
2019-2020,1347446.7568967913
2020-2021,1605266.600498463
