d_fiscal_year,total
2017-2018,1494991.0209922986
2018-2019,1718183.9572411126
2019-2020,2498127.6870842194
2020-2021,1586670.0121553815
