d_fiscal_year,total
2017-2018,1090802.272387092
2018-2019,1180387.7904506552
2019-2020,1410490.050759826
2020-2021,1419364.268352424
