d_most_recent_category,total,percentage
3_information_technology,4376868.35909049,0.5946172311536423
11_defence,2569514.259143487,0.34908005652223784
2_professional_services,400873.32097876124,0.054460441714835724
1_facilities_and_construction,10628.08,0.0014438724182677084
NA,2932.5360000000005,3.98398191016356e-4
