d_most_recent_category,total,percentage
3_information_technology,6875739.738233977,0.9341001350406916
2_professional_services,367647.3009787613,0.049946537618629154
6_industrial_products_and_services,103868.9,0.014111056731395209
1_facilities_and_construction,10628.08,0.0014438724182677086
NA,2932.5360000000005,3.9839819101635606e-4
