d_most_recent_category,total,percentage
5_transportation_and_logistics,884705257.80,0.7393933641444
11_defence,311823275.86,0.26060663585559996
