owner_org,d_fiscal_year,total
dfo-mpo,2017-2018,2509609.774025974
dfo-mpo,2018-2019,323883029.808828
dfo-mpo,2019-2020,512535868.1537491
dfo-mpo,2020-2021,19277953.163711496
dnd-mdn,2019-2020,82125000
dnd-mdn,2020-2021,114849137.93103448
tc,2019-2020,1130000
tc,2020-2021,2826294.595525813
