d_most_recent_category,total,percentage
5_transportation_and_logistics,862162755.50,0.8140239102674276
11_defence,196974137.93,0.18597608973257243
