d_most_recent_category,total,percentage
5_transportation_and_logistics,862162755.4958403,0.8140239102674276
11_defence,196974137.93103448,0.18597608973257243
