d_fiscal_year,total
2017-2018,413900.22966546076
2018-2019,3803119.290273556
2019-2020,975411.2097264436
2020-2021,360053.3171641791
