d_fiscal_year,total
2017-2018,7715301.701166113
2018-2019,3946776.9643477704
2019-2020,3702028.7504428565
2020-2021,3057595.4189938586
