d_fiscal_year,total
2017-2018,12467337.581122914
2018-2019,11923083.20111475
2019-2020,15502265.568280816
2020-2021,9287711.663202588
