d_most_recent_category,total,percentage
3_information_technology,20840589.019400213,0.9924621416858649
6_industrial_products_and_services,79886.5487891664,0.003804325071109252
10_office_management,78400,0.0037335332430259273
