d_most_recent_category,total,percentage
11_defence,17902255.10,0.6629146548981322
3_information_technology,8619519.67,0.319177995959175
10_office_management,481955.54,0.017846655952164732
9_human_capital,1639.04,6.069319052816398e-5
