d_fiscal_year,total
2017-2018,1431065.1707013124
2018-2019,5648920.647919844
2019-2020,3145487.133559293
2020-2021,10492835.966008931
