d_fiscal_year,total
2017-2018,1095842.0133333334
2018-2019,1095842.0133333334
2019-2020,1243946.2301277372
2020-2021,1240547.4699361313
