d_fiscal_year,total
2017-2018,970374.4231378763
2018-2019,1002262.0240130158
2019-2020,1655366.556176054
2020-2021,1734405.4190477873
