d_most_recent_category,total,percentage
3_information_technology,3545401.2600000002,0.6611583789863447
1_facilities_and_construction,1665411.612374733,0.3105715718007933
2_professional_services,151595.55000000002,0.02827004921286212
