d_most_recent_category,total,percentage
4_medical,5020346.34,0.975069224099197
2_professional_services,128361.28,0.02493077590080298
