d_most_recent_category,total,percentage
4_medical,6262582.08,0.9781696330221683
2_professional_services,139765.60,0.021830366977831715
