d_fiscal_year,total
2017-2018,1318341.9374176762
2018-2019,1274158.3523680097
2019-2020,1279852.0950664133
2020-2021,1276355.2314186909
