d_fiscal_year,total
2017-2018,235252807.4022256
2018-2019,235089145.73638967
2019-2020,245116571.34022027
2020-2021,296433247.4191576
