d_fiscal_year,total
2017-2018,235252807.4022256
2018-2019,235100985.38758966
2019-2020,245161267.39484948
2020-2021,296544451.5486048
