d_fiscal_year,total
2017-2018,235534195.99175802
2018-2019,235382373.97712207
2019-2020,245443426.91202447
2020-2021,296777950.7145647
