d_fiscal_year,total
2017-2018,235534195.99175802
2018-2019,235370534.32592207
2019-2020,245398730.85739523
2020-2021,296666746.5851175
