owner_org,d_fiscal_year,total
phac-aspc,2019-2020,2014169.5945945946
phac-aspc,2020-2021,147034380.4054054
