d_fiscal_year,total
2017-2018,146803.50808510638
2018-2019,1062760.7223860591
2019-2020,1788128.027613941
2020-2021,1879100.36
