d_fiscal_year,total
2017-2018,20593860.03360231
2018-2019,19749039.60228888
2019-2020,18047922.852256812
2020-2021,20207964.886762157
