d_fiscal_year,total
2017-2018,20581431.183602307
2018-2019,19737232.35228888
2019-2020,18047922.852256812
2020-2021,20382079.64086052
