owner_org,d_fiscal_year,total
cbsa-asfc,2018-2019,780390.5684615385
cbsa-asfc,2019-2020,1009268.3676923078
cbsa-asfc,2020-2021,1006510.803846154
cfia-acia,2017-2018,13703.267360350494
cfia-acia,2018-2019,13703.267360350494
cfia-acia,2019-2020,13740.81055859803
cfia-acia,2020-2021,13703.267360350494
dnd-mdn,2020-2021,1964137.8994990168
pc,2019-2020,95519.9476839237
pc,2020-2021,4070.452316076294
