d_most_recent_category,total,percentage
8_security_and_protection,2950610.75263965,0.600358423488388
1_facilities_and_construction,1964137.8994990168,0.3996415765116119
