owner_org,d_fiscal_year,total
pwgsc-tpsgc,2018-2019,2089759.0402219484
pwgsc-tpsgc,2019-2020,4750632.352305796
pwgsc-tpsgc,2020-2021,4737652.482490753
