owner_org,d_fiscal_year,total
pc,2017-2018,7440916.116158588
pc,2018-2019,8608650.040688489
pc,2019-2020,3673350.684833958
