owner_org,d_fiscal_year,total
aafc-aac,2017-2018,49296.25
dnd-mdn,2017-2018,338915.5876494024
dnd-mdn,2018-2019,2939316.7689225026
dnd-mdn,2019-2020,3013290.28178113
dnd-mdn,2020-2021,3005057.248224351
esdc-edsc,2018-2019,37800
esdc-edsc,2019-2020,169972.70572351367
esdc-edsc,2020-2021,764852.1238255835
lac-bac,2018-2019,342776.4994406652
lac-bac,2019-2020,552670.4792743764
lac-bac,2020-2021,551160.4506424792
tc,2019-2020,39324
