d_most_recent_category,total,percentage
3_information_technology,14830387.628129309,0.9331552918501023
2_professional_services,1023021.0795490972,0.06437036967562132
9_human_capital,39324,0.0024743384742764237
