d_fiscal_year,total
2017-2018,420168.6955261147
2018-2019,3364583.893363168
2019-2020,4044661.310007495
2020-2021,5018699.960184776
