d_most_recent_category,total,percentage
11_defence,12341198.74,0.7705221261338463
3_information_technology,2489188.89,0.1554123841051181
2_professional_services,1146958.52,0.07161029778671563
9_human_capital,39324.00,0.0024551919743199552
