d_most_recent_category,total,percentage
3_information_technology,11785768.779532457,0.9173150945577752
2_professional_services,1023021.0795490972,0.07962422272791314
9_human_capital,39324,0.003060682714311739
