d_fiscal_year,total
2017-2018,388211.8376494024
2018-2019,3319893.268363168
2019-2020,3775257.46677902
2020-2021,4321069.822692414
