d_most_recent_category,total,percentage
3_information_technology,10831468.565934906,0.9175763986821323
2_professional_services,933639.8295490972,0.07909231026697039
9_human_capital,39324,0.0033312910508974665
