d_most_recent_category,total,percentage
10_office_management,4910611.356319085,0.5564106651075956
2_professional_services,3169251.573380153,0.3591009851693019
3_information_technology,565084.0598653019,0.06402844264731965
1_facilities_and_construction,180569.24199349122,0.020459907075782928
