d_fiscal_year,total
2017-2018,1253922.4153032496
2018-2019,1652918.922103049
2019-2020,2886751.553672811
2020-2021,3010546.030124054
