owner_org,d_fiscal_year,total
pc,2017-2018,2266778.8300528405
pc,2018-2019,5241877.619252841
pc,2019-2020,6320893.111811889
pc,2020-2021,5266493.967891678
