d_fiscal_year,total
2017-2018,3470941.5124107674
2018-2019,4233614.9416523175
2019-2020,4763702.343039215
2020-2021,7441221.026379897
