d_fiscal_year,total
2017-2018,4027990.5990446894
2018-2019,4040679.168414305
2019-2020,3511991.613095032
2020-2021,4300115.825097293
