d_most_recent_category,total,percentage
2_professional_services,8396920.173674315,0.982939435905348
9_human_capital,143846.26410094637,0.01683857447350315
10_office_management,1896.3824830699773,2.2198962114867014e-4
