d_most_recent_category,total,percentage
2_professional_services,8263986.17,0.9673782458177849
9_human_capital,251830.26,0.02947912956411535
4_medical,24950.00,0.0029206349969511628
1_facilities_and_construction,1896.38,2.219896211486702e-4
