d_most_recent_category,d_fiscal_year,total
11_defence,2017-2018,258852.5947176685
11_defence,2018-2019,3779247.88287796
11_defence,2019-2020,3789601.986666667
11_defence,2020-2021,3541103.495737705
