d_most_recent_category,total,percentage
10_office_management,6562895.852963723,0.6433394332205378
3_information_technology,3619897.848855236,0.3548468667756024
2_professional_services,18502.090217391302,0.001813700003859801
