d_most_recent_category,total,percentage
10_office_management,6524812.5929637235,0.6396062545365387
3_information_technology,3619897.848855236,0.3548468667756024
2_professional_services,38083.259999999995,0.003733178683999117
9_human_capital,18502.090217391302,0.001813700003859801
