d_fiscal_year,total
2017-2018,2913742.3157732803
2018-2019,4688392.780221597
2019-2020,2572086.669841719
2020-2021,27074.026199753956
