owner_org,d_fiscal_year,total
cra-arc,2017-2018,244881.65990690037
cra-arc,2018-2019,1505509.0735213584
cra-arc,2019-2020,1509633.7559145675
cra-arc,2020-2021,1505509.0735213584
