d_fiscal_year,total
2017-2018,244881.65990690037
2018-2019,1505509.0735213584
2019-2020,1509633.7559145675
2020-2021,1505509.0735213584
