d_most_recent_category,total,percentage
3_information_technology,82068933.93426254,0.5487129606399898
2_professional_services,56555867.11984464,0.3781325746688665
NA,10692033.927659476,0.07148694774576479
7_travel,205938.72,0.001376906453447101
9_human_capital,43465.518356164386,2.9061049193190175e-4
