d_most_recent_category,total,percentage
10_office_management,66092004.47409397,0.4530651928659058
2_professional_services,51388785.973300084,0.3522736284577958
3_information_technology,27279459.12169409,0.18700255055953735
11_defence,911282.5800000001,0.006246904162588573
7_travel,205938.72,0.0014117239541725495
