d_most_recent_category,total,percentage
3_information_technology,89207524.52794494,0.6115236574673044
2_professional_services,55258178.11278705,0.3787985751574777
11_defence,1162363.99,0.00796808433183707
7_travel,205938.72,0.0014117239541725495
9_human_capital,43465.518356164386,2.9795908920830387e-4
