d_fiscal_year,total
2017-2018,36794918.120733604
2018-2019,43800865.418769464
2019-2020,40759479.691192314
2020-2021,25924496.793283276
