d_fiscal_year,total
2017-2018,36299379.76659683
2018-2019,43121214.14737378
2019-2020,40532520.6987573
2020-2021,25924496.793283276
