owner_org,d_fiscal_year,total
dnd-mdn,2017-2018,3187304.835875
dnd-mdn,2018-2019,1342079.538125
dnd-mdn,2019-2020,992222.74
dnd-mdn,2020-2021,789184.04
