d_fiscal_year,total
2017-2018,3187304.835875
2018-2019,1342079.538125
2019-2020,992222.74
2020-2021,789184.04
