d_most_recent_category,total,percentage
6_industrial_products_and_services,16927430.2653541,0.728028473209872
4_medical,6323625,0.27197152679012804
