d_fiscal_year,total
2017-2018,4667290.712424322
2018-2019,11476008.01184925
2019-2020,4030674.797759338
2020-2021,3077081.7433211906
