d_most_recent_category,total,percentage
6_industrial_products_and_services,11947006.490704207,0.5138264201068836
4_medical,6323625,0.271971526790128
5_transportation_and_logistics,4980423.774649896,0.21420205310298832
