d_most_recent_category,total,percentage
NA,15075663.565100078,0.6039780625961396
4_medical,6323625,0.25334412376555043
6_industrial_products_and_services,3561325.898774385,0.14267781363830997
