d_most_recent_category,total,percentage
5_transportation_and_logistics,36776974.17708131,0.8609751452778618
2_professional_services,4195813.93,0.09822699090323368
6_industrial_products_and_services,966626.1314930556,0.022629405833779752
1_facilities_and_construction,384381.12,0.008998635641980142
NA,373497.5636166757,0.008743843839556334
11_defence,18195.88,4.259785035882971e-4
