category,total,percentage
5_transportation_and_logistics,36776974.17708131,0.8593766580021244
2_professional_services,4195813.93,0.09804462257825479
6_industrial_products_and_services,966626.1314930556,0.022587392057329656
1_facilities_and_construction,463834.25,0.010838529720053119
NA,373497.5636166757,0.008727610010745799
11_defence,18195.88,4.251876314923276e-4
