d_most_recent_category,total,percentage
5_transportation_and_logistics,31185220.015638117,0.8482264661826822
2_professional_services,4210781.97076923,0.11453171435507827
6_industrial_products_and_services,934392.4314930557,0.025415129019316002
1_facilities_and_construction,384381.12,0.01045502449305936
3_information_technology,32233.699999999997,8.767447345018596e-4
11_defence,18195.88,4.94921215362422e-4
