d_most_recent_category,total,percentage
5_transportation_and_logistics,33625587.94,0.7121005763754908
2_professional_services,4304389.81,0.0911555351762297
11_defence,3954828.00,0.08375274513379989
6_industrial_products_and_services,2683072.00,0.05682033339735024
1_facilities_and_construction,2652401.32,0.05617080991712926
