d_fiscal_year,total
2017-2018,9911960.916834632
2018-2019,13080936.42183791
2019-2020,12991229.07377686
2020-2021,12761.607139945652
