d_fiscal_year,total
2017-2018,1164409.1276113205
2018-2019,2491162.5965776886
2019-2020,3854836.7740562824
2020-2021,3268499.4112047185
