d_most_recent_category,total,percentage
2_professional_services,5440801.310862017,0.5047636881740121
3_information_technology,3679270.7312865295,0.3413398427925026
10_office_management,1228110.1166944662,0.11393641424636033
9_human_capital,370507.5206069971,0.03437338213847883
7_travel,44749.89,0.0041516163210530066
8_security_and_protection,15468.34,0.0014350563275931417
