d_most_recent_category,total,percentage
2_professional_services,5383233.855740278,0.5026982058485525
3_information_technology,3555469.271074705,0.3320175328465513
10_office_management,1339250.3919885838,0.12506214429394336
9_human_capital,370507.5206069971,0.034598806378052155
7_travel,44749.89,0.00417884305563511
8_security_and_protection,15468.34,0.0014444675772656156
