d_fiscal_year,total
2017-2018,1199906.7997459741
2018-2019,2594002.7688097097
2019-2020,3911670.3133630045
2020-2021,3302750.4483853756
