d_most_recent_category,total,percentage
2_professional_services,5476055.110862018,0.5063781417358258
3_information_technology,3679270.7312865295,0.3402270864944973
10_office_management,1228110.1166944662,0.11356498540439579
9_human_capital,370507.5206069971,0.03426132607978547
7_travel,44749.89,0.004138082192806039
8_security_and_protection,15468.34,0.001430378092689599
