category,total,percentage
2_professional_services,5476055.110862018,0.49744647431112854
3_information_technology,3854452.013695895,0.3501395668592215
10_office_management,1247097.455139154,0.11328670358901809
9_human_capital,370507.5206069971,0.033657013324450556
7_travel,44749.89,0.004065093311817793
8_security_and_protection,15468.34,0.001405148604363578
