d_most_recent_category,d_fiscal_year,total
4_medical,2017-2018,2236337.6534233894
4_medical,2018-2019,2236337.6534233894
4_medical,2019-2020,2215930.0116048157
4_medical,2020-2021,2172619.713178634
