d_fiscal_year,total
2017-2018,2236337.6534233894
2018-2019,2236337.6534233894
2019-2020,2215930.0116048157
2020-2021,2172619.713178634
