owner_org,d_fiscal_year,total
csc-scc,2017-2018,2236337.6534233894
csc-scc,2018-2019,2236337.6534233894
csc-scc,2019-2020,2215930.0116048157
csc-scc,2020-2021,2172619.713178634
