d_most_recent_category,total,percentage
3_information_technology,33059883.610254988,0.8353257755419428
2_professional_services,6492490.300438591,0.16404608556244632
9_human_capital,24860,6.281388956109675e-4
