d_most_recent_category,total,percentage
3_information_technology,62224582.55,0.8816442346122157
2_professional_services,8328439.22,0.11800353039041264
9_human_capital,24860.00,3.522349973715602e-4
