d_most_recent_category,total,percentage
10_office_management,24283233.65937215,0.6135657108874134
3_information_technology,9166240.565798089,0.23160387071218272
2_professional_services,6127759.685523337,0.15483041840040382
