d_fiscal_year,total
2017-2018,3944000.1176530593
2018-2019,6464050.4358244995
2019-2020,10221461.169970034
2020-2021,18947722.187245984
