d_most_recent_category,total,percentage
10_office_management,24283233.65937215,0.6135657108874134
2_professional_services,8509228.381625459,0.21500311014222512
3_information_technology,6784771.869695966,0.17143117897036136
