d_fiscal_year,total
2017-2018,3777525.303415234
2018-2019,4025032.875667654
2019-2020,2721428.278931502
2020-2021,3825872.901503742
