d_most_recent_category,total,percentage
2_professional_services,8089466.62,0.4862702271248955
10_office_management,5973990.78,0.3591057349529483
1_facilities_and_construction,2105906.73,0.1265892785318704
9_human_capital,349900.50,0.021033055049060966
6_industrial_products_and_services,116478.56,0.007001704341224812
