d_most_recent_category,total,percentage
2_professional_services,6369971.679103942,0.44450532839670776
10_office_management,5973990.784313726,0.4168732404464664
1_facilities_and_construction,1584523.141339898,0.1105701900691263
9_human_capital,316509.0022727273,0.022086430691249746
6_industrial_products_and_services,85478.55530474041,0.005964810396449769
