d_most_recent_category,total,percentage
3_information_technology,18292157.67995352,0.7451553723243433
2_professional_services,5088349.00401343,0.20728066436673442
9_human_capital,706015.2029282238,0.028760468317041325
10_office_management,383023.71465392626,0.015602980451824133
8_security_and_protection,53706.59,0.002187809375357546
1_facilities_and_construction,24860,0.0010127051646993152
