d_fiscal_year,total
2017-2018,4512709.834208532
2018-2019,6724757.864489133
2019-2020,7603933.511865887
2020-2021,5990752.331971055
