d_fiscal_year,total
2017-2018,4307434.913006155
2018-2019,6365119.992422766
2019-2020,7410641.417817178
2020-2021,5808988.077807343
