d_fiscal_year,total
2017-2018,4383822.650870338
2018-2019,6514028.2993531665
2019-2020,7582508.861711752
2020-2021,5995299.331409213
