d_fiscal_year,total
2017-2018,4307434.913006155
2018-2019,6286035.977073929
2019-2020,7389763.341083051
2020-2021,5802217.950386737
