d_most_recent_category,total,percentage
3_information_technology,18320207.22406311,0.7667866159301593
2_professional_services,4380234.545463556,0.18333336424736554
9_human_capital,776178.2988186347,0.032486703006712594
10_office_management,336997.7427081414,0.014104936453331687
8_security_and_protection,53706.59,0.0022478727394064477
1_facilities_and_construction,24860,0.001040507623024368
