d_fiscal_year,total
2017-2018,3385523.717441068
2018-2019,4887510.069355234
2019-2020,4918130.8961854335
2020-2021,4134011.8314523236
