d_most_recent_category,total,percentage
6_industrial_products_and_services,11011051.05,0.4724517392468264
3_information_technology,7638987.99,0.32776645455657916
11_defence,4173925.97,0.17909085860771723
5_transportation_and_logistics,226024.30,0.009698036381489666
1_facilities_and_construction,151273.57,0.00649070289452919
2_professional_services,41698.14,0.0017891443588282355
NA,41018.44,0.0017599803358840224
8_security_and_protection,12958.05,5.559917244878634e-4
9_human_capital,9254.70,0.00039709189365821467
