d_most_recent_category,total,percentage
6_industrial_products_and_services,8443255.736104308,0.48734024320444935
3_information_technology,8020980.138329751,0.4629667196549058
5_transportation_and_logistics,591527.9099999999,0.03414267724817594
11_defence,184353.97,0.010640813376210619
NA,41018.44,0.002367562602656687
1_facilities_and_construction,31082.27,0.0017940521399077548
8_security_and_protection,12958.05,7.479317736938673e-4
