d_most_recent_category,total,percentage
10_office_management,5535166.331007667,0.3064083629545219
6_industrial_products_and_services,4988719.307970075,0.2761588767137283
11_defence,2826191.9687087843,0.15644856951744537
3_information_technology,1754519.0651100588,0.09712432876700967
1_facilities_and_construction,1529676.90375,0.08467781596764631
2_professional_services,1332227.7877090706,0.07374769087384363
5_transportation_and_logistics,44193.350000000006,0.002446396588142107
NA,41018.44,0.0022706441504640796
8_security_and_protection,12958.05,7.173144671986809e-4
