d_fiscal_year,total
2017-2018,3520345.4935162948
2018-2019,5022331.845430461
2019-2020,5332046.706989634
2020-2021,4189947.1583192674
