d_fiscal_year,total
2017-2018,13145320.020647716
2018-2019,11678421.280276816
2019-2020,3455532.8719723183
