d_fiscal_year,total
2017-2018,938961.3537209303
2018-2019,1219279.09
2019-2020,1461323.8552806762
2020-2021,863248.7283099158
