d_most_recent_category,total,percentage
11_defence,3589647.45,0.6903087617478397
5_transportation_and_logistics,1546462.67,0.29739319714879764
6_industrial_products_and_services,63950.56,0.012298041103362651
