d_most_recent_category,total,percentage
2_professional_services,3100864.1286265906,0.6878873156856693
5_transportation_and_logistics,528232.8386849315,0.11718174495473209
1_facilities_and_construction,518612.44,0.1150475817174236
11_defence,360098.86,0.0798833576421751
