d_fiscal_year,total
2017-2018,1695582017.8802483
2018-2019,1712551678.934625
2019-2020,1752719925.8464754
2020-2021,1846949163.286273
