d_fiscal_year,total
2017-2018,1614393988.6578288
2018-2019,1699046393.5456138
2019-2020,1739810115.1490593
2020-2021,1846205284.6142051
