d_fiscal_year,total
2017-2018,7204281.748973002
2018-2019,5141637.736068083
2019-2020,13899639.249489058
2020-2021,14499897.807848597
