d_fiscal_year,total
2017-2018,7211811.290508166
2018-2019,5143546.574572353
2019-2020,13910841.238424059
2020-2021,14460326.892840134
