d_most_recent_category,total,percentage
3_information_technology,39136810.65463523,0.947571656253203
10_office_management,1655174.2558904109,0.04007470677368505
9_human_capital,252948.72,0.006124337511113466
11_defence,164311.26761643836,0.0039782674518454055
2_professional_services,79431.70370948054,0.0019231825430847105
NA,13540.91,3.278494670683111e-4
