d_fiscal_year,total
2017-2018,7141667.236642546
2018-2019,5112677.427355754
2019-2020,13879887.518201387
2020-2021,14457705.129651876
