d_most_recent_category,total,percentage
3_information_technology,40690271.77,0.9851837072485101
9_human_capital,254721.56,0.006167261207283235
11_defence,228804.03,0.005539751650157371
2_professional_services,77658.86,0.0018802588469149408
10_office_management,37220.38,9.011715800659933e-4
NA,13540.91,3.2784946706831107e-4
