d_fiscal_year,total
2017-2018,31889288.235182043
2018-2019,33987763.03807717
2019-2020,44489614.67204745
2020-2021,56929812.941432685
