d_fiscal_year,total
2017-2018,31889288.23518204
2018-2019,33961471.84006322
2019-2020,44338349.54610071
2020-2021,56775630.265878424
