d_fiscal_year,total
2017-2018,31889288.23518204
2018-2019,33967760.40972934
2019-2020,44459487.25651122
2020-2021,56896436.99893808
