d_most_recent_category,total,percentage
3_information_technology,153070569.30044633,0.9154228086815872
1_facilities_and_construction,7684762.87455964,0.045957934610365764
7_travel,2260575.8306183573,0.013519141436265205
2_professional_services,1750602.3723427772,0.010469297578878229
6_industrial_products_and_services,1413333.1623935886,0.008452293729839784
10_office_management,539375.5599999999,0.0032256801051040724
8_security_and_protection,320893.99000000005,0.001919073529009111
9_human_capital,172859.81,0.0010337703289505183
