d_most_recent_category,total,percentage
3_information_technology,153073900.1427477,0.9149857854831457
1_facilities_and_construction,7684762.87455964,0.04593499472133103
7_travel,2340750.9746956523,0.01399163323861917
2_professional_services,1750602.3723427772,0.010464071832186886
6_industrial_products_and_services,1413333.1623935886,0.008448074770004114
10_office_management,539375.5599999999,0.003224070007864064
8_security_and_protection,320893.99000000005,0.0019181156240427933
9_human_capital,172859.81,0.001033254322806322
