d_fiscal_year,total
2017-2018,23000523.953133803
2018-2019,22975170.750022803
2019-2020,23038116.423310537
2020-2021,22975170.750022803
