d_most_recent_category,total,percentage
3_information_technology,43150669.861688204,0.763075209460543
2_professional_services,12898119.276912177,0.22808997172985634
1_facilities_and_construction,482079.9454143169,0.008525087941922506
6_industrial_products_and_services,17514.780000000002,3.0973086767817885e-4
