d_fiscal_year,total
2017-2018,14615496.417217927
2018-2019,13909516.043067055
2019-2020,16086405.353130838
2020-2021,11903537.78805301
