d_most_recent_category,total,percentage
10_office_management,37661628.06976982,0.6664010909846843
2_professional_services,12898119.276912177,0.22822488560137794
3_information_technology,4679172.852241775,0.082795302631719
11_defence,776440.6771307436,0.013738676229457462
1_facilities_and_construction,482079.9454143169,0.008530130481103794
6_industrial_products_and_services,17514.780000000002,3.0991407165760547e-4
