d_fiscal_year,total
2017-2018,15281491.468561647
2018-2019,12808427.737730233
2019-2020,14135917.230207989
2020-2021,9928135.765598275
