d_fiscal_year,total
2017-2018,15449775.954710567
2018-2019,12994974.992180474
2019-2020,14447084.356142055
2020-2021,9928135.765598275
