d_fiscal_year,total
2017-2018,11733217.278180975
2018-2019,11436242.767626286
2019-2020,13264962.756142216
2020-2021,9409285.186861578
