d_most_recent_category,total,percentage
3_information_technology,31748979.705792174,0.6925482492284668
2_professional_services,12836207.66047382,0.279999333029665
9_human_capital,847291.4550699774,0.018482175466189896
1_facilities_and_construction,411229.1674750831,0.008970242275678282
