d_fiscal_year,total
2017-2018,12073778.979100976
2018-2019,11355760.267626286
2019-2020,13264962.756142216
2020-2021,8973488.446795354
