d_most_recent_category,total,percentage
3_information_technology,32089541.406712174,0.6948153910907721
2_professional_services,12836207.66047382,0.2779346246396945
9_human_capital,847291.4550699774,0.018345888346013414
1_facilities_and_construction,411229.1674750831,0.008904095923520011
