d_fiscal_year,total
2017-2018,941855.9671283665
2018-2019,1265129.29807644
2019-2020,1399229.548188675
2020-2021,1616608.7456918382
