owner_org,d_fiscal_year,total
pwgsc-tpsgc,2017-2018,941855.9671283665
pwgsc-tpsgc,2018-2019,1265129.29807644
pwgsc-tpsgc,2019-2020,1399229.548188675
pwgsc-tpsgc,2020-2021,1616608.7456918382
