owner_org,d_fiscal_year,total
pc,2017-2018,8336478.394304298
pc,2018-2019,12442639.828822883
pc,2019-2020,12906611.831134582
pc,2020-2021,747419.0744834711
