d_fiscal_year,total
2017-2018,51495291.03303619
2018-2019,132364656.52857892
2019-2020,132727299.42317778
2020-2021,132364656.52857892
