d_most_recent_category,total,percentage
10_office_management,3710327.690730459,0.36664159533248275
3_information_technology,3373367.418156231,0.3333443606410744
2_professional_services,2234913.1257510427,0.22084629233746975
8_security_and_protection,525043.45,0.05188295594693747
9_human_capital,189952.53566037735,0.018770444693056217
6_industrial_products_and_services,86163.2528,0.00851435104897935
