d_fiscal_year,total
2017-2018,2726443.546040984
2018-2019,2046478.845480112
2019-2020,2826105.511435413
2020-2021,2931768.8625838635
