d_most_recent_category,total,percentage
3_information_technology,6519993.436804851,0.6442829298338404
2_professional_services,1897111.794385103,0.18746594716017845
10_office_management,598909.3287121261,0.059182123532406955
8_security_and_protection,525043.45,0.05188295594693747
9_human_capital,246467.35566037736,0.024355041389594573
NA,177501.81473565352,0.01754010803188073
6_industrial_products_and_services,86163.2528,0.00851435104897935
5_transportation_and_logistics,68577.04,0.006776543056182052
