d_fiscal_year,total
2017-2018,191458.8828944011
2018-2019,2151406.6593755595
2019-2020,2281934.017157939
2020-2021,2293570.0051919837
