d_most_recent_category,total,percentage
6_industrial_products_and_services,4340444.753333333,0.9828959525158752
3_information_technology,43976.31,0.009958458075612771
5_transportation_and_logistics,15799.81,0.0035778751215744886
2_professional_services,15754.94,0.0035677142869375506
