d_most_recent_category,total,percentage
6_industrial_products_and_services,4340444.753333333,0.9828959525158752
2_professional_services,59731.25,0.01352617236255032
11_defence,15799.81,0.0035778751215744886
