d_fiscal_year,total
2017-2018,87417727.26074766
2018-2019,87417727.26074766
2019-2020,87657227.88337985
2020-2021,87417727.26074766
