owner_org,d_fiscal_year,total
dnd-mdn,2017-2018,91675818.8972712
dnd-mdn,2018-2019,81008544.74545501
dnd-mdn,2019-2020,81230485.96393572
dnd-mdn,2020-2021,81008544.74545501
