d_most_recent_category,total,percentage
11_defence,326608776.093597,0.933406858074634
1_facilities_and_construction,23301633.572025802,0.06659314192536607
