d_fiscal_year,total
2017-2018,69412850.65523115
2018-2019,58745576.503414966
2019-2020,58906523.28835583
2020-2021,58745576.503414966
