d_most_recent_category,total,percentage
3_information_technology,28313491.28,0.8723839985181882
2_professional_services,3706777.88,0.11421176136787943
11_defence,386618.74,0.011912342389704952
9_human_capital,48420.00,0.001491897724227551
