d_fiscal_year,total
2017-2018,2049120.8386306176
2018-2019,4837589.572504679
2019-2020,6971923.047078526
2020-2021,7495948.215331475
