d_most_recent_category,total,percentage
3_information_technology,22971047.45574493,0.939355610211591
2_professional_services,1451253.9397834074,0.05934616315618984
9_human_capital,22995,9.403351021946269e-4
NA,8751.896758620689,3.578915300245449e-4
