owner_org,d_fiscal_year,total
dnd-mdn,2018-2019,232.15890410958903
dnd-mdn,2019-2020,5519082.501095891
dnd-mdn,2020-2021,8389917.829869919
