d_most_recent_category,total,percentage
8_security_and_protection,10385429.289869918,0.7466572506738683
11_defence,3523803.2,0.2533427493261316
