d_most_recent_category,total,percentage
3_information_technology,2164421.043150685,0.5280815581763674
10_office_management,1267583.6199999999,0.3092686311134881
6_industrial_products_and_services,666644.5126037484,0.1626498107101445
