d_most_recent_category,total,percentage
3_information_technology,2164421.043150685,0.5280815581763674
10_office_management,1267583.6199999999,0.3092686311134881
2_professional_services,633618.0526037483,0.1545919217365363
6_industrial_products_and_services,33026.46,0.008057888973608204
