d_fiscal_year,total
2017-2018,93342.30626168224
2018-2019,935982.1565780014
2019-2020,588343.7102068164
2020-2021,2506005.29735077
