d_fiscal_year,total
2017-2018,93048.96466532799
2018-2019,927746.027141901
2019-2020,580085.0160325349
2020-2021,2497769.1679146695
