d_most_recent_category,total,percentage
3_information_technology,2440376.9831506847,0.595410067684431
10_office_management,991627.6799999999,0.24194012160542439
6_industrial_products_and_services,666644.5126037484,0.1626498107101445
