owner_org,d_fiscal_year,total
dnd-mdn,2017-2018,1761000.515294997
dnd-mdn,2018-2019,1575946.459951695
dnd-mdn,2019-2020,1248932.7034360194
dnd-mdn,2020-2021,625893.5289742259
