d_fiscal_year,total
2017-2018,1761000.515294997
2018-2019,1575946.459951695
2019-2020,1248932.7034360194
2020-2021,625893.5289742259
