owner_org,d_fiscal_year,total
cbsa-asfc,2019-2020,1616.8789501312335
cbsa-asfc,2020-2021,36885.051049868765
dnd-mdn,2017-2018,2949188.4901155825
dnd-mdn,2018-2019,443895.6368219178
dnd-mdn,2019-2020,108396.31039908876
dnd-mdn,2020-2021,991707.7954048141
ssc-spc,2017-2018,232696.8936068629
ssc-spc,2018-2019,638888.6417898919
ssc-spc,2019-2020,282537.80079159245
ssc-spc,2020-2021,830497.8556455935
