d_most_recent_category,total,percentage
11_defence,4493188.232741402,0.6895293960419139
3_information_technology,2023123.1218339407,0.31047060395808607
