d_fiscal_year,total
2017-2018,9318087.599803416
2018-2019,9987519.18575823
2019-2020,11496196.072819822
2020-2021,10393778.198042404
