d_fiscal_year,total
2017-2018,9318087.599803416
2018-2019,9987519.18575823
2019-2020,11500840.770563504
2020-2021,10372190.328503849
