d_fiscal_year,total
2017-2018,11156948.180810193
2018-2019,12254428.724021709
2019-2020,12057952.424524568
2020-2021,10624827.769732974
