d_fiscal_year,total
2017-2018,9318087.599803416
2018-2019,9851919.18575823
2019-2020,11303897.913420647
2020-2021,10320533.185646705
