d_fiscal_year,total
2017-2018,9318087.599803416
2018-2019,9851919.18575823
2019-2020,11292940.598738829
2020-2021,10301698.157248078
