d_most_recent_category,total,percentage
2_professional_services,45056758.69,0.825308572380282
3_information_technology,7778359.38,0.14247688608071982
9_human_capital,1127383.96,0.020650390208938673
4_medical,467829.05,0.008569265400407467
8_security_and_protection,103368.51,0.0018934099990094782
1_facilities_and_construction,60133.79,0.0011014759306426432
