d_most_recent_category,total,percentage
2_professional_services,38824139.85208501,0.8422789849182848
3_information_technology,3864154.89149296,0.08383177249962759
NA,2383480.662519935,0.05170895429102052
9_human_capital,869022.5086618116,0.018853203168324745
4_medical,91842.66,0.0019925011276931298
1_facilities_and_construction,61516.52432972523,0.001334583995049135
