d_most_recent_category,total,percentage
2_professional_services,33843857.10813703,0.8302257178623657
3_information_technology,5915761.818593454,0.14511991310126643
9_human_capital,876650.3704883482,0.021505163575992334
4_medical,91842.66,0.002252997880391017
1_facilities_and_construction,36533.58432972523,8.962075799846978e-4
