d_fiscal_year,total
2017-2018,11320629.054690998
2018-2019,12447472.066582803
2019-2020,12251524.652955692
2020-2021,10707321.684921
