d_fiscal_year,total
2017-2018,13212.709580838324
2018-2019,843473.5610875562
2019-2020,1919204.4801409908
2020-2021,2025437.2067335919
