d_most_recent_category,total,percentage
3_information_technology,27449173.666137014,0.6255855609831708
2_professional_services,11179246.690000001,0.2547827266858896
6_industrial_products_and_services,3136851.424214776,0.07149100303733943
1_facilities_and_construction,1998885.2274860588,0.04555597015732755
11_defence,113412.07,0.002584739136272784
