d_fiscal_year,total
2017-2018,13987350.471790232
2018-2019,4274812.192353688
2019-2020,9637846.408885758
2020-2021,15977560.004808169
