d_most_recent_category,total,percentage
1_facilities_and_construction,10877237.61,0.9903714723393009
2_professional_services,95750.00,0.008718028591129405
11_defence,10000.00,9.104990695696505e-4
