d_most_recent_category,total,percentage
1_facilities_and_construction,9293751.31,0.9887494031317201
2_professional_services,95750.00,0.010186710639600985
11_defence,10000.00,0.001063886228678954
