d_fiscal_year,total
2017-2018,524060.5708785204
2018-2019,4349557.51920633
2019-2020,4398216.637889088
2020-2021,4487623.285291721
