owner_org,d_fiscal_year,total
nrcan-rncan,2018-2019,2236.874418604651
nrcan-rncan,2019-2020,38985.52558139535
pc,2020-2021,109023.81684081131
pwgsc-tpsgc,2017-2018,1329472.9666079485
pwgsc-tpsgc,2018-2019,11028582.563906847
pwgsc-tpsgc,2019-2020,11058797.858602481
pwgsc-tpsgc,2020-2021,4338656.873455234
