owner_org,d_fiscal_year,total
nrcan-rncan,2018-2019,2236.874418604651
nrcan-rncan,2019-2020,38985.52558139535
pc,2020-2021,109023.81684081131
pwgsc-tpsgc,2017-2018,524060.5708785204
pwgsc-tpsgc,2018-2019,4347320.644787726
pwgsc-tpsgc,2019-2020,4359231.112307692
pwgsc-tpsgc,2020-2021,4347320.644787726
