d_fiscal_year,total
2017-2018,1018226.3375263981
2018-2019,2777817.0177082526
2019-2020,1476450.2612778966
2020-2021,852827.3483948029
