d_most_recent_category,total,percentage
2_professional_services,3223465.2249073503,0.5262524598098522
10_office_management,2876704.96,0.46964150556043754
9_human_capital,25150.780000000002,0.004106034629710286
