d_most_recent_category,d_fiscal_year,total
11_defence,2017-2018,130160
11_defence,2018-2019,38870
11_defence,2019-2020,136507.55000000002
5_transportation_and_logistics,2017-2018,2070847.401773106
5_transportation_and_logistics,2018-2019,2816556.391773106
5_transportation_and_logistics,2019-2020,2109610.1562711145
5_transportation_and_logistics,2020-2021,1378836.8369523403
