d_most_recent_category,total,percentage
3_information_technology,16001700.518117363,0.990141446901339
10_office_management,138961.7215102481,0.008598571123379953
6_industrial_products_and_services,20362.6,0.001259981975281043
