d_most_recent_category,total,percentage
4_medical,4125885.86,0.9975218415579995
7_travel,10250.00,0.002478158442000549
