d_most_recent_category,d_fiscal_year,total
4_medical,2017-2018,1737002.000938967
4_medical,2018-2019,1174806.095938967
4_medical,2019-2020,607869.3043661971
4_medical,2020-2021,606208.4592723005
7_travel,2018-2019,1656.8493150684933
7_travel,2019-2020,8593.150684931506
