owner_org,d_fiscal_year,total
csc-scc,2017-2018,1737002.000938967
csc-scc,2018-2019,1176462.9452540355
csc-scc,2019-2020,616462.4550511286
csc-scc,2020-2021,606208.4592723005
