d_most_recent_category,total,percentage
3_information_technology,15631603.757107824,0.9844806782078314
6_industrial_products_and_services,203397.1395783556,0.012809981434347794
9_human_capital,27732.91,0.0017466227054957213
1_facilities_and_construction,15286.05,9.627176523250848e-4
