d_fiscal_year,total
2017-2018,2250362.816689224
2018-2019,4849662.120642628
2019-2020,4136627.0966752013
2020-2021,4641367.822679128
