d_most_recent_category,total,percentage
3_information_technology,15631603.757107824,0.9860315496383136
6_industrial_products_and_services,193709.5795783556,0.012219076167701676
9_human_capital,27732.91,0.0017493741939847752
