d_most_recent_category,total,percentage
3_information_technology,16457776.27,0.9403970427690315
11_defence,708648.81,0.040492180516372676
6_industrial_products_and_services,263151.26,0.015036458306953404
2_professional_services,28285.20,0.0016162157998551852
9_human_capital,27732.91,0.0015846579831899385
1_facilities_and_construction,15286.05,8.734446245972947e-4
