d_most_recent_category,total,percentage
3_information_technology,15631603.757107824,0.9844806782078314
6_industrial_products_and_services,175111.94,0.011028575450877834
2_professional_services,28285.199578355587,0.0017814059834699593
9_human_capital,27732.91,0.0017466227054957213
1_facilities_and_construction,15286.05,9.627176523250848e-4
