d_most_recent_category,total,percentage
3_information_technology,3984395.45,0.677782609164758
2_professional_services,1748715.3336053325,0.2974726922493204
10_office_management,110900,0.0188651182593765
5_transportation_and_logistics,12321,0.0020959163397094487
9_human_capital,12071.949999999999,0.0020535506255300283
6_industrial_products_and_services,10170.6,0.0017301133613058129
