d_fiscal_year,total
2017-2018,1481346.1836053326
2018-2019,2304337.8499999996
2019-2020,977790.3
2020-2021,1115100
