d_most_recent_category,total,percentage
3_information_technology,4027854.5,0.6931271808978934
6_industrial_products_and_services,1758885.9336053324,0.302675195611168
5_transportation_and_logistics,12321,0.0021202404396293223
9_human_capital,12071.949999999999,0.0020773830513094063
