owner_org,d_fiscal_year,total
rcmp-grc,2017-2018,1481346.1836053326
rcmp-grc,2018-2019,2304337.8499999996
rcmp-grc,2019-2020,977790.3
rcmp-grc,2020-2021,1115100
