d_most_recent_category,total,percentage
3_information_technology,4117206.02,0.6977741807650434
6_industrial_products_and_services,1758885.93,0.2980917606953284
5_transportation_and_logistics,12321.00,0.002088133467528918
9_human_capital,12071.95,0.0020459250720993197
