owner_org,d_fiscal_year,total
cic,2017-2018,257865.3429811867
cic,2018-2019,2852146.975397974
cic,2019-2020,2859961.076700434
cic,2020-2021,2852146.975397974
