owner_org,d_fiscal_year,total
ec,2017-2018,16333474.80769697
ec,2018-2019,16333474.80769697
ec,2019-2020,16378224.053745454
ec,2020-2021,16333474.80769697
