d_fiscal_year,total
2017-2018,16333474.80769697
2018-2019,16333474.80769697
2019-2020,16378224.053745454
2020-2021,16333474.80769697
