d_fiscal_year,total
2019-2020,1452088.6785237258
2020-2021,2610396.4114762745
