d_fiscal_year,total
2017-2018,2739456.855500821
2018-2019,2739456.855500821
