owner_org,d_fiscal_year,total
dnd-mdn,2017-2018,2739456.855500821
dnd-mdn,2018-2019,2739456.855500821
