d_most_recent_category,total,percentage
1_facilities_and_construction,67706037.4932327,0.8076832537072824
2_professional_services,8326948.580387963,0.09933437507006981
6_industrial_products_and_services,5582492.737744228,0.0665950344335127
5_transportation_and_logistics,2135822.299651568,0.025478789901056776
9_human_capital,26572,3.169844257929736e-4
10_office_management,26246.85,3.1310562532456377e-4
3_information_technology,23342.329999999998,2.7845683696071434e-4
