d_most_recent_category,total,percentage
1_facilities_and_construction,73051746.38,0.8033369192057624
2_professional_services,8777762.15,0.09652747203753649
6_industrial_products_and_services,6893885.95,0.07581082417662517
11_defence,2135822.30,0.023487253778464244
9_human_capital,26572.00,2.922075059817319e-4
10_office_management,26246.85,2.886318898982621e-4
3_information_technology,23342.33,2.566914057316935e-4
