d_most_recent_category,total,percentage
1_facilities_and_construction,68680082.33800192,0.8103696205862395
2_professional_services,8326948.580387963,0.09825128235171585
3_information_technology,4630223.687744228,0.05463290790189623
5_transportation_and_logistics,2135822.299651568,0.025200981823089413
6_industrial_products_and_services,925655.38,0.010921987475095889
9_human_capital,26572,3.1352818495825947e-4
10_office_management,26246.85,3.0969167700480553e-4
