d_fiscal_year,total
2017-2018,32067960.147948716
2018-2019,26654998.899034914
2019-2020,13773051.785922846
2020-2021,12255540.302879209
