d_fiscal_year,total
2017-2018,32067960.147948716
2018-2019,26654998.899034914
2019-2020,13395171.48986236
2020-2021,12177260.608939694
