d_fiscal_year,total
2017-2018,36233476.01983595
2018-2019,28994902.55864906
2019-2020,14255228.900388489
2020-2021,13232778.872392869
