d_fiscal_year,total
2017-2018,35130047.09363701
2018-2019,27891473.632450126
2019-2020,13148776.881241065
2020-2021,12129349.946193933
