d_fiscal_year,total
2017-2018,14194170.370132783
2018-2019,14223875.414351597
2019-2020,16232064.068596156
2020-2021,13634117.148870027
