d_most_recent_category,total,percentage
3_information_technology,5950511.17,0.45457970244461837
2_professional_services,5541579.72,0.42334004374644413
5_transportation_and_logistics,604742.56,0.046198332007822404
6_industrial_products_and_services,363630.17,0.027778939988216712
9_human_capital,339624.96,0.025945100662597566
10_office_management,267284.68,0.020418781877000827
1_facilities_and_construction,22765.05,0.0017390992733000304
