d_most_recent_category,total,percentage
3_information_technology,4246350.07846204,0.4259166643674883
2_professional_services,4007479.990310617,0.40195755848061093
5_transportation_and_logistics,540187.13,0.0541817552233414
6_industrial_products_and_services,515103.7468447701,0.0516658461044219
9_human_capital,297410.39,0.029830805024655998
NA,179952.0850808314,0.01804952262705613
10_office_management,160659.80881957407,0.01611447210097543
1_facilities_and_construction,22765.05,0.0022833760714497733
