d_most_recent_category,total,percentage
2_professional_services,3468252.5713535617,0.347872064026781
3_information_technology,3265896.0021148315,0.3275753307404326
10_office_management,1982521.3241238378,0.19885050780223595
5_transportation_and_logistics,430653.5050808314,0.0431953326958449
6_industrial_products_and_services,356330.8268447701,0.03574063239647006
9_human_capital,285997.39,0.028686060290800536
1_facilities_and_construction,180256.66,0.018080072047434885
