d_most_recent_category,total,percentage
2_professional_services,4643600.837986193,0.42548979060887593
3_information_technology,4448218.894672442,0.4075870842717448
5_transportation_and_logistics,540187.13,0.04949695653276412
6_industrial_products_and_services,515103.7468447701,0.04719858425253397
9_human_capital,351316.02,0.03219083314925272
NA,231690.8350808314,0.021229663863031562
10_office_management,160659.80881957407,0.014721142233997044
1_facilities_and_construction,22765.05,0.002085945087799855
