d_fiscal_year,total
2017-2018,1454784.989928144
2018-2019,2621215.513164764
2019-2020,2656518.1037416984
2020-2021,3237389.672683226
