d_fiscal_year,total
2017-2018,1610426.1883224228
2018-2019,2782981.4463683115
2019-2020,2820285.80293408
2020-2021,3699848.8857789966
