d_most_recent_category,total,percentage
2_professional_services,8078851.1177140325,0.682419189733887
NA,1747440.544074074,0.14760600768845394
9_human_capital,1238134.7123287672,0.10458503008134089
1_facilities_and_construction,525272.3051044084,0.04436966291568808
3_information_technology,248847.5387776929,0.021020109580630136
