d_most_recent_category,total,percentage
2_professional_services,8323456.1177140325,0.7036988253116155
NA,1747440.544074074,0.14773572909813518
9_human_capital,983134.7123287672,0.08311820623604513
1_facilities_and_construction,525272.3051044084,0.044408656553620834
10_office_management,248847.5387776929,0.02103858280058341
