d_most_recent_category,total,percentage
2_professional_services,17043014.59,0.9186557363137956
1_facilities_and_construction,1409195.888478261,0.07595873838540029
6_industrial_products_and_services,99912.93,0.005385525300804117
