d_most_recent_category,total,percentage
2_professional_services,17043014.59,0.9186557363137956
1_facilities_and_construction,984257.4284782609,0.05305362662844612
5_transportation_and_logistics,424938.46,0.02290511175695417
6_industrial_products_and_services,99912.93,0.005385525300804117
