d_most_recent_category,total,percentage
2_professional_services,17058088.65,0.9052254943012299
1_facilities_and_construction,1240284.06,0.06581843804844321
5_transportation_and_logistics,424938.46,0.022550306503101282
6_industrial_products_and_services,120710.30,0.006405761147225765
