d_fiscal_year,total
2017-2018,538274.9400000001
2018-2019,16528948.19
2019-2020,497019.76023791934
2020-2021,987880.5182403416
