d_fiscal_year,total
2017-2018,2706341.6587837706
2018-2019,2713706.06520941
2019-2020,3662100.8397275284
2020-2021,4496009.218723993
