d_most_recent_category,total,percentage
2_professional_services,12860935.269658022,0.9471782163472882
9_human_capital,306293.8721408111,0.022557837156438165
7_travel,257644.14064586756,0.01897489665195801
3_information_technology,119384.5,0.008792393041297038
4_medical,33900,0.0024966568030185625
