d_fiscal_year,total
2017-2018,1067821.8541180512
2018-2019,1364823.8725741282
2019-2020,2544353.683860995
2020-2021,463494.1213659217
