d_most_recent_category,total,percentage
3_information_technology,4569951.256655321,0.9941696008210499
9_human_capital,26800.9,0.005830399178950037
