d_fiscal_year,total
2017-2018,21026.126136986302
2018-2019,17192.54596409617
2019-2020,2475370.5170709775
2020-2021,2083162.967483262
