d_most_recent_category,total,percentage
3_information_technology,4523950.813031161,0.9941106652944269
9_human_capital,26800.9,0.005889334705572956
