d_most_recent_category,total,percentage
3_information_technology,7636136.80,0.99353761031492
9_human_capital,26800.90,0.0034870645763387326
10_office_management,22867.77,0.002975325108741183
