d_most_recent_category,total,percentage
1_facilities_and_construction,3424535.197111604,0.8521652260275832
3_information_technology,381677.67,0.09497710468841518
6_industrial_products_and_services,110799.3225127714,0.02757142919495648
2_professional_services,101615.99715962441,0.025286240089045155
