d_most_recent_category,total,percentage
3_information_technology,68821102.18861717,0.9544925947843967
1_facilities_and_construction,2115504.371091075,0.02934032138727399
6_industrial_products_and_services,465484.2897553539,0.006455887706393723
2_professional_services,407756.1,0.005655244765791307
10_office_management,292443.3822520325,0.004055951356144306
