d_most_recent_category,total,percentage
10_office_management,34319821.23761267,0.4763085285545971
3_information_technology,21902506.341645684,0.303974501936324
11_defence,12999701.696958903,0.18041669693026374
1_facilities_and_construction,2115504.371091075,0.02936008224427746
6_industrial_products_and_services,394827.9061487965,0.005479629328719298
2_professional_services,321400.2,0.004460561005818399
