d_most_recent_category,total,percentage
3_information_technology,54701397.25,0.7591747594549672
11_defence,14228188.65,0.1974662849060235
1_facilities_and_construction,2115504.37,0.02936008224427746
6_industrial_products_and_services,423435.39,0.005876658981354018
2_professional_services,292792.72,0.004063531353183678
10_office_management,292443.38,0.004058683060194301
