d_fiscal_year,total
2017-2018,18900362.71770085
2018-2019,20280520.602584958
2019-2020,6563004.693560209
2020-2021,26309873.739611115
