category,total,percentage
3_information_technology,68845274.49035868,0.9464287584655371
1_facilities_and_construction,2778367.562041087,0.038194734232219744
6_industrial_products_and_services,465484.2897553539,0.006399098873519165
2_professional_services,360592.72,0.004957135007851619
10_office_management,292443.3822520325,0.0040202734208724
