d_most_recent_category,total,percentage
3_information_technology,69257978.99837251,0.9605517200596889
1_facilities_and_construction,2115504.371091075,0.029340321387273997
2_professional_services,407756.1,0.005655244765791308
10_office_management,292443.3822520325,0.004055951356144307
6_industrial_products_and_services,28607.480000000003,3.967624311015324e-4
