d_most_recent_category,d_fiscal_year,total
4_medical,2017-2018,3409157.3266666667
4_medical,2018-2019,3409157.3266666667
4_medical,2019-2020,3192527.5340769067
4_medical,2020-2021,3183804.7812515604
