d_fiscal_year,total
2017-2018,3409157.3266666667
2018-2019,3409157.3266666667
2019-2020,3192527.5340769067
2020-2021,3183804.7812515604
