d_most_recent_category,total,percentage
1_facilities_and_construction,9127414.486666577,0.9953820318827649
9_human_capital,32340.000000000004,0.0035268098055712344
2_professional_services,10005.66,0.0010911583116639417
