d_fiscal_year,total
2017-2018,9617625.230863776
2018-2019,6216733.530770318
2019-2020,5125748.1001736615
