d_fiscal_year,total
2018-2019,19784833.176310893
2019-2020,26720475.80269294
2020-2021,26647469.038204707
