d_fiscal_year,total
2018-2019,19822217.191702247
2019-2020,26770964.91573071
2020-2021,26697820.2028462
