owner_org,d_fiscal_year,total
pwgsc-tpsgc,2018-2019,19822217.191702247
pwgsc-tpsgc,2019-2020,26770964.91573071
pwgsc-tpsgc,2020-2021,26697820.2028462
