d_most_recent_category,total,percentage
9_human_capital,9704687.977051409,0.9613385165265866
3_information_technology,326011.75,0.03229445942583098
2_professional_services,64274.94650627615,0.0063670240475823085
