d_fiscal_year,total
2017-2018,4809674.401077509
2018-2019,4689816.4060748145
2019-2020,6415132.019858589
2020-2021,6294150.831333097
