d_most_recent_category,total,percentage
9_human_capital,20986976.83217159,0.9437747250233045
2_professional_services,740838.0349080878,0.033315146734730496
3_information_technology,509458.7912643308,0.02291012824196497
