d_most_recent_category,total,percentage
9_human_capital,20675566.75,0.9309639092960763
2_professional_services,1023748.12,0.04609656243001908
3_information_technology,509458.79,0.022939528273904632
