d_fiscal_year,total
2017-2018,1909987.3866666667
2018-2019,1909987.3866666667
2019-2020,2325949.291274
2020-2021,2319594.238565601
