d_most_recent_category,d_fiscal_year,total
4_medical,2017-2018,1909987.3866666667
4_medical,2018-2019,1909987.3866666667
4_medical,2019-2020,2325949.291274
4_medical,2020-2021,2319594.238565601
