d_fiscal_year,total
2017-2018,3389523.0056021633
2018-2019,4743523.684894616
2019-2020,4086024.363528082
2020-2021,1780699.4960518498
