d_most_recent_category,total,percentage
10_office_management,8618979.079858307,0.615651452931211
3_information_technology,3087746.525812274,0.22055693804177062
1_facilities_and_construction,2094404.0544061302,0.14960274148169195
5_transportation_and_logistics,132083.89,0.009434718199669085
6_industrial_products_and_services,66557,0.0047541493456573335
