owner_org,d_fiscal_year,total
pc,2017-2018,242480.78484581498
pc,2018-2019,4822884.415154185
