d_most_recent_category,total,percentage
5_transportation_and_logistics,10362682.375165751,0.8102601315936103
3_information_technology,961685.4252838427,0.07519436870028354
6_industrial_products_and_services,830758.55,0.06495717109487785
10_office_management,263237.25,0.020582571297996434
2_professional_services,227018.36653846153,0.017750609821492104
11_defence,85828.27,0.0067109289686725125
1_facilities_and_construction,58117.5,0.004544218523067339
