d_most_recent_category,total,percentage
5_transportation_and_logistics,8220085.565165753,0.6412324964928464
11_defence,2318544.5,0.18086503676616894
3_information_technology,1214228.4252838427,0.09471954011729757
6_industrial_products_and_services,931899.6165384615,0.07269563228465427
4_medical,90497.61,0.0070595382404350735
1_facilities_and_construction,17325,0.0013514887300950561
2_professional_services,15921.83,0.0012420302341985205
10_office_management,10694.25,8.342371343041301e-4
