d_fiscal_year,total
2017-2018,1938683.2067460546
2018-2019,2855034.4624749813
2019-2020,4470710.387956061
2020-2021,3554768.739810959
