d_most_recent_category,total,percentage
5_transportation_and_logistics,8196307.995165752,0.640870901404863
6_industrial_products_and_services,3176809.3565384615,0.24839533569468245
3_information_technology,1189434.1452838427,0.09300208499965767
4_medical,90497.61,0.0070760255629599336
11_defence,67543.26999999999,0.005281221295522663
2_professional_services,40716.11,0.003183600486071274
1_facilities_and_construction,17325,0.001354645088177255
10_office_management,10694.25,8.361854680657783e-4
