d_most_recent_category,total,percentage
5_transportation_and_logistics,8220085.565165753,0.645196961152664
11_defence,2318544.5,0.18198324747816158
3_information_technology,1189434.1452838427,0.09335903987185286
6_industrial_products_and_services,893847.14,0.07015832790195183
4_medical,90497.61,0.0071031843282767055
1_facilities_and_construction,17325,0.0013598444034863897
10_office_management,10694.25,8.393948636065987e-4
