d_most_recent_category,total,percentage
4_medical,5260185.88,0.990783889854039
1_facilities_and_construction,28427.19,0.0053544113420548115
6_industrial_products_and_services,20502.20,0.0038616988039063198
