d_fiscal_year,total
2017-2018,28427.187047569805
2018-2019,88511.28901515153
2019-2020,168055.4879869019
2020-2021,4094734.350799387
