d_fiscal_year,total
2017-2018,28427.187047569805
2018-2019,88511.28901515153
2019-2020,170625.95008135773
2020-2021,5021550.849385085
