d_most_recent_category,total,percentage
4_medical,4319396.757801441,0.9862248174520273
6_industrial_products_and_services,31904.37,0.007284554590254279
1_facilities_and_construction,28427.187047569805,0.006490627957718382
