d_most_recent_category,d_fiscal_year,total
4_medical,2017-2018,48399796.19
4_medical,2018-2019,41140694.85347418
4_medical,2019-2020,42365899.19138625
4_medical,2020-2021,36952265.264558926
6_industrial_products_and_services,2017-2018,14941.54
6_industrial_products_and_services,2018-2019,27300
6_industrial_products_and_services,2019-2020,24999.99
