d_fiscal_year,total
2017-2018,48440521.24
2018-2019,41167994.85347418
2019-2020,42309481.44138625
2020-2021,36962551.41455893
