d_fiscal_year,total
2017-2018,1796468.8998774497
2018-2019,2086876.5570724914
2019-2020,2384690.5540684727
2020-2021,2537595.9063738054
