d_most_recent_category,total,percentage
5_transportation_and_logistics,11352021.16,0.9021057020576817
9_human_capital,825103.48,0.06556810840745492
7_travel,261676.42,0.02079451643791478
11_defence,97528.76,0.007750271893009869
2_professional_services,47584.83,0.0037814012039387437
