d_most_recent_category,total,percentage
5_transportation_and_logistics,7848992.016910523,0.8913604486928175
9_human_capital,821818.1604816956,0.09332869783694937
7_travel,82493.23,0.009368235099296577
2_professional_services,28736.33,0.003263403497850299
3_information_technology,23592.18,0.0026792148730862245
