d_most_recent_category,total,percentage
1_facilities_and_construction,27937202.967101064,0.9987110565091164
10_office_management,36055.950000000004,0.0012889434908836346
