d_fiscal_year,total
2017-2018,2721520.255067432
2018-2019,10768743.667438759
2019-2020,10091270.186207369
2020-2021,4391724.808387507
