d_fiscal_year,total
2017-2018,2146065.0318499645
2018-2019,10331815.059529467
2019-2020,11033685.386178566
2020-2021,4933551.827066752
