category,total,percentage
1_facilities_and_construction,28409061.35462475,0.9987324379922969
10_office_management,36055.950000000004,0.0012675620077030882
