owner_org,d_fiscal_year,total
dnd-mdn,2017-2018,575455.2232174674
dnd-mdn,2018-2019,436928.607909292
dnd-mdn,2019-2020,256171.8413495575
ec,2020-2021,74414.93918128655
pc,2017-2018,2146065.0318499645
pc,2018-2019,10331815.059529467
pc,2019-2020,9835098.34485781
pc,2020-2021,4317309.86920622
