d_most_recent_category,total,percentage
1_facilities_and_construction,26668647.29462475,0.9986498277224909
10_office_management,36055.950000000004,0.0013501722775091133
