d_most_recent_category,total,percentage
5_transportation_and_logistics,5344441.22,0.4931429424536535
11_defence,5219019.51,0.48157001486210005
7_travel,274048.56,0.025287042684246527
