d_most_recent_category,total,percentage
5_transportation_and_logistics,3869441.76,0.9103009002814888
11_defence,234751.20,0.05522611271249454
7_travel,146535.30,0.03447298700601661
