d_fiscal_year,total
2017-2018,10149902.177569976
2018-2019,12430517.415295424
2019-2020,10130235.157380253
2020-2021,7539507.73797541
