category,total,percentage
1_facilities_and_construction,36817609.181226365,0.9147195167721568
NA,2990643.0769946952,0.0743013914010878
2_professional_services,441910.23000000004,0.010979091826755284
