d_fiscal_year,total
2017-2018,8257661.56480489
2018-2019,10691803.151119813
2019-2020,8717972.983384984
2020-2021,6131104.2037998
