d_most_recent_category,total,percentage
1_facilities_and_construction,36487298.45122637,0.9140138764095536
NA,2990643.0769946952,0.0749161869414709
2_professional_services,441910.23000000004,0.01106993664897549
