d_most_recent_category,total,percentage
1_facilities_and_construction,32315771.230318673,0.9561291526409192
6_industrial_products_and_services,1040860.4427908129,0.030796016164681153
2_professional_services,441910.23000000004,0.013074831194399663
