d_most_recent_category,total,percentage
3_information_technology,2346578.096098575,0.613300723410736
2_professional_services,1441661.6847648064,0.37679212792867306
10_office_management,16781.460000000003,0.004385995750578242
9_human_capital,10170,0.00265802717900473
1_facilities_and_construction,6098.056375838926,0.0015937856033513224
8_security_and_protection,4856.680623973728,0.0012693401276566195
