d_fiscal_year,total
2017-2018,791710.9396757752
2018-2019,1347305.703308298
2019-2020,752414.5369499176
2020-2021,802786.9572274492
