d_most_recent_category,total,percentage
2_professional_services,18040454.50,0.8695584238050849
1_facilities_and_construction,2290877.18,0.11042136181736201
8_security_and_protection,217211.00,0.010469672746324465
11_defence,198142.08,0.00955054163122859
