d_fiscal_year,total
2017-2018,3971663.3565027327
2018-2019,3518044.365
2019-2020,2302593.8996575344
2020-2021,3116904.823674259
