d_most_recent_category,total,percentage
2_professional_services,11559820.162127415,0.8954710122211227
1_facilities_and_construction,934033.2062043796,0.07235403742250342
8_security_and_protection,217210.99999999997,0.016826053632980245
11_defence,198142.07650273226,0.015348896723393604
