d_most_recent_category,total,percentage
2_professional_services,72382887.69980294,0.775020414983275
NA,11739128.02729769,0.12569357432921013
3_information_technology,5920342.116593164,0.0633904801239021
1_facilities_and_construction,1854727.348200313,0.01985899712988308
9_human_capital,1224644.5613084487,0.013112554172315353
7_travel,252179.5,0.002700144563876068
6_industrial_products_and_services,20905,2.2383469753817895e-4
