d_most_recent_category,total,percentage
2_professional_services,63991840.908758126,0.8871254584531033
3_information_technology,3453967.579704632,0.04788270706255404
1_facilities_and_construction,2811619.7853862424,0.03897777366122333
9_human_capital,1249222.0613084487,0.0173180936524099
NA,354189.74,0.004910168718616776
7_travel,252179.5,0.0034959902914647365
6_industrial_products_and_services,20905,2.89808160627927e-4
