d_fiscal_year,total
2017-2018,10674116.807364866
2018-2019,14308534.41999616
2019-2020,23101274.916544896
2020-2021,28335388.91179736
