category,total,percentage
2_professional_services,74173600.54800324,0.7690966650567489
NA,12356167.744447287,0.12811953761077063
3_information_technology,6560269.353752473,0.068022601634118
1_facilities_and_construction,1854727.348200313,0.019231432848769922
9_human_capital,1224644.5613084487,0.012698184273428375
7_travel,252179.5,0.002614817280174483
6_industrial_products_and_services,20905,2.1676129598975164e-4
