d_fiscal_year,total
2017-2018,10681275.143845871
2018-2019,14315692.756477164
2019-2020,23108452.864906672
2020-2021,28311652.410460472
