d_fiscal_year,total
2017-2018,12148926.280746225
2018-2019,16617431.643971745
2019-2020,32769631.94917322
2020-2021,31858824.379311357
