d_fiscal_year,total
2017-2018,12325016.583138408
2018-2019,16793521.94636393
2019-2020,33206954.263034105
2020-2021,34117001.263175316
