d_most_recent_category,total,percentage
5_transportation_and_logistics,24183079.18,0.9954150824734961
1_facilities_and_construction,86471.30,0.0035593000602917946
9_human_capital,14856.52,6.115186562307359e-4
10_office_management,10060.31,4.140988099813842e-4
