d_fiscal_year,total
2017-2018,9012663.327697959
2018-2019,6101940.918319498
2019-2020,3699993.116604276
2020-2021,2229553.8279958554
