d_fiscal_year,total
2017-2018,8916131.718755651
2018-2019,6101940.918319498
2019-2020,3697796.0256183604
2020-2021,2216894.398981771
