d_most_recent_category,total,percentage
2_professional_services,189819952.89,0.737161552243336
3_information_technology,67382198.59,0.2616772649758639
1_facilities_and_construction,199426.92,7.74469994696725e-4
9_human_capital,99578.99,3.867127861033267e-4
