d_fiscal_year,total
2017-2018,29360924.4217502
2018-2019,31485029.586954627
2019-2020,30169383.693377573
2020-2021,70666511.80219737
