d_most_recent_category,total,percentage
2_professional_services,117316408.96916114,0.7256319070945301
3_information_technology,44084266.50362848,0.27267243054038887
1_facilities_and_construction,199426.91999999998,0.001233506357355587
9_human_capital,74718.99,4.621560077254793e-4
