d_fiscal_year,total
2017-2018,58093725.30064832
2018-2019,65617176.367209695
2019-2020,66128941.87491118
2020-2021,93468197.30976726
