d_most_recent_category,total,percentage
2_professional_services,3039256.4680438386,0.6344580125264498
1_facilities_and_construction,934155.8807806132,0.19500910493790358
3_information_technology,343766.3,0.07176271096724876
11_defence,243090.92,0.05074628731996881
5_transportation_and_logistics,138592.3,0.028931745686491754
6_industrial_products_and_services,91457.44,0.01909213856193727
