d_most_recent_category,total,percentage
5_transportation_and_logistics,3686005.9605599893,0.7694697833127407
6_industrial_products_and_services,505062.8182644628,0.10543406101010112
3_information_technology,475976.3,0.09936212375721669
11_defence,65189.84,0.013608662762816456
9_human_capital,37934.14,0.00791891678914178
1_facilities_and_construction,20150.25,0.004206452367983145
