d_most_recent_category,total,percentage
5_transportation_and_logistics,3686005.9605599893,0.7913094597366181
6_industrial_products_and_services,505062.8182644628,0.10842657069203114
3_information_technology,343766.3,0.0737995347916717
11_defence,65189.84,0.013994914176123462
9_human_capital,37934.14,0.00814367750626558
1_facilities_and_construction,20150.25,0.004325843097289882
