d_most_recent_category,total,percentage
5_transportation_and_logistics,1564236.1,0.32654109238990686
11_defence,1535206.4980438387,0.32048103666404226
1_facilities_and_construction,934155.8807806132,0.19500910493790358
6_industrial_products_and_services,412954.52999999997,0.0862060550408986
3_information_technology,343766.3,0.07176271096724876
