d_most_recent_category,total,percentage
1_facilities_and_construction,92225131.63,0.9680035845243584
6_industrial_products_and_services,2429068.69,0.02549573157973296
11_defence,607543.19,0.006376829995179201
3_information_technology,11800.00,1.2385390072945198e-4
