d_fiscal_year,total
2017-2018,19040482.137957424
2018-2019,18474001.047975473
2019-2020,19775586.969136532
2020-2021,19173682.142283563
