d_fiscal_year,total
2017-2018,16963685.961816013
2018-2019,16397204.871834058
2019-2020,17693100.940457746
2020-2021,17089887.94299537
