d_fiscal_year,total
2017-2018,1980259.0120845921
2018-2019,2046087.163487927
2019-2020,3039083.8229007632
2020-2021,2508798.801526718
