d_fiscal_year,total
2017-2018,1980259.0120845921
2018-2019,2068305.803487927
2019-2020,3059017.0229007634
2020-2021,2508798.801526718
