owner_org,d_fiscal_year,total
dnd-mdn,2017-2018,6031531.1619047625
dnd-mdn,2018-2019,502746.5523809524
pwgsc-tpsgc,2020-2021,257668.27000000002
