d_most_recent_category,total,percentage
1_facilities_and_construction,6534277.714285715,0.9620626738498572
2_professional_services,257668.27000000002,0.03793732615014283
