d_most_recent_category,total,percentage
3_information_technology,4572585.617860154,0.8125756875723673
2_professional_services,1029827.8629907279,0.1830065424215016
6_industrial_products_and_services,24860,0.004417770006131104
