d_fiscal_year,total
2017-2018,1279996.5834007799
2018-2019,1401296.0663617845
2019-2020,1204681.6714736011
2020-2021,1171274.302820352
