d_most_recent_category,total,percentage
6_industrial_products_and_services,3961716.08,0.6337536476841256
11_defence,1625409.80,0.2600159547826833
3_information_technology,289413.53,0.04629733078849669
2_professional_services,207251.04,0.03315384041149998
1_facilities_and_construction,101774.15,0.016280757515697193
10_office_management,65627.95,0.010498468817497367
