d_most_recent_category,total,percentage
6_industrial_products_and_services,2627998.2760829492,0.5196498079176857
1_facilities_and_construction,1030220.58,0.20371167339873436
11_defence,599206.1279735683,0.11848460942245181
10_office_management,547883.5,0.10833627941363343
2_professional_services,207251.04,0.04098098697662207
3_information_technology,44689.1,0.00883664287087274
