d_fiscal_year,total
2017-2018,1273373.5240565175
2018-2019,1158072.5957060468
2019-2020,1154028.7414736012
2020-2021,1156790.312820352
