d_most_recent_category,total,percentage
6_industrial_products_and_services,1972338.6932258066,0.3900023194121224
1_facilities_and_construction,1030220.58,0.20371167339873433
2_professional_services,862910.6228571428,0.17062847548218527
11_defence,599206.1279735683,0.11848460942245179
10_office_management,547883.5,0.1083362794136334
3_information_technology,44689.1,0.008836642870872739
