d_most_recent_category,total,percentage
6_industrial_products_and_services,3162531.3840565174,0.6253462345143296
3_information_technology,868271.87,0.1716885869264506
5_transportation_and_logistics,673497,0.1331745876198934
2_professional_services,207251.04,0.04098098697662207
1_facilities_and_construction,80069.38,0.015832597119928585
10_office_management,65627.95,0.012977006842775815
