d_most_recent_category,total,percentage
2_professional_services,15393467.221219283,0.998662304876609
11_defence,20619.348435754193,0.0013376951233909963
