d_fiscal_year,total
2017-2018,5611281.573057682
2018-2019,5590662.224621928
2019-2020,4212142.771975425
