d_most_recent_category,total,percentage
5_transportation_and_logistics,266701572.27321857,0.9972572874329722
3_information_technology,366141.58,0.0013690858879270606
6_industrial_products_and_services,266093.9168045113,9.949851266832183e-4
2_professional_services,101262.03,3.7864155241763755e-4
