d_fiscal_year,total
2017-2018,66752284.78829493
2018-2019,52388799.49451138
2019-2020,63659284.47923461
2020-2021,70740606.35114017
