d_most_recent_category,total,percentage
5_transportation_and_logistics,252761470.54047495,0.9969255282213922
3_information_technology,366141.58,0.0014441120605320453
6_industrial_products_and_services,202136.7168045113,7.972546319752739e-4
NA,109964.24590163934,4.3371390305867175e-4
2_professional_services,101262.03,3.993911830417015e-4
