d_most_recent_category,total,percentage
3_information_technology,366504924.7439501,0.41441054422176904
1_facilities_and_construction,305957153.8753293,0.3459486137453647
2_professional_services,170733137.53330114,0.1930495544945154
10_office_management,30716453.45026555,0.034731381030637304
11_defence,9447855.612487672,0.010682778652524342
6_industrial_products_and_services,993639.6093488372,0.001123517594090268
NA,36564.945890410956,4.134432610004068e-5
9_human_capital,10848,1.2265934998986552e-5
