category,total,percentage
1_facilities_and_construction,936458746.7822014,0.5335382286193309
3_information_technology,483028067.4720908,0.2752005257871933
2_professional_services,184772231.3936739,0.10527217496186196
NA,149263431.93704244,0.08504138313297593
10_office_management,1252822.9833471265,7.137836638350845e-4
6_industrial_products_and_services,245167.97,1.3968205740772457e-4
9_human_capital,165376.72999999998,9.422177739515387e-5
