d_fiscal_year,total
2017-2018,565105766.0216601
2018-2019,432927618.8673276
2019-2020,368057242.34947634
2020-2021,389095218.0298917
