d_fiscal_year,total
2017-2018,205750204.43723932
2018-2019,210597263.72332144
2019-2020,205858367.69936347
2020-2021,261347020.23129997
