d_fiscal_year,total
2017-2018,521709991.9420671
2018-2019,389531844.7877345
2019-2020,324542575.73815835
2020-2021,345699443.95029867
