d_most_recent_category,total,percentage
3_information_technology,396251139.7730163,0.44836005867526096
1_facilities_and_construction,303903145.1353293,0.34386786133290365
NA,91961287.6554248,0.1040546365435252
2_professional_services,89999915.84410669,0.10183533496395035
10_office_management,1252822.9833471265,0.0014175751939666335
6_industrial_products_and_services,245167.97,2.7740872992179123e-4
9_human_capital,165376.72999999998,1.871245604714147e-4
