d_fiscal_year,total
2017-2018,1199811.3067908348
2018-2019,1236338.159507653
2019-2020,1188533.5550172925
2020-2021,1495979.6275841054
