d_fiscal_year,total
2017-2018,1213896.5744697936
2018-2019,1549327.781037495
2019-2020,1755552.9046588945
2020-2021,1998952.6545681956
