d_most_recent_category,total,percentage
3_information_technology,58902157.87879131,0.9701116159637211
2_professional_services,1147693.0406976745,0.01890236946212852
NA,353964.41131041106,0.005829752243654752
9_human_capital,200117.4,0.0032959100530060596
6_industrial_products_and_services,96818.4,0.001594587666419621
10_office_management,16136.4,2.657646110699368e-4
