d_most_recent_category,total,percentage
3_information_technology,61365289.22,0.6018773817946369
11_defence,38937649.30,0.3819046681184772
2_professional_services,1187630.19,0.011648405129179777
9_human_capital,222147.89,0.0021788504886292395
0_other,130791.95,0.0012828215958615593
6_industrial_products_and_services,96818.40,9.496053198988347e-4
10_office_management,16136.40,1.5826755331647247e-4
