d_most_recent_category,total,percentage
3_information_technology,58950753.5819567,0.9701355184649672
2_professional_services,1147693.0406976745,0.018887252756284723
9_human_capital,423289.8582809204,0.006965958892339115
NA,130791.9530294906,0.0021524053799737513
6_industrial_products_and_services,96818.4,0.001593312434087309
10_office_management,16136.4,2.6555207234788485e-4
