d_most_recent_category,total,percentage
3_information_technology,46002869.238834135,0.7384907082607184
11_defence,14698665.03663181,0.2359597940953211
2_professional_services,1147693.0406976745,0.01842408224779249
9_human_capital,200117.4,0.0032125135433191264
NA,130791.9530294906,0.002099622124135121
6_industrial_products_and_services,96818.4,0.0015542397674689382
10_office_management,16136.4,2.59039961244823e-4
