d_fiscal_year,total
2017-2018,11937206.39616616
2018-2019,15302563.091307169
2019-2020,11290547.550550167
2020-2021,22857964.459408343
