d_most_recent_category,total,percentage
3_information_technology,38902519.69358027,0.6245077708628317
10_office_management,17050870.030736383,0.2737200808081398
11_defence,4194706.671892084,0.06733823242608798
2_professional_services,1729161.7499548837,0.027758483471799378
9_human_capital,164492.97,0.002640629420059359
NA,130791.9530294906,0.002099622124135121
1_facilities_and_construction,120548.4,0.0019351808869466191
