d_most_recent_category,total,percentage
3_information_technology,60701534.27546595,0.9744505023560395
2_professional_services,1147693.0406976745,0.018424082247792486
9_human_capital,200117.4,0.003212513543319126
NA,130791.9530294906,0.0020996221241351204
6_industrial_products_and_services,96818.4,0.001554239767468938
10_office_management,16136.4,2.59039961244823e-4
