d_most_recent_category,total,percentage
3_information_technology,59622147.54858914,0.9704618832418382
2_professional_services,1147693.0406976745,0.018680849238973327
9_human_capital,423289.8582809204,0.006889833558740932
NA,130791.9530294906,0.002128883481535731
6_industrial_products_and_services,96818.4,0.00157590041049578
10_office_management,16136.4,2.6265006841596334e-4
