d_fiscal_year,total
2017-2018,11937206.39616616
2018-2019,15312292.865573324
2019-2020,11310007.09908248
2020-2021,22877370.839775264
