d_fiscal_year,total
2017-2018,131975600.3818612
2018-2019,143183372.69547015
2019-2020,136806035.0576145
2020-2021,125663733.80214
