d_fiscal_year,total
2017-2018,131597163.27181885
2018-2019,142688851.92839438
2019-2020,136042959.5057064
2020-2021,125607707.77979283
