d_fiscal_year,total
2017-2018,136308506.40361136
2018-2019,147702614.32843873
2019-2020,141788943.89866653
2020-2021,135213136.8661545
