d_fiscal_year,total
2017-2018,132187036.37488589
2018-2019,143263566.36034667
2019-2020,137240859.63350332
2020-2021,125732143.05162859
