d_most_recent_category,total,percentage
10_office_management,13712780.782003166,0.8480008916614232
1_facilities_and_construction,1359475.8849406643,0.08407023935910096
6_industrial_products_and_services,824909.88,0.051012579060432627
3_information_technology,208500.614,0.01289371640914732
5_transportation_and_logistics,65047.89,0.0040225735098958024
