d_most_recent_category,total,percentage
10_office_management,14335723.56507766,0.8489203032396125
1_facilities_and_construction,1359475.8849406643,0.0805042504657502
6_industrial_products_and_services,918259.59,0.05437669093274396
3_information_technology,208500.614,0.012346806469797226
5_transportation_and_logistics,65047.89,0.003851948892096108
