d_most_recent_category,total,percentage
10_office_management,14238500.73507766,0.8468660696379647
1_facilities_and_construction,1382858.2649406642,0.0822485292156912
6_industrial_products_and_services,918259.59,0.05461550372188308
3_information_technology,208500.614,0.012401031455529812
5_transportation_and_logistics,65047.89,0.003868865968931118
