d_fiscal_year,total
2017-2018,5510892.851437719
2018-2019,3762743.414616643
2019-2020,4273484.793294879
2020-2021,2623593.99159459
