d_most_recent_category,total,percentage
2_professional_services,22964516.343135927,0.9319672086843899
1_facilities_and_construction,910717.1827224896,0.03695956570565804
4_medical,748714.93,0.030385040685648648
6_industrial_products_and_services,16957.5,6.881849243034153e-4
3_information_technology,0,0
