d_most_recent_category,total,percentage
2_professional_services,17072938.7648125,0.9855996462170035
1_facilities_and_construction,219628.50505212508,0.012678882051910242
6_industrial_products_and_services,16957.5,9.789355090507985e-4
4_medical,12862.5,7.425362220354354e-4
