d_most_recent_category,total,percentage
2_professional_services,23713231.273135927,0.9623522493700385
1_facilities_and_construction,910717.1827224896,0.03695956570565804
6_industrial_products_and_services,16957.5,6.881849243034153e-4
11_defence,0,0
