d_most_recent_category,total,percentage
2_professional_services,22964516.343135927,0.9319672086843899
1_facilities_and_construction,752588.8150521251,0.030542254266150305
4_medical,748714.93,0.030385040685648648
6_industrial_products_and_services,175085.8676703645,0.007105496363811151
3_information_technology,0,0
