d_most_recent_category,total,percentage
10_office_management,3757250.0000000005,0.5231710848998891
1_facilities_and_construction,2938000,0.409096186688635
2_professional_services,223286.15414500685,0.03109105316579069
3_information_technology,151814.97,0.02113918492486369
9_human_capital,56474.189999999995,0.007863640495346986
11_defence,54859.814189189194,0.007638849825474598
