d_fiscal_year,total
2017-2018,1536004.1957660466
2018-2019,1710055.1407873272
2019-2020,112908.89178082193
2020-2021,3822716.9000000004
