d_most_recent_category,total,percentage
3_information_technology,28776380.54306444,0.5832553663896911
10_office_management,12984435.664070195,0.26317561964671415
2_professional_services,7576716.203733993,0.15356901396359474
