d_most_recent_category,total,percentage
5_transportation_and_logistics,11906120.76016673,0.9956845215912031
NA,27429.149999999998,0.002293843699853494
10_office_management,24174.149999999998,0.0020216347089433446
