d_most_recent_category,total,percentage
5_transportation_and_logistics,11609225.410166731,0.995574645569143
NA,27429.149999999998,0.002352247055656116
10_office_management,24174.149999999998,0.00207310737520081
