d_most_recent_category,total,percentage
5_transportation_and_logistics,10632335.14016673,0.911799272970772
11_defence,976890.27,0.08377537259837102
NA,27429.149999999998,0.002352247055656116
10_office_management,24174.149999999998,0.00207310737520081
