owner_org,d_fiscal_year,total
dnd-mdn,2017-2018,307083.0095041322
dnd-mdn,2018-2019,1521241.0709884074
dnd-mdn,2019-2020,1564663.4795074605
dnd-mdn,2020-2021,637985.4341770068
