d_most_recent_category,total,percentage
1_facilities_and_construction,4089315.024177007,0.986650586744967
6_industrial_products_and_services,44800,0.010809132097879978
11_defence,10528.56,0.002540281157153018
