d_most_recent_category,total,percentage
1_facilities_and_construction,6739564.20,0.9918573313878173
6_industrial_products_and_services,44800.00,0.006593187204326092
11_defence,10528.56,0.0015494814078566856
