d_most_recent_category,total,percentage
3_information_technology,690349292.425184,0.9198518575503349
10_office_management,36468663.86546659,0.048592456843379345
11_defence,18829274.32677508,0.025088955918189697
1_facilities_and_construction,2961061.224489796,0.003945448626591286
2_professional_services,1715571.5482575581,0.002285903227164155
6_industrial_products_and_services,137424.94999999998,1.8311106698926837e-4
9_human_capital,38968.05,5.1922749209595203e-5
NA,258.18579234972674,3.4401814167389657e-7
