d_fiscal_year,total
2017-2018,140332419.3606895
2018-2019,141477583.0965095
2019-2020,203432284.88569823
2020-2021,260235964.71334738
