d_fiscal_year,total
2017-2018,142169922.4934056
2018-2019,192936800.77054074
2019-2020,1505218390.856864
2020-2021,1561885206.5753713
