d_most_recent_category,total,percentage
3_information_technology,738731520.2413579,0.993647988095358
1_facilities_and_construction,2961061.224489796,0.0039828441696655534
2_professional_services,1133124.6262847087,0.0015241355950281412
5_transportation_and_logistics,367699.7253235429,4.945830552506851e-4
6_industrial_products_and_services,137424.94999999998,1.8484662064641692e-4
9_human_capital,122859.62000000001,1.652551852549551e-4
NA,258.18579234972674,3.4727879627945665e-7
