d_most_recent_category,total,percentage
3_information_technology,726786891.0075395,0.9684029216398018
11_defence,18991195.236535497,0.025304706482800438
1_facilities_and_construction,2961061.224489796,0.003945448626591286
2_professional_services,1133124.6262847087,0.0015098252489872401
5_transportation_and_logistics,367699.7253235429,4.89939338058008e-4
6_industrial_products_and_services,137424.94999999998,1.8311106698926837e-4
9_human_capital,122859.62000000001,1.6370357863034377e-4
NA,258.18579234972674,3.4401814167389657e-7
