d_most_recent_category,total,percentage
3_information_technology,740633950.2243541,0.9936642008202335
1_facilities_and_construction,2961061.224489796,0.003972678452454344
2_professional_services,1133124.6262847087,0.0015202454274015492
5_transportation_and_logistics,367699.7253235429,4.933206931639565e-4
6_industrial_products_and_services,137424.94999999998,1.8437482250596975e-4
9_human_capital,122859.62000000001,1.6483339183060206e-4
NA,258.18579234972674,3.4639241009761353e-7
