d_most_recent_category,total,percentage
3_information_technology,745992881.1460614,0.9937094284980357
1_facilities_and_construction,2961061.224489796,0.003944319753581316
2_professional_services,1133124.6262847087,0.0015093932573090655
5_transportation_and_logistics,367699.7253235429,4.897991564595128e-4
6_industrial_products_and_services,137424.94999999998,1.830586751928177e-4
9_human_capital,122859.62000000001,1.6365673971060576e-4
NA,258.18579234972674,3.4391971109430207e-7
