d_fiscal_year,total
2017-2018,140332419.3606895
2018-2019,141228816.84609824
2019-2020,206035494.00315782
2020-2021,262966268.31568122
