d_fiscal_year,total
2017-2018,142169922.4934056
2018-2019,192717428.47054073
2019-2020,1504985761.9897227
2020-2021,1560771995.405947
