d_most_recent_category,total,percentage
2_professional_services,3954396.501420069,0.9147349089403052
1_facilities_and_construction,368600.75469331874,0.08526509105969479
