d_most_recent_category,total,percentage
2_professional_services,4339289.14007766,0.9217057401655205
1_facilities_and_construction,368600.75469331874,0.07829425983447937
