owner_org,d_fiscal_year,total
aandc-aadnc,2020-2021,5336.1631088082895
pwgsc-tpsgc,2017-2018,397969.51557006576
pwgsc-tpsgc,2018-2019,1284675.0898819158
pwgsc-tpsgc,2019-2020,1566516.1408994405
pwgsc-tpsgc,2020-2021,1453392.985310748
