d_most_recent_category,total,percentage
7_travel,9976803.989835842,0.9221555786188533
5_transportation_and_logistics,842199.03,0.07784442138114672
