d_most_recent_category,total,percentage
6_industrial_products_and_services,6031319.318092736,0.7966625251289314
1_facilities_and_construction,1395823.5272150456,0.1843709870392261
2_professional_services,96262.40956164383,0.012715071153060017
3_information_technology,47327.80693316273,0.0062514166787824895
