d_most_recent_category,total,percentage
2_professional_services,4891973.316666666,0.727658228043192
10_office_management,1379026.34,0.2051237400601838
5_transportation_and_logistics,259344.91,0.03857634648571815
6_industrial_products_and_services,182837.39999999997,0.02719621099541858
11_defence,9717.779581087703,0.0014454744154873763
