d_most_recent_category,total,percentage
3_information_technology,4229187.828293751,0.8340979031989934
10_office_management,663612.3400000001,0.13088036847828818
6_industrial_products_and_services,161867.6,0.03192419708876444
2_professional_services,15705.64,0.0030975312339540607
