d_fiscal_year,total
2017-2018,1364997.1836529542
2018-2019,1391993.8650396855
2019-2020,1125083.1810658404
2020-2021,1188299.178535271
