d_most_recent_category,total,percentage
3_information_technology,2560803.7364307377,0.5074687442269481
11_defence,1387489.9918630137,0.2749557858657186
10_office_management,920362.51,0.18238617842468713
6_industrial_products_and_services,161867.6,0.03207693996007713
2_professional_services,15705.64,0.0031123515225689744
