d_fiscal_year,total
2017-2018,1090554.769239188
2018-2019,1388838.4576321617
2019-2020,1268213.3804888516
2020-2021,1941493.124848595
