d_fiscal_year,total
2017-2018,1090554.769239188
2018-2019,1388838.4576321617
2019-2020,1343211.4204888516
2020-2021,2266493.114848595
