d_most_recent_category,total,percentage
2_professional_services,3319176.7334856847,0.5091084199267443
1_facilities_and_construction,1799378.5684545736,0.2759957825065617
6_industrial_products_and_services,1401031.8892581938,0.214895797566694
