d_fiscal_year,total
2017-2018,2090956.6730157435
2018-2019,1642515.98824523
2019-2020,1316434.0908689944
2020-2021,1106846.9494915328
