d_fiscal_year,total
2017-2018,3206144.1663045925
2018-2019,4677780.646753057
2019-2020,4323822.704080885
2020-2021,3798111.599044973
