d_fiscal_year,total
2018-2019,76683.1175695427
2019-2020,4721431.789732515
2020-2021,4782292.696061743
