d_most_recent_category,total,percentage
2_professional_services,13513050.23,0.9313403672633399
3_information_technology,912321.17,0.06287858892289325
11_defence,47432.88,0.0032691476109719324
9_human_capital,36445.73,0.00251189620279494
