d_fiscal_year,total
2017-2018,1190415.1177437021
2018-2019,1190415.1177437021
2019-2020,1234024.3090251917
2020-2021,1214074.497743702
