d_fiscal_year,total
2017-2018,15366757.898414308
2018-2019,16532035.71289158
2019-2020,16320572.832806414
2020-2021,193548.7902559868
