owner_org,d_fiscal_year,total
pwgsc-tpsgc,2017-2018,2803198.9199006623
pwgsc-tpsgc,2018-2019,3157924.709147351
pwgsc-tpsgc,2019-2020,5066321.08043152
pwgsc-tpsgc,2020-2021,4625669.731903445
