owner_org,d_fiscal_year,total
dnd-mdn,2020-2021,263350
pwgsc-tpsgc,2017-2018,2240630.9955288325
pwgsc-tpsgc,2018-2019,5758215.264471168
