d_fiscal_year,total
2017-2018,2240630.9955288325
2018-2019,5758215.264471168
