owner_org,d_fiscal_year,total
dnd-mdn,2017-2018,114985362.36014695
dnd-mdn,2018-2019,111439461.47142516
dnd-mdn,2019-2020,191762649.08975783
dnd-mdn,2020-2021,223296491.0274405
pwgsc-tpsgc,2018-2019,20816.25
pwgsc-tpsgc,2019-2020,38381.700000000004
