d_most_recent_category,total,percentage
11_defence,415009585.3656511,0.981969683058645
1_facilities_and_construction,7580506.042183624,0.017936518524285863
2_professional_services,39642.00000000001,9.37984170691222e-5
