d_most_recent_category,total,percentage
5_transportation_and_logistics,414919951.218032,0.9919066919573739
NA,3300074.717594234,0.007889151116334182
1_facilities_and_construction,45757.950000000004,1.0938885122783757e-4
2_professional_services,39642.00000000001,9.476807506398205e-5
