d_fiscal_year,total
2017-2018,247379366.82505056
2018-2019,291258830.19844186
2019-2020,361555173.659039
2020-2021,383796049.8172349
