d_fiscal_year,total
2017-2018,248175524.55764282
2018-2019,296662700.4060603
2019-2020,370555304.318259
2020-2021,373845409.662624
