d_fiscal_year,total
2017-2018,247486973.86090124
2018-2019,293948697.07371306
2019-2020,366917167.6881672
2020-2021,371752305.9236946
