d_fiscal_year,total
2017-2018,368248120.6883513
2018-2019,411825684.6898917
2019-2020,449232004.73198485
2020-2021,446147878.7189962
