d_most_recent_category,total,percentage
5_transportation_and_logistics,94894244.16538896,0.946728736252759
2_professional_services,3238860.11,0.03231304454562651
6_industrial_products_and_services,1975160.6332530119,0.019705529525655383
NA,125561.88,0.0012526896759590554
