category,total,percentage
5_transportation_and_logistics,44748527.89,0.9966192018918986
NA,127711.1,0.0028443245075594923
6_industrial_products_and_services,24087.84,5.364736005419407e-4
