d_fiscal_year,total
2017-2018,19391607.66236773
2018-2019,26679810.11160899
2019-2020,41584416.897281796
2020-2021,12577992.117383447
