d_most_recent_category,total,percentage
5_transportation_and_logistics,139394739.16864195,0.9755867983305353
1_facilities_and_construction,3238860.11,0.022667922647587314
NA,125561.88,8.787742868356364e-4
6_industrial_products_and_services,123808.76999999999,8.665047350417764e-4
