d_most_recent_category,total,percentage
11_defence,144690495.60,0.9726674829484994
1_facilities_and_construction,3238860.11,0.021772915336846575
5_transportation_and_logistics,503275.95,0.003383222551909205
6_industrial_products_and_services,198188.41,0.001332301897927366
NA,125561.88,8.440772648174946e-4
