d_most_recent_category,total,percentage
5_transportation_and_logistics,137845225.50538895,0.9622524741072055
2_professional_services,3238860.11,0.02260942403125014
6_industrial_products_and_services,2043011.463253012,0.014261595408451328
NA,125561.88,8.765064530931367e-4
