d_most_recent_category,total,percentage
5_transportation_and_logistics,17575633.836395938,0.5421319787521529
NA,14714845.198607596,0.4538890727248216
6_industrial_products_and_services,128995.42,0.0039789485230255234
