d_fiscal_year,total
2017-2018,1489120.2850164347
2018-2019,13484159.822012214
2019-2020,11486748.844123406
2020-2021,8277670.503851479
