category,total,percentage
5_transportation_and_logistics,19893858.836395938,0.5726878621356277
NA,14714845.198607596,0.42359872500100476
6_industrial_products_and_services,128995.42,0.003713412863367375
