d_most_recent_category,total,percentage
2_professional_services,16828432.27,0.5190840552753854
8_security_and_protection,14583528,0.4498385074144599
11_defence,526107.735003534,0.016228138914890274
5_transportation_and_logistics,380013.03,0.011721751705982693
6_industrial_products_and_services,89718.31,0.00276742024688044
1_facilities_and_construction,11675.11,3.601264424012924e-4
