d_fiscal_year,total
2017-2018,9140264.916743696
2018-2019,7842702.834760304
2019-2020,11850713.648480574
2020-2021,8502078.513595877
