owner_org,d_fiscal_year,total
csc-scc,2017-2018,10186621.745502973
csc-scc,2018-2019,8866726.623551754
csc-scc,2019-2020,3100420.9609452737
dfo-mpo,2018-2019,28152
dfo-mpo,2019-2020,36489.5
pc,2019-2020,4773114.127657222
pc,2020-2021,4949393.910780926
pwgsc-tpsgc,2017-2018,477836.68728723406
pwgsc-tpsgc,2018-2019,3299616.6585048456
pwgsc-tpsgc,2019-2020,3639447.2852884172
pwgsc-tpsgc,2020-2021,3552684.6028149514
rcmp-grc,2017-2018,5248395.811246854
