d_most_recent_category,d_fiscal_year,total
4_medical,2019-2020,339775.1978891821
4_medical,2020-2021,62708121.82211082
