d_fiscal_year,total
2017-2018,13180119.052366622
2018-2019,14670738.296658147
2019-2020,18749052.51316496
2020-2021,10942896.286038727
