d_most_recent_category,total,percentage
3_information_technology,57508008.238228455,0.9993952691512757
10_office_management,18045.68,3.136044487214422e-4
4_medical,16752.23,2.9112640000292624e-4
