d_fiscal_year,total
2017-2018,1892775.3896717394
2018-2019,1924127.2152099966
2019-2020,4302185.684322966
2020-2021,3496477.44779291
