d_most_recent_category,total,percentage
1_facilities_and_construction,4162619.2576679843,0.9525778001305651
10_office_management,110242.97888888889,0.02522810946890455
2_professional_services,96984.7797156398,0.02219409040053031
