d_most_recent_category,total,percentage
1_facilities_and_construction,4272862.236556873,0.9778059095994698
2_professional_services,96984.7797156398,0.022194090400530313
