d_fiscal_year,total
2017-2018,964594.9294567653
2018-2019,1715846.373539986
2019-2020,1574218.4578656717
2020-2021,1435379.302784607
