owner_org,d_fiscal_year,total
dfo-mpo,2017-2018,2046081.696853147
dfo-mpo,2018-2019,1003198.1732673268
dfo-mpo,2019-2020,4918775.5049512
dfo-mpo,2020-2021,1546554.8617814726
pc,2017-2018,435082.38
pc,2018-2019,650611.2274351161
pc,2019-2020,3081934.508699442
pc,2020-2021,2042256.2740088908
pwgsc-tpsgc,2018-2019,956627.5
pwgsc-tpsgc,2019-2020,97259.81
pwgsc-tpsgc,2020-2021,39905
