d_most_recent_category,total,percentage
1_facilities_and_construction,18515480.39,0.8485248323569626
5_transportation_and_logistics,2838484.46,0.13008166675521018
2_professional_services,397785.00,0.0182296350614147
10_office_management,69038.05,0.003163865826412509
