d_fiscal_year,total
2017-2018,2481164.076853147
2018-2019,2610436.900702443
2019-2020,8097969.823650642
2020-2021,3628716.1357903634
