d_most_recent_category,total,percentage
1_facilities_and_construction,16314216.946853146,0.9700284581877002
2_professional_services,397785,0.02365193324921571
10_office_management,106284.99014344912,0.006319608563084099
