owner_org,d_fiscal_year,total
pc,2017-2018,435082.38
pc,2018-2019,650611.2274351161
pc,2019-2020,3081934.508699442
pc,2020-2021,2042256.2740088908
pwgsc-tpsgc,2018-2019,956627.5
pwgsc-tpsgc,2019-2020,97259.81
pwgsc-tpsgc,2020-2021,39905
