d_most_recent_category,total,percentage
2_professional_services,3847443.42,0.517017226353612
9_human_capital,2352021.52,0.3160632938245025
3_information_technology,694373.82,0.09330955277793215
NA,515088.00,0.06921722816164974
10_office_management,32688.78,0.0043926988823035275
