d_fiscal_year,total
2017-2018,2051617.7435671415
2018-2019,1841648.5936268382
2019-2020,1781644.5345970087
2020-2021,1766704.6577570129
