d_fiscal_year,total
2017-2018,143835511.44815764
2018-2019,218323353.40242174
2019-2020,168565029.47365934
2020-2021,299069357.4348957
