d_fiscal_year,total
2017-2018,232758425.96646842
2018-2019,271959870.7674676
2019-2020,203229922.39582705
2020-2021,330690917.1265685
