d_fiscal_year,total
2017-2018,144477587.44580662
2018-2019,218965429.40007076
2019-2020,169403013.06972995
2020-2021,300976865.5294419
