d_fiscal_year,total
2017-2018,144601245.66399297
2018-2019,225152077.27902094
2019-2020,176047084.07773817
2020-2021,325974015.9701945
