d_fiscal_year,total
2017-2018,143460863.11665663
2018-2019,217535929.40891147
2019-2020,167772109.7057283
2020-2021,297638817.1337046
