d_fiscal_year,total
2017-2018,22761868.850086726
2018-2019,13519366.561931638
2020-2021,82058.61663113006
