d_fiscal_year,total
2017-2018,8329262.691925632
2018-2019,8219079.546336631
2019-2020,8460752.935099933
2020-2021,8721261.274489108
