d_fiscal_year,total
2018-2019,1859261.6531143053
2019-2020,1864355.5206570842
2020-2021,1859261.6531143053
