d_fiscal_year,total
2018-2019,822232.1447702406
2019-2020,3306999.6152297594
