d_most_recent_category,total,percentage
3_information_technology,25637118.480716955,0.9427336459559177
2_professional_services,1152063.2035584783,0.042363916408126916
1_facilities_and_construction,405263.52375711245,0.014902437635955447
