d_fiscal_year,total
2017-2018,6254160.53941607
2018-2019,4061136.988438613
2019-2020,6091404.863761125
2020-2021,10706276.956832072
