d_most_recent_category,total,percentage
10_office_management,22997058.20348412,0.8456527804689825
3_information_technology,3142853.4156192215,0.11556968313113085
2_professional_services,929114.6966971642,0.03416560586508039
1_facilities_and_construction,102278.40328467153,0.003761003488111649
11_defence,23140.48894736842,8.509270466945693e-4
