d_most_recent_category,total,percentage
10_office_management,22997058.20348412,0.8456527804689825
3_information_technology,3298635.718757908,0.12129814355556608
2_professional_services,773332.3935584781,0.028437145440645184
1_facilities_and_construction,102278.40328467153,0.003761003488111649
11_defence,23140.48894736842,8.509270466945693e-4
