d_most_recent_category,total,percentage
3_information_technology,25040587.240510177,0.9207978706296175
2_professional_services,1152063.2035584783,0.04236391640812691
11_defence,596531.2402067798,0.02193577532630008
1_facilities_and_construction,405263.52375711245,0.014902437635955446
