d_fiscal_year,total
2017-2018,6311975.359432818
2018-2019,4344677.538020381
2019-2020,6538231.1184917
2020-2021,10452917.192087647
