d_fiscal_year,total
2017-2018,2085237.4276558603
2018-2019,3856698.4309836654
2019-2020,2818002.4320393256
2020-2021,3924162.8930533063
