d_fiscal_year,total
2017-2018,2082303.8489197826
2018-2019,1604752.2002313945
2019-2020,1218176.3866229567
2020-2021,227782.52260163435
