d_most_recent_category,total,percentage
3_information_technology,3345341.125871707,0.6517302507394734
2_professional_services,1690018.9525040607,0.32924489139591967
9_human_capital,97654.88,0.019024857864606885
