d_most_recent_category,total,percentage
3_information_technology,3295626.78,0.6394654207197594
2_professional_services,1710725.63,0.33193985873935933
9_human_capital,97654.88,0.018948419578858455
11_defence,49714.35,0.009646300962022809
