d_most_recent_category,total,percentage
3_information_technology,3295626.775871707,0.642045036415506
2_professional_services,1690018.9525040607,0.32924489139591967
9_human_capital,97654.88,0.019024857864606885
11_defence,49714.350000000006,0.009685214323967418
