d_most_recent_category,total,percentage
2_professional_services,12124987.25,0.8687102055967193
9_human_capital,1030359.74,0.07382144020278676
3_information_technology,714493.42,0.051190794207639466
10_office_management,87618.79,0.0062775599928544664
