d_most_recent_category,total,percentage
2_professional_services,12124987.254586138,0.8687102055967193
9_human_capital,1030359.74,0.07382144020278676
3_information_technology,714493.4217659137,0.051190794207639466
10_office_management,87618.78749999999,0.0062775599928544664
