category,total,percentage
4_medical,29037033.663250167,0.5436666624985595
6_industrial_products_and_services,24196030.48938112,0.45302751288000565
3_information_technology,176562.86,0.003305824621434693
