d_most_recent_category,total,percentage
4_medical,29037033.663250167,0.5607660524667833
6_industrial_products_and_services,19495702.460028052,0.3765029250358072
1_facilities_and_construction,3071712.9654972665,0.05932122316450608
3_information_technology,159492.86,0.0030801418125582162
11_defence,17070,3.29657520345229e-4
