d_fiscal_year,total
2017-2018,5163090.078856808
2018-2019,4701939.978556787
2019-2020,5989108.768516545
2020-2021,37555488.18670114
