d_most_recent_category,total,percentage
4_medical,38317615.62,0.5715916177082585
6_industrial_products_and_services,24588163.19,0.3667866005992277
1_facilities_and_construction,3819414.21,0.05697497380123348
3_information_technology,249609.49,0.0037234751453536154
2_professional_services,44827.18,6.686961054049869e-4
11_defence,17070.00,2.546366405217354e-4
