d_most_recent_category,d_fiscal_year,total
NA,2017-2018,2317791.211611503
NA,2018-2019,2635494.6798697775
NA,2019-2020,2642715.2132392838
NA,2020-2021,2635494.6798697775
