d_fiscal_year,total
2017-2018,13085882.541720154
2018-2019,6560867.137355584
