d_fiscal_year,total
2017-2018,31449230.570940234
2018-2019,30008448.823282138
2019-2020,31707131.438333843
2020-2021,31862676.125012413
