d_most_recent_category,total,percentage
3_information_technology,99982575.6650726,0.78607489841007006
2_professional_services,27197101.0558277,0.21382684240026617
8_security_and_protection,12497.8,9.825918966379768e-5
