d_fiscal_year,total
2017-2018,30760027.28992905
2018-2019,28990413.42537549
2019-2020,33040036.829993058
2020-2021,33903442.96369455
