d_most_recent_category,total,percentage
3_information_technology,84761497.87,0.6690257711317379
2_professional_services,27197101.06,0.21466776737639412
11_defence,14722823.79,0.1162078158745424
8_security_and_protection,12497.80,9.864561732552085e-5
