d_fiscal_year,total
2017-2018,31457487.631815575
2018-2019,31614966.18836646
2019-2020,33625486.09623168
2020-2021,37258671.2499057
