d_most_recent_category,total,percentage
3_information_technology,108811632.70485346,0.7829822969659561
2_professional_services,28051100.365827702,0.201848960914256
NA,2095513.584840743,0.015078810961622356
8_security_and_protection,12497.8,8.99311581654509e-5
