d_most_recent_category,total,percentage
3_information_technology,112878383.56,0.6897811442560323
2_professional_services,33254708.47,0.20321402680879805
11_defence,17498175.29,0.10692845694512987
8_security_and_protection,12497.80,7.637199003986483e-5
