d_most_recent_category,total,percentage
3_information_technology,96476360.37053657,0.7630449722120325
2_professional_services,27994269.70738991,0.22141057839382375
9_human_capital,1952880.3312043794,0.015445602553144729
8_security_and_protection,12497.8,9.884684099902992e-5
