d_most_recent_category,total,percentage
1_facilities_and_construction,4979015.305917151,0.5956082745685877
2_professional_services,3123967.9851455693,0.37370063498877315
3_information_technology,256563.61,0.030691090442639173
