d_most_recent_category,total,percentage
2_professional_services,5370263.63,0.7056553265131895
4_medical,956206.52,0.12564601502447217
NA,750000.00,0.09855037497230429
1_facilities_and_construction,402904.72,0.05294188164548169
9_human_capital,73128.08,0.00960906656134065
6_industrial_products_and_services,44800.35,0.005886788388520629
3_information_technology,13017.81,0.0017105468946909572
