d_most_recent_category,total,percentage
2_professional_services,5155887.824548579,0.6774862378992009
4_medical,956206.5217391305,0.1256460150244722
NA,750000,0.0985503749723043
1_facilities_and_construction,632230.53,0.08307540773391825
9_human_capital,58178.08219178082,0.007644629086892719
6_industrial_products_and_services,44800.35,0.00588678838852063
3_information_technology,13017.811158798284,0.0017105468946909575
