d_most_recent_category,total,percentage
2_professional_services,6615502.73,0.7352067165740362
4_medical,956206.52,0.10626697404026994
0_other,750000.00,0.0833504360389063
1_facilities_and_construction,402904.72,0.04477637879217793
9_human_capital,200721.15,0.02230692724242674
6_industrial_products_and_services,44800.35,0.004978838276260821
11_defence,15000.00,0.0016670087207781258
3_information_technology,13017.81,0.0014467203151439692
