d_most_recent_category,total,percentage
2_professional_services,5065874.820079523,0.9895972370929689
11_defence,53253.07377049181,0.010402762907031224
