d_fiscal_year,total
2017-2018,4164813.903260247
2018-2019,2472539.930725903
2019-2020,1492140.1173650594
2020-2021,64293.64740912533
