d_most_recent_category,total,percentage
6_industrial_products_and_services,7738651.691620047,0.7607130728051741
1_facilities_and_construction,1405007.5115520526,0.1381128940826336
11_defence,870587.72,0.08557917916693421
5_transportation_and_logistics,158644.76,0.015594853945258128
