d_most_recent_category,total,percentage
6_industrial_products_and_services,8609239.411620047,0.8462922519721082
1_facilities_and_construction,1405007.5115520526,0.1381128940826336
5_transportation_and_logistics,158644.76,0.015594853945258128
