d_fiscal_year,total
2017-2018,4164813.903260247
2018-2019,2472539.930725903
2019-2020,1149144.9552102794
2020-2021,2386392.89397567
