d_fiscal_year,total
2017-2018,2680970.8391152206
2018-2019,14943299.821872177
2019-2020,41977051.87292637
2020-2021,40036377.593902156
