d_fiscal_year,total
2017-2018,2680970.8391152206
2018-2019,11202381.069350168
2019-2020,28811895.493858527
2020-2021,26907191.587454718
