d_most_recent_category,total,percentage
1_facilities_and_construction,34450352.12919613,0.9420033465144748
10_office_management,1476944.71,0.040385272528397666
2_professional_services,644072.3142857143,0.017611380957127613
