d_most_recent_category,total,percentage
6_industrial_products_and_services,36662985.932323,0.8945771562975923
1_facilities_and_construction,2843662.191704835,0.06938538071127333
10_office_management,1476944.71,0.036037462991134424
