d_fiscal_year,total
2017-2018,2680970.8391152206
2018-2019,7637878.075100967
2019-2020,16267586.87948153
2020-2021,14397157.040330118
