d_fiscal_year,total
2017-2018,2705863.0987878856
2018-2019,2284385.604539814
2019-2020,1024210.3357797618
2020-2021,2512500.972594553
