owner_org,d_fiscal_year,total
dnd-mdn,2017-2018,2705863.0987878856
dnd-mdn,2018-2019,2284385.604539814
dnd-mdn,2019-2020,962060.3357797618
dnd-mdn,2020-2021,2512500.972594553
nrcan-rncan,2019-2020,62150
