d_most_recent_category,total,percentage
1_facilities_and_construction,6799966.902861071,0.789207481025329
2_professional_services,1062784.8983519292,0.12334733455058156
9_human_capital,505613.21048901486,0.058681716238247035
3_information_technology,135600,0.015737802250479726
10_office_management,89236.7,0.010356855000629677
11_defence,22995,0.0026688109347329006
