d_fiscal_year,total
2017-2018,260212.84404155138
2018-2019,432530.4209893591
2019-2020,808857.2363839286
2020-2021,157430.1035044643
