d_most_recent_category,total,percentage
3_information_technology,742919.86,0.3658797495949699
2_professional_services,573817.41,0.2825986764333122
1_facilities_and_construction,353625.57,0.17415665027019736
10_office_management,179277.96,0.08829239547823214
5_transportation_and_logistics,100097.40,0.049296853405583915
7_travel,44851.86,0.02208904094799438
9_human_capital,21424.80,0.010551475111680765
8_security_and_protection,14487.96,0.007135158758029314
