d_most_recent_category,total,percentage
3_information_technology,21735951.653223746,0.8866018219684004
2_professional_services,1145749.24,0.04673470846408739
6_industrial_products_and_services,905681.1479159935,0.03694241543574924
10_office_management,604234.93,0.024646530245456027
1_facilities_and_construction,67691.45,0.002761110433956167
5_transportation_and_logistics,56715.7,0.002313413452350744
