d_most_recent_category,total,percentage
3_information_technology,28264010.99,0.9220956869314073
2_professional_services,1145749.24,0.03737935258882084
6_industrial_products_and_services,1038822.74,0.033890942312862576
8_security_and_protection,158976.00,0.005186492602133763
1_facilities_and_construction,44369.45,0.0014475255647754621
