d_fiscal_year,total
2017-2018,5159965.607085902
2018-2019,5947484.125752569
2019-2020,5524879.066246868
2020-2021,7883695.322054396
