d_most_recent_category,total,percentage
3_information_technology,22745964.30989041,0.9126934099226253
2_professional_services,1145749.24,0.045973772161295307
6_industrial_products_and_services,973372.5979159935,0.03905707154965077
11_defence,56715.7,0.00227574636642864
