category,total,percentage
3_information_technology,22745964.30989041,0.8991242440173048
6_industrial_products_and_services,1349480.8679159936,0.0533435711342075
2_professional_services,1145749.24,0.045290272384735174
11_defence,56715.7,0.002241912463752474
