d_most_recent_category,total,percentage
10_office_management,8624091.731400255,0.6366879026123077
3_information_technology,2651150.842983654,0.19572561636633337
2_professional_services,2269999.4445329173,0.16758648102135887
