d_most_recent_category,total,percentage
3_information_technology,10272962.713336563,0.7584185427613395
2_professional_services,2323079.305580263,0.1715051899652977
10_office_management,949200,0.0700762672733628
