d_fiscal_year,total
2019-2020,14799552.5590372
2020-2021,92051827.89566869
