owner_org,d_fiscal_year,total
pwgsc-tpsgc,2019-2020,14799552.5590372
pwgsc-tpsgc,2020-2021,92051827.89566869
