d_most_recent_category,total,percentage
5_transportation_and_logistics,48467699.402040526,0.2745032905364467
6_industrial_products_and_services,42415208.38255955,0.2402241990737338
1_facilities_and_construction,36784326.287741534,0.20833294608009098
3_information_technology,29578508.006173976,0.1675218315914445
11_defence,15340040.238333168,0.08688036722053843
NA,3849532.0662559974,0.02180233912997219
8_security_and_protection,129780,7.350263677735075e-4
