d_fiscal_year,total
2017-2018,34395547.59657132
2018-2019,59016214.70588626
2019-2020,50136984.7058571
2020-2021,33016347.374790084
