owner_org,d_fiscal_year,total
dfo-mpo,2017-2018,2124574.187059709
dfo-mpo,2018-2019,1895064.822898635
dfo-mpo,2019-2020,333738.1960162602
dfo-mpo,2020-2021,403989.27171722567
dnd-mdn,2017-2018,55158288.05377343
dnd-mdn,2018-2019,76599108.6864549
dnd-mdn,2019-2020,57631420.24285998
dnd-mdn,2020-2021,32612358.103072856
