category,total,percentage
NA,53207613.97878911,0.23464436493478844
5_transportation_and_logistics,48467699.402040526,0.2137414496837928
6_industrial_products_and_services,42415208.38255955,0.18705010223668175
1_facilities_and_construction,37619691.55595666,0.16590198233111902
3_information_technology,29578508.006173976,0.13044054615179715
11_defence,15340040.238333168,0.0676492278197757
8_security_and_protection,129780,5.723268420451329e-4
