d_fiscal_year,total
2017-2018,50065348.11653936
2018-2019,71276659.38505976
2019-2020,57965158.43887624
2020-2021,33016347.374790084
