owner_org,d_fiscal_year,total
dfo-mpo,2017-2018,1592136.870871608
dfo-mpo,2018-2019,1592136.870871608
dfo-mpo,2019-2020,333738.1960162602
dfo-mpo,2020-2021,403989.27171722567
dnd-mdn,2017-2018,32803410.725699708
dnd-mdn,2018-2019,57424077.835014656
dnd-mdn,2019-2020,49803246.50984084
dnd-mdn,2020-2021,33189366.209189292
