d_most_recent_category,total,percentage
5_transportation_and_logistics,48990035.42542571,0.2774616103856227
6_industrial_products_and_services,42415371.41580055,0.24022512243427438
1_facilities_and_construction,36784326.287741534,0.20833294608009098
3_information_technology,29578508.006173976,0.1675218315914445
11_defence,18667073.24796299,0.105723463140794
8_security_and_protection,129780,7.350263677735075e-4
