d_fiscal_year,total
2017-2018,1787084.2821511843
2018-2019,2052165.8780927297
2019-2020,2061808.7813014232
2020-2021,2778147.261623985
