d_most_recent_category,total,percentage
3_information_technology,31270041.406915426,0.6635434873342732
2_professional_services,15407204.515016353,0.32693753362620737
1_facilities_and_construction,186484.49000000002,0.003957160376544559
9_human_capital,180748.9728649386,0.0038354539485952028
10_office_management,81356.38,0.001726364714379744
