d_most_recent_category,total,percentage
3_information_technology,31344374.779598597,0.6640733572013665
2_professional_services,15407204.515016353,0.32642265476082943
1_facilities_and_construction,186484.49000000002,0.003950928426905142
9_human_capital,180748.9728649386,0.003829413668804263
10_office_management,81356.38,0.0017236459420946852
