d_most_recent_category,total,percentage
3_information_technology,31344374.779598597,0.6621013401292206
2_professional_services,15547786.528230703,0.3284228946587532
1_facilities_and_construction,186484.49000000002,0.003939195840099493
9_human_capital,180748.9728649386,0.0038180419294485146
10_office_management,81356.38,0.0017185274424782113
