d_most_recent_category,total,percentage
5_transportation_and_logistics,12908832.01,0.8354564801828936
11_defence,2542400.12,0.16454351981710638
