d_fiscal_year,total
2017-2018,5484727.390000001
2018-2019,1002324.8799999999
2019-2020,3683511.1947603836
2020-2021,5280668.66413738
