d_most_recent_category,total,percentage
2_professional_services,12897104.05,0.8346974495243723
11_defence,2542400.12,0.16454351981710638
5_transportation_and_logistics,11727.95889776358,7.590306585213545e-4
