d_most_recent_category,total,percentage
2_professional_services,5922187.018140789,0.5089136117631438
4_medical,4309044.41759364,0.3702907981608862
9_human_capital,854824.6141135007,0.07345797767952136
3_information_technology,550864.0113452189,0.04733761239644865
