d_fiscal_year,total
2017-2018,2444847.658526673
2018-2019,2641617.383013341
2019-2020,3003194.314154892
2020-2021,3269772.880737154
