d_most_recent_category,total,percentage
2_professional_services,5960608.135835889,0.512215268687232
4_medical,4309044.41759364,0.3702907981608862
9_human_capital,816403.4964184008,0.0701563207554331
3_information_technology,550864.0113452189,0.04733761239644865
