d_most_recent_category,total,percentage
1_facilities_and_construction,4770936.97,0.5262189246108162
2_professional_services,3716738.26,0.40994421397320147
7_travel,396072.09,0.04368547109379154
10_office_management,108238.00,0.011938301485090274
9_human_capital,39971.06,0.004408678698411209
NA,34492.49,0.0038044101386893827
