d_fiscal_year,total
2017-2018,57020.9461627907
2018-2019,1787976.1866368516
2019-2020,3174458.0277817533
2020-2021,104003.39
