d_most_recent_category,total,percentage
5_transportation_and_logistics,4729820.210581396,0.9213497414192541
6_industrial_products_and_services,172440.85,0.03359077628409196
11_defence,147199.83,0.02867392824024219
2_professional_services,42116.51,0.008204124865289876
9_human_capital,42000,0.008181429191121838
