d_most_recent_category,total,percentage
11_defence,8103939.96,0.867754343031475
6_industrial_products_and_services,1221967.20,0.13084590337666616
5_transportation_and_logistics,13072.27,0.0013997535918588418
