d_fiscal_year,total
2017-2018,2004020.9757600406
2018-2019,2173297.8288288303
2019-2020,2008526.792911129
2020-2021,1809986.5234375
