d_most_recent_category,total,percentage
11_defence,7312511.4809375005,0.9145403968386618
2_professional_services,598267.2,0.07482238132956873
1_facilities_and_construction,85053.44000000002,0.010637221831769477
