d_most_recent_category,total,percentage
2_professional_services,5257602.06,0.6985480973926121
NA,1272976.99,0.16913331291358216
5_transportation_and_logistics,995892.04,0.1323185896938056
