d_fiscal_year,total
2017-2018,1366709.271712982
2018-2019,1366709.271712982
2019-2020,1203542.4554381347
2020-2021,697230.1814708692
