d_most_recent_category,total,percentage
1_facilities_and_construction,12484787.109158218,0.7461233809106449
2_professional_services,3302314.2615922824,0.19735489761625605
6_industrial_products_and_services,602863.8409852451,0.03602871265099344
3_information_technology,243245.60571719916,0.014536990670529047
8_security_and_protection,99661.29,0.0059560181515766275
