d_fiscal_year,total
2017-2018,1117710.54
2018-2019,1223832.4233633787
2019-2020,1349476.0666366213
2020-2021,1565444.6400000001
