d_fiscal_year,total
2017-2018,1120052.6233333333
2018-2019,1226174.506696712
2019-2020,1351824.5666366213
2020-2021,1567786.7233333334
