d_fiscal_year,total
2017-2018,9436527.590905135
2018-2019,10281838.537028976
2019-2020,7289819.927872341
2020-2021,8425142.223490363
