d_most_recent_category,total,percentage
2_professional_services,3518259.87,0.5334882576166097
3_information_technology,1301432.71,0.1973416113906927
1_facilities_and_construction,1104634.34,0.16750026194985082
9_human_capital,499353.88,0.07571908890998694
10_office_management,171140.76,0.025950780132859865
