d_fiscal_year,total
2017-2018,761452.7876204912
2018-2019,1366606.3247531552
2019-2020,1706578.1749199147
2020-2021,1379029.553603759
