d_most_recent_category,total,percentage
1_facilities_and_construction,8170264.019256146,0.8337922522526574
2_professional_services,1437567.376248631,0.1467067083245148
6_industrial_products_and_services,191089.13557779798,0.0195010394228278
