d_fiscal_year,total
2017-2018,3329886.5138259414
2018-2019,3139074.5594601897
2019-2020,2299120.79657845
2020-2021,1030838.6612179942
