d_fiscal_year,total
2017-2018,537809221.4751371
2018-2019,543261012.6512583
2019-2020,539946488.4086447
2020-2021,407870810.8689276
