d_fiscal_year,total
2017-2018,538244223.912903
2018-2019,544038021.469266
2019-2020,540774940.3508314
2020-2021,408293649.8927192
