d_fiscal_year,total
2017-2018,740398.3516483516
2018-2019,3313556.5793337896
2019-2020,9276106.858853105
2020-2021,10243399.134686492
