d_most_recent_category,total,percentage
2_professional_services,22148621.95652174,0.9395574976214951
10_office_management,1399978.968,0.05938792663845575
1_facilities_and_construction,24860,0.0010545757400492674
