d_most_recent_category,total,percentage
5_transportation_and_logistics,1447981.962033195,0.3172251287845486
10_office_management,1166194.497156783,0.25549088956117216
6_industrial_products_and_services,886774.1778607602,0.19427524661957282
11_defence,531693.75,0.11648392227266083
3_information_technology,389812.5,0.08540045646749016
1_facilities_and_construction,142067.8956521739,0.03112435629455549
