d_most_recent_category,total,percentage
6_industrial_products_and_services,2940568.6398939556,0.6442222969271906
10_office_management,1121253.6649132809,0.24564521353071136
11_defence,331315.02,0.07258477843202983
5_transportation_and_logistics,142067.8956521739,0.031124356294555483
3_information_technology,29319.562243502052,0.006423354815512752
