d_fiscal_year,total
2017-2018,1844438.9579390811
2018-2019,1478191.61340441
2019-2020,1004046.7726995926
2020-2021,1583489.5074394546
