d_fiscal_year,total
2017-2018,1870637.7468046274
2018-2019,1539331.6715708273
2019-2020,1098260.655667629
2020-2021,1619621.660533625
