d_most_recent_category,total,percentage
2_professional_services,7594901.56,0.9546515084876107
3_information_technology,175633.64,0.022076509896596624
9_human_capital,131602.63,0.01654197204825422
4_medical,53541.80,0.0067300095675384124
