d_most_recent_category,total,percentage
2_professional_services,4814104.70919637,0.9195777149831009
1_facilities_and_construction,345166.2919342741,0.0659327640754817
7_travel,37575.96,0.007177661792251416
10_office_management,26781,0.005115636711830787
9_human_capital,11497.5,0.002196222437335218
