d_fiscal_year,total
2017-2018,1155518.5694774988
2018-2019,833435.4490813649
2019-2020,1302537.6568831168
2020-2021,1943633.7856886631
