d_fiscal_year,total
2017-2018,265092.2685314686
2018-2019,2015805.7919580422
2019-2020,2025907.6350524477
2020-2021,2021796.3544580422
