d_fiscal_year,total
2017-2018,427130644.1052547
2018-2019,484689367.1249802
2019-2020,544502236.3678132
2020-2021,400933210.5095338
