d_fiscal_year,total
2017-2018,427130644.1052547
2018-2019,484689178.6412507
2019-2020,544490738.8603132
2020-2021,401107063.0181328
