category,total,percentage
NA,1297897074.1605463,0.5422518245121135
1_facilities_and_construction,987575377.7194152,0.4126017086200403
2_professional_services,107168672.4406282,0.044774280887456074
6_industrial_products_and_services,530273.2400000001,2.2154424846509966e-4
10_office_management,360565.8003785489,1.5064173192500294e-4
