d_fiscal_year,total
2017-2018,427130644.1052547
2018-2019,489234939.33844805
2019-2020,581781578.7849936
2020-2021,422225211.98706305
