d_most_recent_category,total,percentage
1_facilities_and_construction,1749172794.5418007,0.9417229444535891
2_professional_services,107353991.04277226,0.05779744394556884
6_industrial_products_and_services,530273.2400000001,2.8548950595161523e-4
10_office_management,360565.8003785489,1.9412209489040144e-4
