d_most_recent_category,total,percentage
1_facilities_and_construction,1749556512.4269538,0.9420117759188785
2_professional_services,107168672.4406282,0.05770270964761404
6_industrial_products_and_services,530273.2400000001,2.8551443350733924e-4
