d_fiscal_year,total
2017-2018,325017.49109956017
2018-2019,2330077.405292532
2019-2020,2983763.893443163
2020-2021,2988460.8551751757
