d_fiscal_year,total
2017-2018,325017.49109956017
2018-2019,2342894.1117175734
2019-2020,2999452.570873147
2020-2021,3004106.6673662793
