d_fiscal_year,total
2017-2018,1082359.7205521965
2018-2019,964530.7022807096
2019-2020,1670582.3164786757
2020-2021,2102420.6844757902
