d_most_recent_category,total,percentage
3_information_technology,4387574.313516005,0.7538925533555103
2_professional_services,1392062.8602713668,0.23919043853649533
1_facilities_and_construction,40256.25,0.006917008107994307
