d_most_recent_category,total,percentage
3_information_technology,3788223.88,0.6509094925836076
2_professional_services,1392062.86,0.23919043853649535
11_defence,599350.44,0.10298306077190277
1_facilities_and_construction,40256.25,0.006917008107994308
