d_fiscal_year,total
2017-2018,1053720.0384512981
2018-2019,774467.357429293
2019-2020,1479998.2501345153
2020-2021,1912357.3396243735
