d_most_recent_category,total,percentage
6_industrial_products_and_services,6464630.072605024,0.7787408113770532
3_information_technology,1238770.4100236155,0.14922448204726768
NA,475722.09,0.057306327229224296
1_facilities_and_construction,73450,0.008847917352306521
2_professional_services,48816,0.005880461994148334
