d_most_recent_category,total,percentage
6_industrial_products_and_services,8290460.23,0.8508910140453063
11_defence,823000.10,0.08446857873902971
NA,475722.09,0.048825715399296366
2_professional_services,80636.80,0.008276154356233448
1_facilities_and_construction,73450.00,0.007538537460134167
