d_fiscal_year,total
2017-2018,6061176.802221776
2018-2019,3247681.9878169186
2019-2020,4375717.346886015
2020-2021,4111410.2537286966
