d_fiscal_year,total
2017-2018,1180169.3846597488
2018-2019,1064138.7452004745
2019-2020,1305980.1024372966
2020-2021,1359698.63628898
