d_most_recent_category,total,percentage
2_professional_services,3906530.6042509773,0.7956295421571259
10_office_management,1003456.264335523,0.20437045784287416
