d_most_recent_category,total,percentage
2_professional_services,3914922.9800647823,0.7959782655072842
10_office_management,1003456.264335523,0.20402173449271574
