owner_org,d_fiscal_year,total
dfo-mpo,2019-2020,685609.2999999999
pwgsc-tpsgc,2017-2018,2663552.094144693
pwgsc-tpsgc,2018-2019,5342170.672594552
pwgsc-tpsgc,2019-2020,316276.9187801777
pwgsc-tpsgc,2020-2021,826.3884340659339
