d_fiscal_year,total
2017-2018,615843.3652336394
2018-2019,1428371.8931589269
2019-2020,1485566.4102520791
2020-2021,547988.8106492792
