d_fiscal_year,total
2017-2018,810375.41411036
2018-2019,6941818.040782164
2019-2020,13215397.392095655
2020-2021,20384451.4601002
