d_most_recent_category,total,percentage
3_information_technology,41468360.04944133,0.9928925462577786
6_industrial_products_and_services,268728.03,0.006434256325531526
10_office_management,28116.227647058822,6.731974166899247e-4
