owner_org,d_fiscal_year,total
aafc-aac,2017-2018,526784.0139203497
aafc-aac,2018-2019,204239.4956660584
aafc-aac,2019-2020,598409.1235686258
aafc-aac,2020-2021,1721328.261394878
nrcan-rncan,2017-2018,675365.5964334119
nrcan-rncan,2018-2019,979525.7267789892
nrcan-rncan,2019-2020,309229.17282297276
nrcan-rncan,2020-2021,736961.7424793068
rcmp-grc,2018-2019,16542.89
rcmp-grc,2019-2020,4273.864726775956
rcmp-grc,2020-2021,12915.525273224042
