d_fiscal_year,total
2017-2018,263608221.80097914
2018-2019,291993984.65680033
2019-2020,299150976.94721997
2020-2021,293629720.1795924
