d_fiscal_year,total
2017-2018,181716669.38394317
2018-2019,258712411.05515915
2019-2020,314941188.7779283
2020-2021,342519605.8539958
