d_fiscal_year,total
2017-2018,175834943.03542006
2018-2019,254257801.59350482
2019-2020,304646048.1010507
2020-2021,331143805.1938457
