d_fiscal_year,total
2017-2018,181716669.38394317
2018-2019,258712411.05515915
2019-2020,315253130.30870175
2020-2021,352093966.6607521
