d_fiscal_year,total
2017-2018,274029341.4142393
2018-2019,300977377.04019266
2019-2020,307010880.6770736
2020-2021,296667993.11320925
