d_fiscal_year,total
2017-2018,1264577.638490566
2018-2019,847699.761509434
2019-2020,1944525.1258741259
2020-2021,442316.87412587414
