d_most_recent_category,total,percentage
2_professional_services,58103652.699789025,0.8597113991073762
10_office_management,4350623.981352015,0.06437256275992827
3_information_technology,3601561.464010946,0.05328930800949977
5_transportation_and_logistics,846452.9346554865,0.012524259713776223
1_facilities_and_construction,636694.3644565217,0.009420636697298129
6_industrial_products_and_services,46081.777267637175,6.818337121214875e-4
