d_most_recent_category,total,percentage
2_professional_services,8776980.338507034,0.9856880944407316
5_transportation_and_logistics,115818.57166212534,0.013006863727566062
10_office_management,11620.640000000001,0.0013050418317024654
