d_most_recent_category,total,percentage
2_professional_services,58220050.49978902,0.8586457701977497
10_office_management,4350623.981352015,0.06416423289296767
3_information_technology,3601561.464010946,0.05311684704209283
5_transportation_and_logistics,846452.9346554865,0.012483727268770397
1_facilities_and_construction,636694.3644565217,0.009390148552882447
6_industrial_products_and_services,149120.68566359903,0.002199274045536967
