d_fiscal_year,total
2017-2018,2069652.8973366467
2018-2019,4834789.409471884
2019-2020,835065.3499497251
2020-2021,1774709.0307907162
