d_most_recent_category,total,percentage
10_office_management,5833744.765925893,0.685876452049892
9_human_capital,1432731.775998421,0.1684470313135089
3_information_technology,971907.2574187295,0.11426764937222954
2_professional_services,267149.1555943499,0.031408867264369596
