d_most_recent_category,total,percentage
10_office_management,9127102.58,0.7303896012850961
9_human_capital,1892276.73,0.15142803946733657
3_information_technology,1100941.20,0.0881020017190926
2_professional_services,375890.49,0.03008035752847465
