d_most_recent_category,total,percentage
4_medical,27598529.36,0.7963969892474454
6_industrial_products_and_services,6676255.85,0.19265338341150093
1_facilities_and_construction,354474.35,0.010228889481796306
3_information_technology,24976.62,7.207378592573503e-4
