d_most_recent_category,total,percentage
4_medical,27598529.36,0.8731734370511973
6_industrial_products_and_services,3748397.522552047,0.11859331725641499
1_facilities_and_construction,235252.86400356868,0.007443025284378194
3_information_technology,24976.62,7.902204080095112e-4
