d_fiscal_year,total
2017-2018,123919.95325213154
2018-2019,93882.45960330678
2019-2020,829628.0047838858
2020-2021,30559725.94891629
