owner_org,d_fiscal_year,total
dnd-mdn,2017-2018,1273176.042547301
dnd-mdn,2018-2019,1273176.042547301
dnd-mdn,2019-2020,1276664.1960885264
dnd-mdn,2020-2021,1252351.4954905508
