d_fiscal_year,total
2017-2018,7617759.10691113
2018-2019,9923066.662977995
2019-2020,7815745.6535880845
2020-2021,3952951.196355494
