d_fiscal_year,total
2017-2018,7558703.419965605
2018-2019,9135175.813135758
2019-2020,6036100.710375847
2020-2021,3952951.196355494
