d_fiscal_year,total
2017-2018,11344456.468269203
2018-2019,13977957.347099297
2019-2020,7728302.4693916645
2020-2021,4373689.885072541
