d_most_recent_category,total,percentage
1_facilities_and_construction,36358509.53979671,0.9660155137959977
5_transportation_and_logistics,1279094.6400000001,0.03398448620400229
