d_most_recent_category,total,percentage
3_information_technology,23143163.83,0.6673979909450813
2_professional_services,5237149.79,0.1510278921383092
11_defence,2520489.44,0.07268537692744366
6_industrial_products_and_services,1600556.93,0.04615654485688856
1_facilities_and_construction,1501033.66,0.04328651241608796
10_office_management,674312.22,0.019445682716189364
