category,total,percentage
3_information_technology,24015425.617033124,0.5437673183263316
2_professional_services,16745093.134534689,0.37914940730563174
6_industrial_products_and_services,1410767.77,0.0319431943163242
1_facilities_and_construction,1302440.5509569133,0.029490404083073875
10_office_management,679443.27,0.015384238896050713
NA,11723,2.6543707258797707e-4
