d_most_recent_category,total,percentage
3_information_technology,24015425.617033124,0.7317042747391999
2_professional_services,5401417.93453469,0.16457091601778048
6_industrial_products_and_services,1410767.77,0.04298340676673857
1_facilities_and_construction,1302440.5509569133,0.03968288274070515
10_office_management,679443.27,0.02070134225517002
NA,11723,3.571774804059184e-4
