d_fiscal_year,total
2017-2018,9236822.723592473
2018-2019,14463265.994872537
2019-2020,14687947.040453728
2020-2021,5776857.58360599
