owner_org,d_fiscal_year,total
pwgsc-tpsgc,2017-2018,2053872.8991113247
pwgsc-tpsgc,2018-2019,2204364.534329181
pwgsc-tpsgc,2019-2020,1975752.5554294204
pwgsc-tpsgc,2020-2021,2109323.166777015
