d_fiscal_year,total
2017-2018,1628533.319413519
2018-2019,2569376.153146506
2019-2020,2573194.8391298363
2020-2021,321023.97831013915
