d_fiscal_year,total
2017-2018,1251700.4974385363
2018-2019,4382944.490457404
2019-2020,889302.4958559176
2020-2021,863993.2284574042
