d_most_recent_category,total,percentage
9_human_capital,6486216.565542595,0.8779464830874342
11_defence,872590.6666666666,0.11811013388678514
10_office_management,18150.41,0.0024567617292873983
2_professional_services,10983.07,0.0014866212964932772
