d_most_recent_category,total,percentage
9_human_capital,7307238.12,0.8901536982072619
11_defence,872590.67,0.10629731727437666
10_office_management,18150.41,0.002211048048221945
2_professional_services,10983.07,0.0013379364701395172
