d_most_recent_category,total,percentage
2_professional_services,23673863.646716695,0.9090498088590151
3_information_technology,2368563.7494572387,0.0909501911409848
NA,0,0
