d_fiscal_year,total
2017-2018,7322676.849124313
2018-2019,8158392.526949432
2019-2020,5691818.468742456
2020-2021,4869539.551357733
