d_fiscal_year,total
2017-2018,2138584.699496712
2018-2019,2524010.6489071436
2019-2020,4273572.09757926
2020-2021,2704891.490502208
