d_most_recent_category,total,percentage
10_office_management,5693867.57,0.49780160874781787
3_information_technology,5442890.83,0.4758592961816064
11_defence,212959.63,0.01861856553124094
6_industrial_products_and_services,55526.15,0.0048545219754873685
4_medical,26059.98,0.0022783633531765226
NA,6721.49,5.876442106709913e-4
