d_most_recent_category,total,percentage
10_office_management,6830768.01,0.5042134089489879
3_information_technology,6394854.81,0.4720364589303266
11_defence,212959.63,0.015719623444976343
6_industrial_products_and_services,62825.49,0.004637465728713252
4_medical,34499.99,0.0025466180587861097
NA,11466.84,8.464248882098228e-4
