d_fiscal_year,total
2017-2018,2100708.54423513
2018-2019,2516812.9500311036
2019-2020,4203669.196133796
2020-2021,2616834.953555482
