d_most_recent_category,total,percentage
10_office_management,2593658.7800000003,0.5855547301172903
2_professional_services,1835745.76,0.4144452698827098
