d_fiscal_year,total
2017-2018,3261629.718600841
2018-2019,1608352.0839799931
2019-2020,901132.7964493759
2020-2021,1053697.0035506242
