d_most_recent_category,total,percentage
9_human_capital,9035163.48,0.8733743372056368
3_information_technology,819178.24,0.07918498163420688
2_professional_services,380676.85,0.036797717528507
NA,41499.25,0.004011480262670277
1_facilities_and_construction,30809.45,0.0029781622698898595
11_defence,23460.00,0.0022677356087699102
7_travel,14334.05,0.0013855854903191956
