d_most_recent_category,total,percentage
9_human_capital,7930362.711184913,0.8642163737388081
3_information_technology,793014.2219230769,0.08641923454863827
2_professional_services,380676.85222222225,0.04148450465320993
NA,41499.25,0.004522407442637838
1_facilities_and_construction,30809.45,0.003357479616705804
