d_most_recent_category,total,percentage
9_human_capital,7906688.0811849125,0.8638651515445628
3_information_technology,793014.2219230769,0.08664276925616474
2_professional_services,380676.85222222225,0.04159180977646136
NA,41499.25,0.004534105243830888
1_facilities_and_construction,30809.45,0.003366164178980236
