owner_org,d_fiscal_year,total
dnd-mdn,2017-2018,32719163.439023778
dnd-mdn,2018-2019,47745810.36641347
dnd-mdn,2019-2020,57460705.078629315
dnd-mdn,2020-2021,56017799.48742272
