d_fiscal_year,total
2017-2018,32719163.439023778
2018-2019,47745810.36641347
2019-2020,57460705.078629315
2020-2021,56017799.48742272
