d_most_recent_category,total,percentage
NA,118177763.31326427,0.5526572991266548
6_industrial_products_and_services,42115066.50221906,0.19695074820428113
5_transportation_and_logistics,33474205.046774283,0.15654183353024845
10_office_management,11449616.066154754,0.05354403158219207
3_information_technology,4175546.255170448,0.019526906340610255
1_facilities_and_construction,3308380.9684964446,0.015471615296056734
9_human_capital,1134946.1412151067,0.00530756591995644
