d_fiscal_year,total
2017-2018,40268734.4216156
2018-2019,53233710.03779343
2019-2020,61983643.21057659
2020-2021,58349436.62330875
