d_most_recent_category,total,percentage
11_defence,161735952.29,0.6462291397278007
6_industrial_products_and_services,57856673.13,0.23117103881912443
10_office_management,17035712.86,0.06806757501439113
1_facilities_and_construction,6604729.00,0.026389731406979183
2_professional_services,5592237.92,0.022344241013397128
9_human_capital,1451171.59,0.005798274018307448
