d_fiscal_year,total
2017-2018,124774.97147540982
2018-2019,48645.52
2019-2020,616072.6614267363
2020-2021,6537379.245261072
