d_most_recent_category,total,percentage
3_information_technology,212050350.30383855,0.6839053115764613
11_defence,79371179.93208437,0.25598812481971606
10_office_management,15721375.116214136,0.050704617709231965
2_professional_services,2285591.336797346,0.007371494803423363
1_facilities_and_construction,236066.18977491962,7.613612561325815e-4
6_industrial_products_and_services,201106.91999999998,6.486105332328363e-4
NA,148720.36511452112,4.796532875124917e-4
9_human_capital,43664.240000000005,1.4082601428934692e-4
