d_fiscal_year,total
2017-2018,64714555.06918844
2018-2019,87475093.15186462
2019-2020,124307314.1018848
2020-2021,55678465.58035178
