d_most_recent_category,total,percentage
3_information_technology,324790136.14825195,0.9777680886800117
10_office_management,4215514.46,0.012690642533785998
NA,1560581.4650193108,0.004698069880991971
6_industrial_products_and_services,727511.9,0.002190146315374154
2_professional_services,601547.372024332,0.0018109349968874686
1_facilities_and_construction,236066.18977491962,7.106680945287026e-4
9_human_capital,43664.240000000005,1.314494984200434e-4
