d_fiscal_year,total
2017-2018,60147147.11300873
2018-2019,85703318.07800347
2019-2020,114821077.12551773
2020-2021,49155729.01729389
