d_most_recent_category,total,percentage
3_information_technology,303131202.6882519,0.9783877364418408
10_office_management,4938823.529778906,0.01594057072031456
6_industrial_products_and_services,713954.16,0.002304361901153463
2_professional_services,601547.372024332,0.0019415572084233801
1_facilities_and_construction,236066.18977491962,7.619283762808917e-4
NA,148720.36511452112,4.800105700000894e-4
9_human_capital,43664.240000000005,1.4093091228549055e-4
11_defence,13292.788879235448,4.290386970136375e-5
