d_fiscal_year,total
2017-2018,60163670.31402986
2018-2019,85802186.41198234
2019-2020,114920216.33164449
2020-2021,49171981.34616713
