category,total,percentage
3_information_technology,324790542.27647114,0.977768115861452
10_office_management,4215514.46,0.012690627017803722
NA,1560581.4650193108,0.004698064136982649
6_industrial_products_and_services,727511.9,0.0021901436376317684
2_professional_services,601547.372024332,0.0018109327827808743
1_facilities_and_construction,236066.18977491962,7.106672256433383e-4
9_human_capital,43664.240000000005,1.314493377057153e-4
