d_most_recent_category,total,percentage
3_information_technology,303312919.7199096,0.978381666757125
10_office_management,4219490.365,0.013610603926751718
6_industrial_products_and_services,1439224.6531212241,0.004642436650107058
2_professional_services,601547.372024332,0.0019403819692811527
1_facilities_and_construction,236066.18977491962,7.614671753193675e-4
NA,148720.36511452112,4.79720016001423e-4
9_human_capital,43664.240000000005,1.408456057471361e-4
11_defence,13292.788879235448,4.287789966720389e-5
