d_most_recent_category,total,percentage
3_information_technology,303131202.6882519,0.9776595008025487
10_office_management,4938823.529778906,0.015928705800838557
2_professional_services,832330.4420243321,0.0026844341896704723
6_industrial_products_and_services,713954.16,0.002302646713605886
1_facilities_and_construction,236066.18977491962,7.613612561325815e-4
NA,148720.36511452112,4.796532875124917e-4
9_human_capital,43664.240000000005,1.4082601428934692e-4
11_defence,13292.788879235448,4.287193540188683e-5
