d_fiscal_year,total
2017-2018,1006612.1782144248
2018-2019,1094777.678473722
2019-2020,1097777.06937365
2020-2021,1094777.678473722
