d_fiscal_year,total
2017-2018,9791289.183414195
2018-2019,5019092.439861624
2019-2020,5288670.2568096
2020-2021,7962039.374563041
