d_most_recent_category,total,percentage
1_facilities_and_construction,9293729.685633343,0.3388538212957136
5_transportation_and_logistics,6435121.579343696,0.23462760500059882
6_industrial_products_and_services,4230666.692994881,0.15425212740649244
8_security_and_protection,4059903.861415594,0.14802603304252937
3_information_technology,2074649.0332907513,0.07564269422046586
2_professional_services,1155784.0919107432,0.04214043977867883
4_medical,153528.53,0.005597723500483792
9_human_capital,23575,8.59555755037226e-4
