d_most_recent_category,total,percentage
1_facilities_and_construction,9503515.38402839,0.3461025320160768
5_transportation_and_logistics,6435121.579343696,0.23435663356584885
3_information_technology,4710483.69036336,0.1715481341772848
8_security_and_protection,4091615.881577374,0.14900997782684192
6_industrial_products_and_services,1379263.812937063,0.05023053877283438
2_professional_services,1161566.616500907,0.04230236189778238
4_medical,153528.53,0.0055912586892854005
9_human_capital,23575,8.585630540454163e-4
