d_most_recent_category,total,percentage
1_facilities_and_construction,9203181.450330395,0.3355523894075646
5_transportation_and_logistics,6435121.579343696,0.23462760500059882
6_industrial_products_and_services,4217540.402980553,0.15377353660589418
8_security_and_protection,4059903.861415594,0.14802603304252937
3_information_technology,2074649.0332907513,0.07564269422046586
2_professional_services,1155784.0919107432,0.04214043977867883
4_medical,153528.53,0.005597723500483792
NA,103674.52531727687,0.003780022688747314
9_human_capital,23575,8.59555755037226e-4
