category,total,percentage
1_facilities_and_construction,9576812.400089432,0.3412843895906217
5_transportation_and_logistics,6536771.199343696,0.23294786150773264
6_industrial_products_and_services,4217540.402980553,0.1502985170714591
8_security_and_protection,4187941.622161473,0.14924371914679976
3_information_technology,2105463.4828452836,0.07503141854814728
2_professional_services,1155784.0919107432,0.04118813774639936
4_medical,153528.53,0.005471224501098732
NA,103674.52531727687,0.003694600626057359
9_human_capital,23575,8.401312616840831e-4
