owner_org,d_fiscal_year,total
pwgsc-tpsgc,2017-2018,1207089.1535982813
pwgsc-tpsgc,2018-2019,2202937.7053168635
pwgsc-tpsgc,2019-2020,2208973.1510848547
