d_fiscal_year,total
2017-2018,1207089.1535982813
2018-2019,2202937.7053168635
2019-2020,2208973.1510848547
