d_most_recent_category,total,percentage
1_facilities_and_construction,18377789.063370697,0.7123945707387408
2_professional_services,7399330.581265101,0.28682682748278227
10_office_management,20085.75,7.786017784770043e-4
