owner_org,d_fiscal_year,total
aafc-aac,2020-2021,11300
csc-scc,2017-2018,51709.804444444446
csc-scc,2018-2019,13954.495555555553
csc-scc,2019-2020,35642.25
infc,2019-2020,10316.860465116279
infc,2020-2021,58650.19018036535
pwgsc-tpsgc,2017-2018,2491364.5398997064
pwgsc-tpsgc,2018-2019,1845621.4638967502
pwgsc-tpsgc,2019-2020,2228032.5226324997
pwgsc-tpsgc,2020-2021,1743394.7805646777
rcmp-grc,2018-2019,11336.539999999999
rcmp-grc,2019-2020,20085.75
rcmp-grc,2020-2021,13911.98
