d_fiscal_year,total
2017-2018,5649089.849535746
2018-2019,6692649.360592751
2019-2020,7119030.707729372
2020-2021,6462091.918329301
