d_most_recent_category,total,percentage
1_facilities_and_construction,18251636.131707784,0.7040748913852292
2_professional_services,7399330.581265101,0.28543648567906044
5_transportation_and_logistics,251809.3732142857,0.00971379529025499
3_information_technology,20085.75,7.748276454554559e-4
