d_fiscal_year,total
2017-2018,2543074.3443441507
2018-2019,1870912.4994523057
2019-2020,2294077.383097616
2020-2021,1827256.950745043
