owner_org,d_fiscal_year,total
dnd-mdn,2017-2018,1319636.8555779192
dnd-mdn,2018-2019,3547527.325812377
dnd-mdn,2019-2020,3887043.95428265
dnd-mdn,2020-2021,1367176.978241338
rcmp-grc,2017-2018,1080192.773452489
rcmp-grc,2018-2019,949936.8248735686
rcmp-grc,2019-2020,1234214.4252918318
rcmp-grc,2020-2021,1398058.8424654063
