d_fiscal_year,total
2017-2018,2399829.629030408
2018-2019,4497464.1506859455
2019-2020,5121258.379574481
2020-2021,2765235.820706744
