d_most_recent_category,total,percentage
2_professional_services,37675640.13653582,0.9339190517449798
3_information_technology,2571864.4919368355,0.0637524203655663
7_travel,75291.17,0.001866348065655864
NA,18645,4.621798237981105e-4
