d_fiscal_year,total
2017-2018,6499298.450626622
2018-2019,10809239.454672553
2019-2020,11924734.309780845
2020-2021,11137669.853121502
