d_most_recent_category,total,percentage
2_professional_services,39225845.223816395,0.9837078996500093
3_information_technology,574364.4919368353,0.014403944255959053
7_travel,75291.17,0.0018881560940316646
