d_most_recent_category,total,percentage
2_professional_services,37705141.406264685,0.9339673407315264
3_information_technology,2571864.4919368355,0.06370583296253035
7_travel,75291.17,0.001864984222384636
NA,18645,4.618420835585572e-4
