d_most_recent_category,total,percentage
2_professional_services,51466578.88,0.9498896478796266
3_information_technology,2587224.89,0.04775095195933873
7_travel,75291.17,0.001389606702254052
9_human_capital,33900.00,6.25673199213299e-4
0_other,18645.00,3.441202595673145e-4
