d_fiscal_year,total
2017-2018,6499298.450626622
2018-2019,10800574.347428521
2019-2020,11914301.976717308
2020-2021,11127266.023700217
