d_fiscal_year,total
2017-2018,6206899.440851876
2018-2019,11231711.038283246
2019-2020,11426539.297166329
2020-2021,11010351.109451784
