d_most_recent_category,total,percentage
3_information_technology,111812426.09,0.8734755676838114
2_professional_services,15675962.83,0.12246018632224097
0_other,247124.22,0.0019305275442728638
11_defence,245986.88,0.0019216426757755417
9_human_capital,27147.53,2.1207577389928392e-4
1_facilities_and_construction,0.00,0
