category,total,percentage
3_information_technology,97642200.2863911,0.9016750420923331
2_professional_services,10400464.750515457,0.0960428939966021
NA,247124.22,0.002282063911064808
