d_fiscal_year,total
2017-2018,20203304.055400282
2018-2019,24288490.679712407
2019-2020,31347108.69554016
2020-2021,28532420.733359512
