d_most_recent_category,total,percentage
3_information_technology,93905436.4834969,0.8997244907608049
2_professional_services,10218763.460515458,0.09790776865547259
NA,247124.22,0.0023677405837226064
