d_fiscal_year,total
2017-2018,21649193.68985783
2018-2019,25262846.103606444
2019-2020,32754961.8671231
2020-2021,28375663.376319177
