d_fiscal_year,total
2017-2018,2249510.206879518
2018-2019,3193049.6585638328
2019-2020,3518251.1371658966
2020-2021,1615589.6084131747
