d_fiscal_year,total
2017-2018,146107.19849056605
2018-2019,1890711.6126406128
2019-2020,9739537.554967567
2020-2021,9797827.94534968
