d_most_recent_category,total,percentage
11_defence,14188646.846037637,0.6063345561142313
6_industrial_products_and_services,9046082.976564646,0.3865733473872156
5_transportation_and_logistics,115135.7,0.004920184025293212
1_facilities_and_construction,50824.25,0.0021719124732598885
