d_fiscal_year,total
2017-2018,2435928.488320709
2018-2019,3986596.117234878
2019-2020,3414795.004841835
2020-2021,4104957.111306326
