d_most_recent_category,total,percentage
3_information_technology,9475129.169858197,0.6795969811091467
2_professional_services,4040450.511845551,0.2897984735560325
1_facilities_and_construction,324315.65,0.02326131208507305
9_human_capital,102381.39,0.007343233249747821
