d_fiscal_year,total
2017-2018,2421294.094837585
2018-2019,4176633.549383506
2019-2020,3650129.052067033
2020-2021,4336905.369389509
