d_fiscal_year,total
2017-2018,2435928.488320709
2018-2019,4006570.9354375945
2019-2020,3369109.649544029
2020-2021,3844723.1039345493
