d_most_recent_category,total,percentage
3_information_technology,8148987.95523052,0.5587253445387627
2_professional_services,4040249.0062572164,0.2770147078932085
11_defence,1318634.281526864,0.0904105389913881
1_facilities_and_construction,913880.8570166453,0.06265911785723835
9_human_capital,102381.39,0.00701965418483543
10_office_management,60828.57564638783,0.004170636534566926
