d_most_recent_category,total,percentage
3_information_technology,8212357.82523052,0.5629721291260721
2_professional_services,4040249.0062572164,0.27696644905852913
11_defence,1318634.281526864,0.09039478853796402
1_facilities_and_construction,913880.8570166453,0.06264820198915023
9_human_capital,102381.39,0.007018431288284598
