d_most_recent_category,total,percentage
2_professional_services,6913925.925925925,0.9189965717839403
3_information_technology,347509.03,0.046190776507515637
6_industrial_products_and_services,257050.82,0.03416710344963879
8_security_and_protection,4856.680623973728,6.455482589052493e-4
