d_most_recent_category,total,percentage
2_professional_services,6913925.93,0.9182098325224004
6_industrial_products_and_services,528480.78,0.07018534096170854
3_information_technology,44588.61,0.005921628400296123
11_defence,31490.46,0.004182117412370313
8_security_and_protection,11302.82,0.001501080703224683
