owner_org,d_fiscal_year,total
pc,2017-2018,4745274.250509383
pwgsc-tpsgc,2017-2018,1472044.0489085948
pwgsc-tpsgc,2018-2019,1472044.0489085948
