d_fiscal_year,total
2017-2018,1437211.278116605
2018-2019,1505664.1071929177
2019-2020,1413355.3629741766
2020-2021,1196321.6048771625
