d_fiscal_year,total
2017-2018,12754409.436494652
2018-2019,3151162.916353296
2019-2020,3632055.0061423625
2020-2021,2758350.768177671
