d_fiscal_year,total
2017-2018,12754409.436494652
2018-2019,3234882.866294633
2019-2020,3726067.6452883994
2020-2021,2852106.5421894295
