d_fiscal_year,total
2017-2018,47696.78
2018-2019,1134546.0052877697
2019-2020,2518006.0815476733
2020-2021,487040.153164557
