owner_org,d_fiscal_year,total
pc,2017-2018,47696.78
pc,2018-2019,1134546.0052877697
pc,2019-2020,2518006.0815476733
pc,2020-2021,487040.153164557
