d_most_recent_category,total,percentage
2_professional_services,13703782.64,0.9804442963572048
3_information_technology,223397.62,0.015983099414701336
9_human_capital,24973.00,0.0017867063462520096
10_office_management,24961.70,0.0017858978818419409
