d_most_recent_category,total,percentage
2_professional_services,9953053.20,0.99137723554559
3_information_technology,36634.60,0.003649001744053923
9_human_capital,24973.00,0.0024874441253421252
10_office_management,24961.70,0.002486318585013916
