d_fiscal_year,total
2017-2018,3198546.8288346734
2018-2019,2837360.46473972
2019-2020,4297470.47460151
2020-2021,3714410.420622178
