d_most_recent_category,total,percentage
3_information_technology,8125039.436694241,0.5783856737798246
2_professional_services,2877662.5185539224,0.2048480856828845
10_office_management,1312659.7877279227,0.09344245301012279
9_human_capital,1131040.8258219943,0.08051380122060094
5_transportation_and_logistics,515374.26,0.03668721745185247
6_industrial_products_and_services,72474.25,0.00515912177959745
1_facilities_and_construction,13537.11,9.636470751171133e-4
