category,total,percentage
3_information_technology,8435833.529035915,0.5902985062459857
2_professional_services,3060280.9891902376,0.21414354496139962
10_office_management,1312659.7877279227,0.09185353281781986
9_human_capital,880632.6811350976,0.06162238200127863
5_transportation_and_logistics,515374.26,0.0360633783002589
6_industrial_products_and_services,72474.25,0.005071394707949789
1_facilities_and_construction,13537.11,9.472609653074598e-4
