d_most_recent_category,total,percentage
3_information_technology,9620037.46,0.5431882224188169
2_professional_services,3930423.22,0.22192840803978953
9_human_capital,1728199.21,0.09758147615956615
10_office_management,1670888.72,0.0943454819692764
5_transportation_and_logistics,625906.51,0.03534134308861144
6_industrial_products_and_services,72474.25,0.004092204336299039
1_facilities_and_construction,35556.74,0.002007684737857342
8_security_and_protection,26834.31,0.0015151792497830974
