d_fiscal_year,total
2017-2018,3616521.73221379
2018-2019,3803080.5337114967
2019-2020,4289399.591396042
2020-2021,3723433.647337052
