d_fiscal_year,total
2017-2018,2532071.1715842145
2018-2019,1946571.7690009687
2019-2020,87743.57839810794
