d_fiscal_year,total
2017-2018,2494246.6915842146
2018-2019,1855330.5190009687
2019-2020,87743.57839810794
