d_fiscal_year,total
2017-2018,3903165.9258848093
2018-2019,2717473.254237309
2019-2020,2942801.716015361
2020-2021,2020265.950630089
