d_fiscal_year,total
2017-2018,3232490.1619323688
2018-2019,2303170.3406192246
2019-2020,2435220.51101783
2020-2021,1903924.8359050627
