d_most_recent_category,total,percentage
6_industrial_products_and_services,4746213.8415415045,0.48063869952380744
5_transportation_and_logistics,4225406.760665638,0.42789770503594293
3_information_technology,428221.45362902596,0.04336505042798536
1_facilities_and_construction,202885.27472527474,0.02054574822208497
2_professional_services,126338.37000000001,0.012794010527986574
11_defence,111633.55891304348,0.011304886456981262
10_office_management,34106.590000000004,0.0034538998052113675
