d_most_recent_category,total,percentage
11_defence,5783175.31,0.5003315562123078
6_industrial_products_and_services,4954014.44,0.4285966830156118
1_facilities_and_construction,557011.15,0.048189833307451614
2_professional_services,126338.37,0.01093016723350957
5_transportation_and_logistics,79717.99,0.006896803601509433
10_office_management,58428.66,0.0050549566296097265
