d_most_recent_category,total,percentage
11_defence,5259124.18,0.5911575365509616
5_transportation_and_logistics,3623585.01,0.40731298875597033
1_facilities_and_construction,13606.69,0.0015294746930681156
