d_most_recent_category,total,percentage
2_professional_services,3158511.73,0.5514893706951315
3_information_technology,1318433.86,0.23020407183164363
9_human_capital,937750.04,0.16373508229137881
10_office_management,248582.95,0.04340362378699075
1_facilities_and_construction,63960.96,0.011167851394855377
7_travel,0.00,0
