d_most_recent_category,total,percentage
2_professional_services,3342616.8798869923,0.5980699669924217
3_information_technology,1284248.2758320358,0.22978114200240235
9_human_capital,637493.73,0.11406208601204264
10_office_management,307007.52551470586,0.054930608935718876
1_facilities_and_construction,17640,0.003156196057414451
7_travel,0,0
