d_fiscal_year,total
2017-2018,796085.6291658623
2018-2019,1481907.7722333053
2019-2020,2635907.7487278096
2020-2021,675105.2611067569
