d_most_recent_category,total,percentage
1_facilities_and_construction,8164032.065663774,0.6983167804701151
6_industrial_products_and_services,1769283.6713377193,0.15133704365312875
11_defence,1757699.4211444291,0.15034617587675617
