d_most_recent_category,total,percentage
1_facilities_and_construction,1811530.4994261006,0.44545345694358734
6_industrial_products_and_services,1769709.1813377193,0.43516963852468205
5_transportation_and_logistics,314126.06779580534,0.07724327184116803
3_information_technology,171345.31,0.042133632690562535
