d_fiscal_year,total
2017-2018,2372853.2464096933
2018-2019,4552992.293191524
2019-2020,2156689.2329031574
2020-2021,2608480.385641547
