d_fiscal_year,total
2017-2018,4382547.089282699
2018-2019,4413509.481251978
2019-2020,4151779.838553448
2020-2021,2487819.5253140326
