owner_org,d_fiscal_year,total
csa-asc,2017-2018,2167834.328314549
csa-asc,2018-2019,2346867.1645011157
csa-asc,2019-2020,2353296.937554544
csa-asc,2020-2021,2346867.1645011157
