d_fiscal_year,total
2017-2018,2167834.328314549
2018-2019,2346867.1645011157
2019-2020,2353296.937554544
2020-2021,2346867.1645011157
