d_most_recent_category,total,percentage
1_facilities_and_construction,29635473.55677439,0.9659366179113976
2_professional_services,1016339.7890461176,0.033126510247904514
5_transportation_and_logistics,28743.75,9.36871840697953e-4
