d_most_recent_category,total,percentage
1_facilities_and_construction,41617791.63,0.9683544013250713
2_professional_services,1208787.54,0.028125825338610737
7_travel,108964.06,0.002535353721204419
5_transportation_and_logistics,42308.24,9.844196151135636e-4
