d_fiscal_year,total
2017-2018,7312769.321526109
2018-2019,8597211.996088434
2019-2020,9434620.532444501
2020-2021,9238388.704561085
