d_fiscal_year,total
2017-2018,5823351.617771111
2018-2019,7462473.597399041
2019-2020,8284388.2628138065
2020-2021,9110343.61783655
