d_fiscal_year,total
2017-2018,6149933206.32695
2018-2019,6501859902.806502
2019-2020,6144167022.036505
2020-2021,6397428722.0215645
