d_fiscal_year,total
2017-2018,6147177763.060161
2018-2019,6500496100.280916
2019-2020,6142966775.039613
2020-2021,6396551719.910542
