d_fiscal_year,total
2017-2018,8783462289.539509
2018-2019,8559186390.752627
2019-2020,7802883404.667994
2020-2021,7737508803.696375
