d_vendor_name,d_fiscal_year,total,total_constant_2019_dollars
10647802 CANADA,2018-2019,142674.84,144422.60
10647802 CANADA,2019-2020,31746.95,31794.56
10647802 CANADA,2020-2021,10868.01,10347.39
10647802 CANADA,2021-2022,72877.09,68059.18
1376387 FLEETWAY,2021-2022,2368905.24,2192353.05
14343878 ONTARIO,2018-2019,1646532.97,1667171.59
14343878 ONTARIO,2019-2020,3311159.70,3284587.31
14343878 ONTARIO,2020-2021,3302112.82,3143926.30
14343878 ONTARIO,2021-2022,1655579.85,1565188.52
2220742 ONTARIO,2025-2026,331383.80,173977.95
2553164 ONTARIO,2020-2021,3390000.00,3239716.49
2KEYS,2017-2018,1087802.89,1122060.71
2KEYS,2018-2019,381956.22,389224.83
2KEYS,2019-2020,1391309.54,1369277.73
2KEYS,2020-2021,2706515.73,2576868.15
2KEYS,2021-2022,2415248.23,2253430.77
2KEYS,2022-2023,1475617.41,1336117.93
3388646 CANADA COMMERCIAL BUILDING CLEANERS,2021-2022,2455585.35,2278473.37
3388646 CANADA COMMERCIAL BUILDING CLEANERS,2022-2023,3271126.47,2953661.57
3388646 CANADA COMMERCIAL BUILDING CLEANERS,2023-2024,3280088.46,2843683.72
3388646 CANADA COMMERCIAL BUILDING CLEANERS,2024-2025,815541.12,687759.72
3D DATACOMM,2017-2018,130447.18,134331.43
3D DATACOMM,2018-2019,105176.62,106663.50
3D DATACOMM,2019-2020,10538.61,10287.57
3D DATACOMM,2020-2021,16746.99,15862.52
3D DATACOMM,2021-2022,54583.28,51139.71
3D DATACOMM,2022-2023,77635.17,69794.09
3D DATACOMM,2023-2024,132633.32,115450.22
3D DATACOMM,2024-2025,36274.11,29762.35
3D DATACOMM,2025-2026,72750.88,57773.58
3M CANADA COMPANY,2017-2018,24636.16,25319.78
3M CANADA COMPANY,2022-2023,23612.20,21288.57
4 OFFICE AUTOMATION,2017-2018,219350.24,226037.30
4 OFFICE AUTOMATION,2018-2019,299199.08,304039.96
4 OFFICE AUTOMATION,2019-2020,423117.20,419950.71
4 OFFICE AUTOMATION,2020-2021,390250.78,371549.49
4 OFFICE AUTOMATION,2021-2022,380029.51,354568.19
4 OFFICE AUTOMATION,2022-2023,377197.38,340598.40
4 OFFICE AUTOMATION,2023-2024,384628.49,333446.83
4 OFFICE AUTOMATION,2024-2025,375893.72,311718.94
4 OFFICE AUTOMATION,2025-2026,193994.81,155076.11
5029406 MANITOBA,2017-2018,1765474.22,1816472.18
5029406 MANITOBA,2018-2019,793984.18,813829.98
5029406 MANITOBA,2019-2020,949900.00,943832.12
5029406 MANITOBA,2020-2021,727500.00,691091.74
5029406 MANITOBA,2021-2022,450000.00,426798.81
5029406 MANITOBA,2022-2023,54620.79,49104.14
5029406 MANITOBA,2023-2024,159579.21,138261.25
6771581 CANADA,2020-2021,955255.72,916285.81
6771581 CANADA,2021-2022,1154360.59,1088680.18
6771581 CANADA,2022-2023,422036.99,380869.75
6771581 CANADA,2023-2024,479346.72,421208.26
6771581 CANADA,2024-2025,165328.16,139424.05
73719 NEWFOUNDLAND LABRADOR,2017-2018,990082.00,1018975.17
73719 NEWFOUNDLAND LABRADOR,2018-2019,408730.59,414867.94
73719 NEWFOUNDLAND LABRADOR,2019-2020,553715.31,551198.44
73719 NEWFOUNDLAND LABRADOR,2020-2021,119762.22,114427.83
828778852PG0001 4527984CANADA,2020-2021,583481.92,550371.85
828778852PG0001 4527984CANADA,2021-2022,3549515.04,3311703.67
828778852PG0001 4527984CANADA,2022-2023,2975757.81,2689224.10
9205187 CANADA,2017-2018,17260.75,17754.04
A J HANNA CONSTRUCTION,2017-2018,2428689.31,2502015.21
A J HANNA CONSTRUCTION,2018-2019,2289388.13,2330462.80
A J HANNA CONSTRUCTION,2019-2020,2555693.50,2532468.99
A J HANNA CONSTRUCTION,2020-2021,2948860.72,2815811.54
A J HANNA CONSTRUCTION,2021-2022,633071.91,599635.89
A J HANNA CONSTRUCTION,2022-2023,1016537.19,914866.20
A J HANNA CONSTRUCTION,2023-2024,1293354.04,1117444.43
A J HANNA CONSTRUCTION,2024-2025,441251.77,370314.96
A SANTIN MASON CONTRACTOR,2017-2018,284760.00,293345.35
A SANTIN MASON CONTRACTOR,2018-2019,751701.56,762271.34
A SANTIN MASON CONTRACTOR,2019-2020,2509449.96,2485676.64
A SANTIN MASON CONTRACTOR,2020-2021,2975724.13,2833573.54
A TECH ROOFING,2017-2018,339786.26,349196.50
A TECH ROOFING,2018-2019,118113.74,121086.60
A TECH ROOFING,2020-2021,3309297.50,3166965.00
A TECH ROOFING,2021-2022,2127044.67,1990263.00
A TECH ROOFING,2022-2023,312545.33,283689.72
A TECH ROOFING,2023-2024,165212.56,141528.93
A TECH ROOFING,2024-2025,530360.61,438426.09
A TECH ROOFING,2025-2026,4822872.71,3118093.55
AA STURGEON CONSTRUCTION,2017-2018,147875.00,152316.53
AA STURGEON CONSTRUCTION,2019-2020,161837.18,157982.09
AA STURGEON CONSTRUCTION,2020-2021,1459592.31,1390143.53
AA STURGEON CONSTRUCTION,2021-2022,1091709.57,1019010.40
AA STURGEON CONSTRUCTION,2022-2023,1140913.28,1030186.92
AA STURGEON CONSTRUCTION,2023-2024,350088.46,308503.10
ABB,2017-2018,912647.47,940701.53
ABB,2018-2019,817427.51,832554.15
ABB,2019-2020,812892.85,807116.16
ABB,2020-2021,560055.44,531624.69
ABB,2021-2022,2013310.82,1882374.81
ABB,2022-2023,1283971.22,1157814.31
ABB,2023-2024,539968.72,474604.78
ABB,2025-2026,548207.41,206585.28
ABBOTT,2017-2018,21102.34,21691.36
ABBOTT,2018-2019,55814.17,56834.40
ABBOTT,2019-2020,4893.30,4911.10
ABBOTT,2025-2026,61436.99,33988.39
ABCO INDUSTRIES,2021-2022,68635.76,64028.56
ABCO INDUSTRIES,2022-2023,39470.29,35639.67
ABCO INDUSTRIES,2023-2024,39578.43,34312.65
ABCO INDUSTRIES,2024-2025,3062019.85,2512800.62
ABCO INDUSTRIES,2025-2026,43846542.47,27236237.42
ABCO MAINTENANCE SYSTEMS,2017-2018,3092446.21,3187758.59
ABCO MAINTENANCE SYSTEMS,2018-2019,3205924.96,3264733.19
ABCO MAINTENANCE SYSTEMS,2019-2020,2400999.21,2388711.37
ABCO MAINTENANCE SYSTEMS,2020-2021,1262357.58,1204966.09
ABCO MAINTENANCE SYSTEMS,2022-2023,1185.15,1065.45
ABCO MAINTENANCE SYSTEMS,2023-2024,11414.85,9896.14
ABS AMERICAS,2017-2018,2181020.58,2247570.80
ABS AMERICAS,2018-2019,2475703.70,2520957.03
ABS AMERICAS,2019-2020,2482486.45,2462564.25
ABS AMERICAS,2020-2021,2475703.70,2357106.01
ABS AMERICAS,2021-2022,2450594.30,2286502.35
ABS AMERICAS,2022-2023,301380.47,273555.65
ACCENTURE,2017-2018,211310.00,217197.17
ACCENTURE,2018-2019,415321.15,420137.06
ACCENTURE,2019-2020,310040.72,305454.91
ACCENTURE,2020-2021,1095233.93,1044902.05
ACCENTURE,2021-2022,57126.67,53894.25
ACCENTURE,2022-2023,135036.00,122058.30
ACCENTURE,2023-2024,93451.00,81488.85
ACCENTURE,2024-2025,313118.28,259648.81
ACCENTURE,2025-2026,697895.93,450724.96
ACCESS 2 NETWORKS,2017-2018,17931.50,18554.62
ACCESS 2 NETWORKS,2018-2019,206610.08,208372.11
ACCESS 2 NETWORKS,2019-2020,184913.02,182720.77
ACCESS 2 NETWORKS,2020-2021,52832.99,49880.97
ACCESS 2 NETWORKS,2021-2022,87908.49,82025.08
ACCESS 2 NETWORKS,2024-2025,44594.61,36488.52
ACCESS 2 NETWORKS,2025-2026,217691.34,142044.37
ACKLANDS GRAINGER,2017-2018,2468510.75,2541194.42
ACKLANDS GRAINGER,2018-2019,1580891.49,1607206.61
ACKLANDS GRAINGER,2019-2020,816448.82,801657.49
ACKLANDS GRAINGER,2020-2021,1294659.46,1230010.15
ACKLANDS GRAINGER,2021-2022,1002866.84,928972.08
ACKLANDS GRAINGER,2022-2023,1444038.43,1301486.08
ACKLANDS GRAINGER,2023-2024,2766174.94,2388039.36
ACKLANDS GRAINGER,2024-2025,2322165.80,1910058.73
ACKLANDS GRAINGER,2025-2026,6819708.07,3119507.59
ACME FUTURE SECURITY CONTROLS,2017-2018,333536.22,343064.62
ACME FUTURE SECURITY CONTROLS,2018-2019,1159241.30,1180548.84
ACOSYS CONSULTING SERVICES,2017-2018,73631.75,75809.94
ACOSYS CONSULTING SERVICES,2019-2020,325440.00,323963.31
ACOSYS CONSULTING SERVICES,2020-2021,33233.36,31573.23
ACOSYS CONSULTING SERVICES,2021-2022,82518.21,76989.63
ACOSYS CONSULTING SERVICES,2022-2023,63939.48,57848.54
ACOSYS CONSULTING SERVICES,2023-2024,10431.45,9125.69
ACRES ENTERPRISES,2021-2022,3629404.35,3357531.36
ACRES ENTERPRISES,2022-2023,3943251.59,3564129.97
ACRES ENTERPRISES,2023-2024,165901.66,146473.33
ACT,2017-2018,857515.61,883685.32
ACT,2018-2019,1060917.07,1079636.39
ACT,2019-2020,757206.23,748696.53
ACT,2020-2021,1762596.37,1677313.15
ACT,2021-2022,1281701.25,1197038.06
ACT,2022-2023,1175896.84,1061428.14
ACT,2023-2024,967329.64,841058.38
ACT,2024-2025,150222.84,124264.05
ACT,2025-2026,1168480.08,310959.80
ACTION PERSONNEL OF OTTAWA HULL,2018-2019,40265.24,40834.54
ACTION PERSONNEL OF OTTAWA HULL,2019-2020,52882.92,52695.94
ADGA GROUP,2017-2018,40228247.95,41467482.40
ADGA GROUP,2018-2019,37605328.45,38287343.03
ADGA GROUP,2019-2020,38234944.01,37936823.05
ADGA GROUP,2020-2021,39491051.19,37590956.98
ADGA GROUP,2021-2022,48224911.56,44912074.63
ADGA GROUP,2022-2023,93235686.20,84179278.13
ADGA GROUP,2023-2024,83139152.22,72235414.22
ADGA GROUP,2024-2025,66437482.02,55103051.98
ADGA GROUP,2025-2026,62106486.06,42260286.55
ADOBE,2018-2019,25080.90,25294.80
ADRM TECHNOLOGY CONSULTING,2018-2019,14921.31,15048.57
ADRM TECHNOLOGY CONSULTING,2019-2020,64213.70,63820.21
ADRM TECHNOLOGY CONSULTING,2020-2021,31476.28,29987.43
ADRM TECHNOLOGY CONSULTING,2021-2022,37290.00,34971.28
ADRM TECHNOLOGY CONSULTING,2024-2025,1797648.27,1473102.68
ADRM TECHNOLOGY CONSULTING,2025-2026,9683470.81,6398677.85
ADVANCED BUSINESS INTERIORS,2017-2018,55108.49,56641.63
ADVANCED BUSINESS INTERIORS,2018-2019,46324.88,46956.23
ADVANCED BUSINESS INTERIORS,2019-2020,11176.14,11117.46
ADVANCED BUSINESS INTERIORS,2020-2021,31297.12,29790.85
ADVANCED BUSINESS INTERIORS,2021-2022,101239.09,92504.16
ADVANCED BUSINESS INTERIORS,2023-2024,93742.53,80639.70
ADVANCED BUSINESS INTERIORS,2025-2026,49252.33,1529.98
ADVANCED CHIPPEWA TECHNOLOGIES,2017-2018,396166.95,408175.51
ADVANCED CHIPPEWA TECHNOLOGIES,2018-2019,1301236.96,1322434.13
ADVANCED CHIPPEWA TECHNOLOGIES,2019-2020,1544529.75,1530517.15
ADVANCED CHIPPEWA TECHNOLOGIES,2020-2021,4091074.24,3863677.60
ADVANCED CHIPPEWA TECHNOLOGIES,2021-2022,1666223.17,1559253.27
ADVANCED CHIPPEWA TECHNOLOGIES,2022-2023,4213180.72,3791709.15
ADVANCED CHIPPEWA TECHNOLOGIES,2023-2024,16645698.73,14440855.39
ADVANCED CHIPPEWA TECHNOLOGIES,2024-2025,6354332.54,5262587.54
ADVANCED CHIPPEWA TECHNOLOGIES,2025-2026,3150584.53,1980343.66
AECOM,2017-2018,1223499.81,1260285.75
AECOM,2018-2019,2640082.57,2684347.21
AECOM,2019-2020,5818355.76,5780563.32
AECOM,2020-2021,5754295.54,5482002.01
AECOM,2021-2022,3514675.32,3276398.39
AECOM,2022-2023,3336060.36,3009691.40
AECOM,2023-2024,5359795.69,4632117.17
AECOM,2024-2025,10927022.76,9092520.98
AECOM,2025-2026,5842209.85,3619646.46
AEG FUELS,2017-2018,679452.36,700315.81
AEG FUELS,2018-2019,190035.10,194884.86
AEG FUELS,2019-2020,4080337.90,3983141.17
AEG FUELS,2020-2021,32232519.86,30719876.33
AEG FUELS,2021-2022,44405620.39,41085182.73
AEG FUELS,2022-2023,94692632.79,85533920.23
AEG FUELS,2023-2024,70304356.00,60790059.14
AEG FUELS,2024-2025,69907404.76,57741902.26
AEG FUELS,2025-2026,45822239.26,36587342.19
AEREX AVIONICS,2017-2018,5828917.26,6007402.70
AEREX AVIONICS,2018-2019,5082669.77,5173043.75
AEREX AVIONICS,2019-2020,6134330.45,6084031.86
AEREX AVIONICS,2020-2021,6551592.74,6238766.84
AEREX AVIONICS,2021-2022,6431358.20,6000636.30
AEREX AVIONICS,2022-2023,6645872.69,6001428.17
AEREX AVIONICS,2023-2024,6839476.33,5927400.10
AEREX AVIONICS,2024-2025,6610298.80,5481749.84
AEREX AVIONICS,2025-2026,4728983.43,3176066.28
AERO FEU,2017-2018,6451006.63,6649050.41
AERO FEU,2018-2019,6215854.11,6328885.78
AERO FEU,2019-2020,6258147.30,6208625.71
AERO FEU,2022-2023,701807.40,631928.64
AERO FEU,2023-2024,560899.17,480899.30
AERO FEU,2024-2025,2256090.40,1870744.06
AERO FEU,2025-2026,71756.42,36871.18
AERO SUPPLIES,2022-2023,15595.70,14020.55
AFW CONSTRUCTION,2017-2018,1767231.08,1820820.45
AFW CONSTRUCTION,2018-2019,1602388.90,1628932.87
AFW CONSTRUCTION,2019-2020,1272850.35,1266649.20
AFW CONSTRUCTION,2020-2021,625893.53,596924.50
AFW CONSTRUCTION,2021-2022,143414.63,136020.43
AFW CONSTRUCTION,2023-2024,111870.00,95839.79
AFW CONSTRUCTION,2024-2025,148030.00,122264.18
AFW CONSTRUCTION,2025-2026,713487.84,351197.56
AG CREATIONS,2017-2018,32885.25,33808.07
AG CREATIONS,2018-2019,297606.56,303860.42
AG CREATIONS,2019-2020,691586.91,686100.82
AG CREATIONS,2020-2021,164738.13,157211.81
AG CREATIONS,2021-2022,155802.31,145220.03
AG CREATIONS,2022-2023,620416.01,560313.02
AG CREATIONS,2023-2024,535929.91,466570.39
AG CREATIONS,2024-2025,59341.89,48914.39
AG CREATIONS,2025-2026,92100.10,74181.62
AGC AND ASSOCIATES,2017-2018,262688.00,271162.45
AGC AND ASSOCIATES,2018-2019,1334341.05,1350797.91
AGC AND ASSOCIATES,2019-2020,2266484.26,2262036.84
AGC AND ASSOCIATES,2020-2021,287942.71,271603.21
AGC AND ASSOCIATES,2021-2022,406275.33,385042.30
AGC AND ASSOCIATES,2022-2023,574559.52,516529.51
AGC AND ASSOCIATES,2023-2024,1035754.02,906037.38
AGC AND ASSOCIATES,2024-2025,1538760.24,1273409.10
AGC AND ASSOCIATES,2025-2026,233552.09,82670.90
AGILENT,2017-2018,459864.06,473622.60
AGILENT,2018-2019,367898.89,374157.64
AGILENT,2019-2020,160096.49,159181.57
AGILENT,2020-2021,78087.91,74182.33
AGILENT,2021-2022,165378.16,152142.81
AGILENT,2022-2023,709416.12,639252.43
AGILENT,2023-2024,456077.34,393317.09
AGILENT,2024-2025,582219.04,480166.15
AGILENT,2025-2026,244765.68,183379.81
AINSWORTH,2019-2020,17606.50,17187.10
AINSWORTH,2020-2021,467258.54,444165.71
AINSWORTH,2021-2022,338427.47,318806.49
AINSWORTH,2022-2023,294965.55,265931.73
AINSWORTH,2023-2024,809467.98,697866.33
AINSWORTH,2024-2025,1186649.19,987381.55
AINSWORTH,2025-2026,448878.03,288506.08
AIR CHARTER SERVICE,2021-2022,4055381.49,3821772.31
AIR INUIT,2017-2018,179797.86,184752.57
AIR INUIT,2018-2019,181418.22,186048.07
AIR INUIT,2019-2020,30901.90,30165.79
AIR INUIT,2025-2026,565017.80,456573.84
AIR LIQUIDE CANADA,2017-2018,195934.30,201469.77
AIR LIQUIDE CANADA,2018-2019,24353.16,24824.01
AIR LIQUIDE CANADA,2019-2020,34414.40,34432.72
AIR LIQUIDE CANADA,2020-2021,155275.29,147468.78
AIR LIQUIDE CANADA,2021-2022,172915.20,160785.58
AIR LIQUIDE CANADA,2022-2023,264853.88,238816.27
AIR LIQUIDE CANADA,2023-2024,213355.25,184568.25
AIR LIQUIDE CANADA,2024-2025,289162.91,238885.79
AIR LIQUIDE CANADA,2025-2026,498875.17,281447.35
AIR NORTH,2017-2018,283326.15,293139.39
AIR NORTH,2018-2019,753653.22,766157.36
AIR NORTH,2019-2020,644576.48,645321.41
AIR NORTH,2020-2021,564636.19,537537.03
AIR NORTH,2021-2022,1181257.96,1092499.43
AIR NORTH,2022-2023,1422258.02,1282606.94
AIR NORTH,2023-2024,28328.30,24757.36
AIR NORTH,2024-2025,744606.47,609366.01
AIR NORTH,2025-2026,47729.36,38705.29
AIR TINDI,2020-2021,234751.20,221430.08
AIR TINDI,2021-2022,5087118.40,4741601.08
AIR TINDI,2022-2023,6245667.02,5640229.62
AIR TINDI,2023-2024,4438722.85,3858300.19
AIRBORNE SYSTEMS,2017-2018,5611281.57,5783309.68
AIRBORNE SYSTEMS,2018-2019,5590662.22,5692853.82
AIRBORNE SYSTEMS,2019-2020,4212142.77,4200356.46
AIRBOSS DEFENSE,2017-2018,1190415.12,1226900.43
AIRBOSS DEFENSE,2018-2019,1190415.12,1212174.69
AIRBOSS DEFENSE,2019-2020,1193676.53,1184097.15
AIRBOSS DEFENSE,2020-2021,1190415.12,1133388.71
AIRBOSS DEFENSE,2021-2022,319618.31,303001.32
AIRBUS,2017-2018,241589091.32,248993675.03
AIRBUS,2018-2019,242933927.95,247373893.88
AIRBUS,2019-2020,250597077.95,248529786.46
AIRBUS,2020-2021,244858288.52,233128249.15
AIRBUS,2021-2022,245056311.16,228635059.81
AIRBUS,2022-2023,246938295.94,222972186.54
AIRBUS,2023-2024,588834559.59,509004971.56
AIRBUS,2024-2025,663784011.02,550383830.88
AIRBUS,2025-2026,669183792.16,445353154.66
AIWORX,2017-2018,367718.53,378007.98
AIWORX,2018-2019,1274746.69,1296970.68
AIWORX,2019-2020,1101977.89,1093254.98
AIWORX,2020-2021,1088656.95,1036505.24
AIWORX,2021-2022,1088656.95,1015718.82
AIWORX,2022-2023,723921.05,655104.21
AKM GROUP,2020-2021,883994.09,842261.81
AKM GROUP,2021-2022,1646213.48,1535920.02
AKM GROUP,2022-2023,1127987.79,1017248.40
AKM GROUP,2023-2024,1212679.22,1056247.23
AKM GROUP,2025-2026,1206360.38,786578.20
ALGONQUIN COLLEGE,2017-2018,1512186.87,1558461.41
ALGONQUIN COLLEGE,2018-2019,1251121.57,1274826.22
ALGONQUIN COLLEGE,2019-2020,1240259.69,1231306.07
ALGONQUIN COLLEGE,2020-2021,604414.11,573851.66
ALGONQUIN COLLEGE,2021-2022,1016669.78,939669.60
ALGONQUIN COLLEGE,2022-2023,1673416.26,1510828.68
ALGONQUIN COLLEGE,2023-2024,785445.18,686623.06
ALGONQUIN COLLEGE,2024-2025,329844.70,272892.59
ALGONQUIN COLLEGE,2025-2026,1565274.12,958656.97
ALIKA INTERNET TECHNOLOGIES,2022-2023,77970.00,70128.46
ALIKA INTERNET TECHNOLOGIES,2023-2024,40665.99,34995.51
ALIKA INTERNET TECHNOLOGIES,2024-2025,58901.14,48845.19
ALLEN HASTINGS,2017-2018,531373.06,547255.40
ALLIANCE ENERGY,2021-2022,420.78,381.60
ALLIANCE ENERGY,2022-2023,254184.23,229960.91
ALLIANCE ENERGY,2023-2024,313215.14,268522.69
ALLIANCE ENERGY,2024-2025,266771.89,218566.68
ALLIANCE ENERGY,2025-2026,277330.50,166036.21
ALLIANT TECHSYSTEMS OPERATIONS,2017-2018,6794161.10,7000463.30
ALLIANT TECHSYSTEMS OPERATIONS,2018-2019,4696391.41,4786093.17
ALLIANT TECHSYSTEMS OPERATIONS,2019-2020,3261025.53,3234855.48
ALLIANT TECHSYSTEMS OPERATIONS,2020-2021,3252115.63,3096324.21
ALLIANT TECHSYSTEMS OPERATIONS,2021-2022,1890325.39,1736719.86
ALLIANT TECHSYSTEMS OPERATIONS,2022-2023,667498.39,602717.25
ALLIANT TECHSYSTEMS OPERATIONS,2023-2024,973075.02,843582.16
ALLIANT TECHSYSTEMS OPERATIONS,2024-2025,667498.39,553539.16
ALLIANT TECHSYSTEMS OPERATIONS,2025-2026,245054.21,198128.32
ALLIED CONTAINER SYSTEMS,2017-2018,340336.57,350767.63
ALLIED CONTAINER SYSTEMS,2018-2019,51283.59,52592.37
ALLIED CONTAINER SYSTEMS,2019-2020,706930.69,695902.19
ALLIED CONTAINER SYSTEMS,2020-2021,1264851.49,1204259.23
ALLIED CONTAINER SYSTEMS,2021-2022,1264851.49,1180108.62
ALLIED CONTAINER SYSTEMS,2022-2023,1264851.49,1142096.84
ALLIED CONTAINER SYSTEMS,2023-2024,1268316.83,1099571.54
ALLIED CONTAINER SYSTEMS,2024-2025,530198.02,444362.12
ALLIED SHIPBUILDERS,2023-2024,530310.39,454630.22
ALLIED SHIPBUILDERS,2024-2025,16130274.44,13376419.41
ALLIED SHIPBUILDERS,2025-2026,2020824.93,1604435.24
ALLSEATING,2017-2018,54895.26,56472.09
ALLSEATING,2019-2020,19110.00,18654.79
ALLSEATING,2020-2021,10462.20,9958.64
ALLSEATING,2021-2022,80782.51,73272.02
ALLSEATING,2022-2023,14718.94,13290.46
ALLSEATING,2023-2024,85300.37,73127.22
ALLSEATING,2024-2025,98288.17,80404.47
ALLSEATING,2025-2026,84578.12,54890.98
ALMIQ CONTRACTING,2017-2018,13085882.54,13486954.87
ALMIQ CONTRACTING,2018-2019,6560867.14,6718275.27
ALPINE HELICOPTERS,2017-2018,10999.28,11336.39
ALPINE HELICOPTERS,2018-2019,4128.50,4229.64
ALS CANADA,2017-2018,454773.11,468897.03
ALS CANADA,2018-2019,131150.70,133514.34
ALS CANADA,2019-2020,325979.72,323278.95
ALS CANADA,2020-2021,680950.50,651994.81
ALS CANADA,2021-2022,490033.58,460726.35
ALS CANADA,2022-2023,244286.00,220123.64
ALS CANADA,2023-2024,1151297.62,993687.07
ALS CANADA,2024-2025,1056482.82,872983.80
ALS CANADA,2025-2026,1045888.48,711394.57
ALTIS HUMAN RESOURCES,2017-2018,11058003.47,11396259.73
ALTIS HUMAN RESOURCES,2018-2019,10382700.06,10567840.44
ALTIS HUMAN RESOURCES,2019-2020,10997462.64,10906478.60
ALTIS HUMAN RESOURCES,2020-2021,6229779.07,5932631.01
ALTIS HUMAN RESOURCES,2021-2022,5789188.24,5390709.63
ALTIS HUMAN RESOURCES,2022-2023,7165715.47,6467299.43
ALTIS HUMAN RESOURCES,2023-2024,8534960.56,7405463.86
ALTIS HUMAN RESOURCES,2024-2025,5125170.83,4254443.48
ALTIS HUMAN RESOURCES,2025-2026,4855957.11,3185652.40
AMAN BUILDERS,2017-2018,13145320.02,13549689.46
AMAN BUILDERS,2018-2019,11678421.28,11891890.89
AMAN BUILDERS,2019-2020,3455532.87,3465466.82
AMAZON,2020-2021,147819.93,139431.79
AMAZON,2021-2022,1415672.42,1319827.08
AMAZON,2022-2023,2603072.06,2346734.42
AMAZON,2023-2024,8530180.56,7393454.45
AMAZON,2024-2025,8168422.17,6765444.00
AMAZON,2025-2026,11208414.15,6947579.78
AMEC CONSTRUCTION,2017-2018,401706.86,415034.98
AMEC CONSTRUCTION,2018-2019,16787.16,17063.37
AMEC CONSTRUCTION,2019-2020,1944525.13,1917673.15
AMEC CONSTRUCTION,2020-2021,475951.04,448906.19
AMEC CONSTRUCTION,2021-2022,195795.97,181665.02
AMEC CONSTRUCTION,2022-2023,1666070.08,1507052.36
AMEC CONSTRUCTION,2023-2024,364115.59,315922.86
AMEC CONSTRUCTION,2024-2025,1025609.75,852922.35
AMER SPORTS CANADA,2017-2018,1850575.75,1907294.49
AMER SPORTS CANADA,2018-2019,1915152.99,1950170.56
AMER SPORTS CANADA,2019-2020,1540522.93,1529504.21
AMER SPORTS CANADA,2020-2021,1374383.63,1308544.28
AMER SPORTS CANADA,2021-2022,1390495.88,1297164.89
AMER SPORTS CANADA,2022-2023,650472.63,589119.68
AMER SPORTS CANADA,2023-2024,6830372.23,5867119.87
AMER SPORTS CANADA,2025-2026,423152.23,267912.44
AMERESCO CANADA,2018-2019,2645115.81,2692644.93
AMERESCO CANADA,2019-2020,2766035.39,2743837.68
AMERESCO CANADA,2020-2021,2758477.92,2626334.03
AMERESCO CANADA,2021-2022,2758477.92,2573664.67
AMERESCO CANADA,2022-2023,2758477.92,2490765.88
AMERESCO CANADA,2023-2024,58002067.95,50258076.66
AMERESCO CANADA,2024-2025,6069546.91,5033318.28
AMERESCO CANADA,2025-2026,53433947.12,4871654.13
AMERICAN BUREAU OF SHIPPING,2017-2018,13212.71,13630.96
AMERICAN BUREAU OF SHIPPING,2025-2026,212721.07,4347.66
AMERICAN CHEMICAL SOCIETY,2017-2018,13670.81,14067.51
AMERICAN CHEMICAL SOCIETY,2018-2019,17380.63,17684.35
AMERICAN CHEMICAL SOCIETY,2019-2020,49434.88,48740.00
AMERICAN CHEMICAL SOCIETY,2020-2021,65983.22,62831.03
AMERICAN CHEMICAL SOCIETY,2021-2022,66229.28,62544.14
AMERICAN CHEMICAL SOCIETY,2025-2026,22558.28,11103.78
AMRON CONSTRUCTION,2017-2018,1751997.98,1807316.96
AMRON CONSTRUCTION,2018-2019,2933936.86,2989999.30
AMRON CONSTRUCTION,2019-2020,1359033.56,1349850.77
AMRON CONSTRUCTION,2020-2021,667755.87,633872.78
AMRON CONSTRUCTION,2021-2022,1650929.07,1539576.34
AMRON CONSTRUCTION,2022-2023,2475581.22,2235979.45
AMRON CONSTRUCTION,2023-2024,1766734.69,1534855.38
AMRON CONSTRUCTION,2024-2025,245839.38,206571.80
AMRON CONSTRUCTION,2025-2026,56281.86,45281.64
AMS IMAGING,2017-2018,13168.53,13572.14
AMS IMAGING,2023-2024,197750.00,172072.32
AMTECH AERONAUTICAL,2017-2018,680740.77,701570.39
AMTECH AERONAUTICAL,2018-2019,925534.07,941579.36
AMTECH AERONAUTICAL,2019-2020,1138615.55,1127580.51
AMTECH AERONAUTICAL,2020-2021,1154367.61,1099069.90
AMTECH AERONAUTICAL,2021-2022,1243319.86,1158543.88
AMTECH AERONAUTICAL,2022-2023,1210831.51,1093319.54
AMTECH AERONAUTICAL,2023-2024,895380.52,776253.15
AMTECH AERONAUTICAL,2024-2025,1207056.92,995753.67
AMTECH AERONAUTICAL,2025-2026,3522487.17,2365762.73
AMTEK ENGINEERING,2017-2018,3166346.97,3264295.47
AMTEK ENGINEERING,2018-2019,1951178.51,1989340.87
AMTEK ENGINEERING,2019-2020,798415.04,794390.22
AMTEK ENGINEERING,2020-2021,257484.39,245489.78
AMTEK ENGINEERING,2021-2022,16773.46,15908.65
ANALYTICAL GRAPHICS,2017-2018,505687.04,520999.44
ANALYTICAL GRAPHICS,2018-2019,217139.25,221463.38
ANALYTICAL GRAPHICS,2019-2020,257556.35,255347.44
ANALYTICAL GRAPHICS,2020-2021,403530.00,384248.13
ANALYTICAL GRAPHICS,2021-2022,262460.52,244438.30
ANALYTICAL GRAPHICS,2022-2023,988117.27,892767.47
ANALYTICAL GRAPHICS,2023-2024,275149.61,238139.98
ANALYTICAL GRAPHICS,2024-2025,133104.15,110636.95
ANALYTICAL GRAPHICS,2025-2026,114794.45,77097.92
ANIXTER,2017-2018,1068533.03,1101068.48
ANIXTER,2018-2019,1309251.68,1330323.51
ANIXTER,2019-2020,2227947.56,2220202.78
ANIXTER,2020-2021,615471.25,586512.09
ANIXTER,2021-2022,911756.82,845798.23
ANIXTER,2022-2023,585103.70,528024.61
ANIXTER,2023-2024,2797611.21,2413040.00
ANIXTER,2024-2025,3432748.19,2835496.60
ANIXTER,2025-2026,2588110.44,1405433.08
ANSYS CANADA,2017-2018,210875.41,218052.12
ANSYS CANADA,2018-2019,244013.63,247696.30
ANSYS CANADA,2019-2020,472663.53,468870.36
ANSYS CANADA,2020-2021,363530.52,346115.72
ANSYS CANADA,2021-2022,374990.86,349567.76
ANSYS CANADA,2022-2023,456684.44,412318.96
ANSYS CANADA,2023-2024,295685.42,257438.46
ANSYS CANADA,2024-2025,252979.02,209547.25
ANSYS CANADA,2025-2026,1836227.48,918765.62
AON REED STENHOUSE,2017-2018,4852.77,5001.50
AON REED STENHOUSE,2018-2019,105377.66,107439.25
AON REED STENHOUSE,2019-2020,92812.03,92108.23
AON REED STENHOUSE,2020-2021,88849.10,84633.38
AON REED STENHOUSE,2021-2022,3206.72,3041.39
APEX STEEL GAS,2017-2018,273464.13,281568.24
APEX STEEL GAS,2018-2019,1251315.19,1275040.93
APEX STEEL GAS,2019-2020,1053144.04,1041461.27
APEX STEEL GAS,2020-2021,3136711.13,2987901.32
APEX STEEL GAS,2021-2022,713560.56,664133.03
APEX STEEL GAS,2022-2023,89211.18,80743.74
APEX STEEL GAS,2023-2024,326586.83,281841.40
APEX STEEL GAS,2024-2025,20740.96,17136.90
APEX STEEL GAS,2025-2026,0.00,0.00
APOTEX,2018-2019,17600.00,17903.27
APOTEX,2022-2023,15050.32,13530.25
APOTEX,2023-2024,38252.90,33163.48
APOTEX,2024-2025,38148.39,31635.47
APOTEX,2025-2026,38148.39,25621.11
APPAREL TRIMMINGS,2017-2018,1185676.18,1222239.46
APPAREL TRIMMINGS,2018-2019,448708.36,458081.40
APPAREL TRIMMINGS,2019-2020,4895629.68,4848692.74
APPAREL TRIMMINGS,2020-2021,5412476.22,5152529.36
APPAREL TRIMMINGS,2021-2022,1770963.39,1647301.01
APPAREL TRIMMINGS,2022-2023,1922263.77,1736653.35
APPAREL TRIMMINGS,2023-2024,1630773.92,1414507.00
APPAREL TRIMMINGS,2024-2025,1329198.75,1102472.35
APPAREL TRIMMINGS,2025-2026,1234527.94,859865.25
APPLIED ELECTONICS,2017-2018,906893.96,932497.30
APPLIED ELECTONICS,2018-2019,1515414.88,1535776.30
APPLIED ELECTONICS,2019-2020,1394212.30,1379957.89
APPLIED ELECTONICS,2020-2021,733761.20,693161.70
APPLIED ELECTONICS,2021-2022,538022.66,501709.30
APPLIED ELECTONICS,2022-2023,1136255.71,1022288.30
APPLIED ELECTONICS,2023-2024,537049.61,460870.62
APPLIED ELECTONICS,2024-2025,1648806.61,1350816.48
APPLIED ELECTONICS,2025-2026,569054.36,335295.78
APPLIED SYSTEMS ENGINEERING,2019-2020,6044170.82,6066154.95
APRON FUEL SERVICES,2017-2018,4409715.26,4545476.59
APRON FUEL SERVICES,2018-2019,9885936.47,10087661.60
APRON FUEL SERVICES,2019-2020,4765338.10,4776302.19
APRON FUEL SERVICES,2020-2021,106439.20,100399.24
APRON FUEL SERVICES,2021-2022,3022374.49,2853827.27
APRON FUEL SERVICES,2022-2023,2243960.92,2028842.55
APRON FUEL SERVICES,2023-2024,414222.26,354891.72
APRON FUEL SERVICES,2025-2026,268402.40,212602.32
AQUA LUNG CANADA,2017-2018,8721576.87,8993543.22
AQUA LUNG CANADA,2018-2019,3263475.93,3338557.80
AQUA LUNG CANADA,2019-2020,592835.52,586455.64
AQUA LUNG CANADA,2020-2021,1031961.52,980797.28
AQUA LUNG CANADA,2021-2022,263170.30,248865.15
AQUA LUNG CANADA,2022-2023,11858.38,10660.69
AQUA LUNG CANADA,2023-2024,33243.80,28796.47
AQUATIC INFORMATICS,2021-2022,4919.56,4495.49
AQUATIC INFORMATICS,2022-2023,9920.44,8977.08
ARCADIS CANADA,2017-2018,224758.70,231636.29
ARCADIS CANADA,2018-2019,378090.91,384763.03
ARCADIS CANADA,2019-2020,242349.13,240113.71
ARCADIS CANADA,2020-2021,445860.07,424304.00
ARCADIS CANADA,2021-2022,514672.79,482944.73
ARCADIS CANADA,2022-2023,909070.12,820296.41
ARCADIS CANADA,2023-2024,958791.46,837935.61
ARCADIS CANADA,2024-2025,544612.78,449493.24
ARCADIS CANADA,2025-2026,710764.21,379707.05
ARCHITECTURE 49,2017-2018,1327084.42,1367383.69
ARCHITECTURE 49,2018-2019,2720009.58,2764812.71
ARCHITECTURE 49,2019-2020,1963813.97,1945715.86
ARCHITECTURE 49,2020-2021,2498170.69,2382595.54
ARCHITECTURE 49,2021-2022,1365755.11,1270236.30
ARCHITECTURE 49,2022-2023,1190516.52,1075016.33
ARCHITECTURE 49,2023-2024,1223466.72,1058009.59
ARCHITECTURE 49,2024-2025,1574927.63,1305242.66
ARCHITECTURE 49,2025-2026,1084009.30,609039.71
ARI FINANCIAL SERVICES,2017-2018,200217.17,206382.41
ARI FINANCIAL SERVICES,2018-2019,188705.41,192133.75
ARI FINANCIAL SERVICES,2019-2020,327836.63,325651.44
ARI FINANCIAL SERVICES,2020-2021,196306.95,186917.93
ARI FINANCIAL SERVICES,2021-2022,110250.00,102847.86
ARI FINANCIAL SERVICES,2022-2023,365064.87,329595.33
ARI FINANCIAL SERVICES,2023-2024,74013.01,64656.35
ARI FINANCIAL SERVICES,2024-2025,48421.80,40149.31
ARI FINANCIAL SERVICES,2025-2026,130599.12,88948.33
ARRM ELECTRIC,2017-2018,317274.36,326629.80
ARRM ELECTRIC,2018-2019,603150.02,615787.51
ARRM ELECTRIC,2019-2020,18130.18,18196.12
ARRM ELECTRIC,2020-2021,442576.92,418237.83
ARRM ELECTRIC,2021-2022,1478206.93,1382753.50
ARTEMP PERSONNEL SERVICES,2017-2018,558638.85,575667.20
ARTEMP PERSONNEL SERVICES,2018-2019,409359.62,418313.61
ARTEMP PERSONNEL SERVICES,2019-2020,37045.36,37180.10
ARTEMP PERSONNEL SERVICES,2020-2021,25032.91,23612.40
ARTEMP PERSONNEL SERVICES,2021-2022,154864.62,144488.96
ARTEMP PERSONNEL SERVICES,2022-2023,154864.62,139834.91
ARTEMP PERSONNEL SERVICES,2023-2024,129831.71,112804.02
ARTEX SPORTSWEAR,2017-2018,1319636.86,1358907.47
ARTEX SPORTSWEAR,2018-2019,3547527.33,3609198.25
ARTEX SPORTSWEAR,2019-2020,3887043.95,3865849.50
ARTEX SPORTSWEAR,2020-2021,1276741.85,1215744.51
ARTEX SPORTSWEAR,2021-2022,2068669.83,1922091.89
ARTEX SPORTSWEAR,2022-2023,2778381.74,2508660.06
ARTEX SPORTSWEAR,2023-2024,2564410.91,2223331.28
ARTEX SPORTSWEAR,2024-2025,2427980.63,2014226.78
ARTEX SPORTSWEAR,2025-2026,1046699.44,843750.86
ASBEX,2021-2022,705535.46,659391.27
ASC GERMANY,2018-2019,2694.31,2717.29
ASC GERMANY,2019-2020,13471.56,13520.56
ASC GERMANY,2020-2021,657546.38,621786.55
ASC GERMANY,2021-2022,2946840.51,2753247.78
ASC GERMANY,2022-2023,4168844.37,3763487.26
ASC GERMANY,2023-2024,3463315.44,3003569.90
ASOKAN BUSINESS INTERIORS,2017-2018,49777.54,51149.26
ASOKAN BUSINESS INTERIORS,2018-2019,11123.83,11306.86
ASOKAN BUSINESS INTERIORS,2021-2022,18589.41,17360.46
ASOKAN BUSINESS INTERIORS,2022-2023,82822.40,74644.79
ASOKAN BUSINESS INTERIORS,2023-2024,91768.80,78973.82
ASOKAN BUSINESS INTERIORS,2024-2025,144808.72,118292.25
ASOKAN BUSINESS INTERIORS,2025-2026,221847.67,110345.98
ASSOCIATED ENGINEERING,2021-2022,13596.95,12330.80
ASSOCIATED ENGINEERING,2022-2023,101283.43,91453.81
ASSOCIATED ENGINEERING,2023-2024,84911.59,73775.27
ATCO,2017-2018,7775292.67,7998002.23
ATCO,2018-2019,17406359.43,17724056.50
ATCO,2019-2020,15260204.81,15136811.69
ATCO,2020-2021,15240389.49,14509574.81
ATCO,2021-2022,18036486.95,16781217.85
ATCO,2022-2023,23442845.64,21172785.86
ATCO,2023-2024,10440667.38,9046625.91
ATCO,2024-2025,1944883.13,1612620.80
ATCO,2025-2026,2719255.50,1882185.76
ATKINSON CONSTRUCTION,2023-2024,3006122.59,2573500.32
ATKINSON CONSTRUCTION,2024-2025,4103075.47,3429670.39
ATKINSON CONSTRUCTION,2025-2026,1651487.12,1332971.94
ATLANTIC BUSINESS INTERIORS,2017-2018,68675.29,70584.41
ATLANTIC BUSINESS INTERIORS,2018-2019,110058.31,112402.89
ATLANTIC BUSINESS INTERIORS,2019-2020,39219.48,38547.54
ATLANTIC BUSINESS INTERIORS,2020-2021,46668.65,44497.06
ATLANTIC BUSINESS INTERIORS,2021-2022,47634.64,44798.09
ATLANTIC BUSINESS INTERIORS,2022-2023,38950.86,35016.86
ATLANTIC BUSINESS INTERIORS,2023-2024,59980.41,51395.01
ATLANTIC BUSINESS INTERIORS,2024-2025,437921.30,364198.00
ATLANTIC BUSINESS INTERIORS,2025-2026,182678.59,65589.84
ATLANTIC ROOFERS,2017-2018,85704.49,88194.77
ATLANTIC ROOFERS,2018-2019,4036188.52,4072473.18
ATLANTIC ROOFERS,2019-2020,375810.54,372990.27
ATLANTIC ROOFERS,2020-2021,142546.97,135229.61
ATLANTIC ROOFERS,2021-2022,563312.58,529471.71
ATLANTIC ROOFERS,2022-2023,376616.46,340775.27
ATLANTIC ROOFERS,2023-2024,2657685.56,2282126.37
ATLANTIC ROOFERS,2024-2025,458594.23,381759.14
ATLANTIC ROOFERS,2025-2026,578869.26,372029.82
ATLANTIC TOWING,2018-2019,15300.55,15520.87
ATLANTIC TOWING,2019-2020,34699.45,34346.26
ATLANTIC TOWING,2021-2022,109344127.31,103059055.62
ATLANTICA MECHANICAL CONTRACTORS,2017-2018,2025755.66,2091968.86
ATLANTICA MECHANICAL CONTRACTORS,2018-2019,29491.75,30117.35
ATLANTICA MECHANICAL CONTRACTORS,2019-2020,10465.41,10420.79
AV NUNAVUT FUELS,2025-2026,21630755.55,17225120.66
AV TECH,2017-2018,206756.68,212914.62
AV TECH,2018-2019,8302.84,8455.05
AV TECH,2019-2020,2345.49,2289.62
AV TECH,2020-2021,171697.32,163633.31
AV TECH,2021-2022,238728.31,222771.17
AV TECH,2022-2023,257694.31,232526.79
AV TECH,2023-2024,320238.32,276203.97
AV TECH,2024-2025,328161.79,272166.91
AV TECH,2025-2026,235974.48,171921.38
AVALERION,2019-2020,1376340.00,1365828.84
AVALERION,2020-2021,1572960.00,1499707.74
AVI SPL,2017-2018,817642.39,842195.04
AVI SPL,2018-2019,1194099.49,1210492.54
AVI SPL,2019-2020,791854.90,783261.30
AVI SPL,2020-2021,1146863.13,1085541.09
AVI SPL,2021-2022,962528.26,888436.33
AVI SPL,2022-2023,1895691.44,1706758.90
AVI SPL,2023-2024,1344809.24,1156983.07
AVI SPL,2024-2025,1123017.35,921162.40
AVI SPL,2025-2026,415238.97,231231.08
AVJET HOLDING,2017-2018,1627245.67,1676292.93
AVJET HOLDING,2018-2019,5861396.62,5956034.67
AVJET HOLDING,2019-2020,1852810.60,1832083.00
AVJET HOLDING,2020-2021,370515.75,350170.17
AVJET HOLDING,2021-2022,1544149.22,1443873.73
AVJET HOLDING,2022-2023,2519934.70,2282691.88
AVJET HOLDING,2023-2024,3150430.14,2750418.52
AVJET HOLDING,2024-2025,1479717.97,1227460.06
AVJET HOLDING,2025-2026,285964.22,229731.45
AVONDALE CONSTRUCTION,2017-2018,433920.91,446023.39
AVONDALE CONSTRUCTION,2018-2019,1661501.69,1685385.14
AVONDALE CONSTRUCTION,2019-2020,1014642.69,1004493.59
AVONDALE CONSTRUCTION,2020-2021,1778398.27,1690314.89
AVONDALE CONSTRUCTION,2021-2022,1653377.62,1552366.65
AVONDALE CONSTRUCTION,2022-2023,590214.23,533062.14
AVONDALE CONSTRUCTION,2023-2024,1695511.72,1458501.63
AVONDALE CONSTRUCTION,2024-2025,617381.39,512741.98
AVONDALE CONSTRUCTION,2025-2026,2569687.61,559513.91
AXYS TECHNOLOGIES,2017-2018,12690.62,13045.30
AXYS TECHNOLOGIES,2018-2019,9221.05,9456.37
AXYS TECHNOLOGIES,2019-2020,10540.90,10343.42
AXYS TECHNOLOGIES,2021-2022,17330.50,16065.84
B BRAUN OF CANADA,2019-2020,13200.03,12885.59
B BRAUN OF CANADA,2020-2021,210305.34,200223.44
B BRAUN OF CANADA,2021-2022,231030.16,215551.54
B BRAUN OF CANADA,2022-2023,231030.16,208608.53
B BRAUN OF CANADA,2023-2024,231663.12,200841.12
B BRAUN OF CANADA,2024-2025,52226.20,44043.24
B BRAUN OF CANADA,2025-2026,12022.50,9711.33
BABCOCK INTERNATIONAL GROUP,2017-2018,115855248.01,119408468.60
BABCOCK INTERNATIONAL GROUP,2018-2019,74857492.14,76322212.25
BABCOCK INTERNATIONAL GROUP,2019-2020,60775584.74,60290459.48
BABCOCK INTERNATIONAL GROUP,2020-2021,60555055.40,57653802.71
BABCOCK INTERNATIONAL GROUP,2021-2022,60576162.51,56520547.18
BABCOCK INTERNATIONAL GROUP,2022-2023,60877788.09,54970218.91
BABCOCK INTERNATIONAL GROUP,2023-2024,60806406.07,52713356.93
BABCOCK INTERNATIONAL GROUP,2024-2025,61198951.54,50753383.70
BABCOCK INTERNATIONAL GROUP,2025-2026,60346237.03,40529566.60
BABEL STREET,2018-2019,13821.26,13939.14
BABEL STREET,2019-2020,14677.82,14551.42
BABEL STREET,2020-2021,471431.81,448905.92
BABEL STREET,2023-2024,42931.70,36796.12
BABEL STREET,2024-2025,288190.09,239507.72
BAE SYSTEMS,2017-2018,4583235.80,4724316.17
BAE SYSTEMS,2018-2019,6599189.92,6713877.17
BAE SYSTEMS,2019-2020,2057353.01,2054951.44
BAE SYSTEMS,2020-2021,1327588.57,1263614.78
BAE SYSTEMS,2021-2022,2854640.17,2653712.75
BAE SYSTEMS,2022-2023,3594446.28,3244403.08
BAE SYSTEMS,2023-2024,6469991.76,5603169.68
BAE SYSTEMS,2024-2025,7154248.64,5930207.85
BAE SYSTEMS,2025-2026,10036614.79,6910322.32
BAJA CONSTRUCTION CANADA,2021-2022,341030.80,312470.38
BAJA CONSTRUCTION CANADA,2022-2023,1403249.89,1267913.32
BAJA CONSTRUCTION CANADA,2023-2024,2858160.99,2477705.93
BAJA CONSTRUCTION CANADA,2024-2025,3078768.87,2555187.40
BAJA CONSTRUCTION CANADA,2025-2026,2165851.18,1394982.35
BARDON SUPPLIES,2017-2018,312005.21,321137.52
BARDON SUPPLIES,2018-2019,330029.03,337168.83
BARDON SUPPLIES,2019-2020,1341257.32,1321317.19
BARDON SUPPLIES,2020-2021,671452.47,639048.17
BARDON SUPPLIES,2021-2022,545677.54,506305.11
BARDON SUPPLIES,2022-2023,921335.06,830707.21
BARDON SUPPLIES,2023-2024,1549891.88,1338069.19
BARDON SUPPLIES,2024-2025,949403.28,790305.08
BARDON SUPPLIES,2025-2026,2323585.47,1530555.88
BARGREEN ELLINGSON,2017-2018,367483.07,378076.20
BARGREEN ELLINGSON,2018-2019,1331526.75,1348263.87
BARGREEN ELLINGSON,2019-2020,3439214.16,3378543.73
BARGREEN ELLINGSON,2020-2021,10420728.78,9872605.87
BARGREEN ELLINGSON,2021-2022,10950717.42,10003233.03
BARGREEN ELLINGSON,2022-2023,230647.28,208220.37
BARGREEN ELLINGSON,2023-2024,3793522.61,3255836.72
BARGREEN ELLINGSON,2024-2025,5454800.02,4472059.61
BARGREEN ELLINGSON,2025-2026,2650564.83,1608302.93
BARRON S REFRIGERATION HEATING,2017-2018,3032852.42,3122804.34
BARRON S REFRIGERATION HEATING,2018-2019,1939034.15,1979274.27
BARRON S REFRIGERATION HEATING,2019-2020,456985.02,454130.05
BARRON S REFRIGERATION HEATING,2020-2021,478304.28,456042.00
BARRON S REFRIGERATION HEATING,2021-2022,437926.56,407521.55
BARRON S REFRIGERATION HEATING,2022-2023,720907.87,649523.08
BARRON S REFRIGERATION HEATING,2023-2024,769388.23,665198.73
BARRON S REFRIGERATION HEATING,2024-2025,325407.51,270405.21
BARRON S REFRIGERATION HEATING,2025-2026,271336.70,184099.02
BARTA MACHINE,2017-2018,964892.76,994465.99
BARTA MACHINE,2018-2019,964892.76,982530.01
BARTA MACHINE,2019-2020,967536.30,959771.72
BARTA MACHINE,2020-2021,964892.76,918669.92
BARTA MACHINE,2021-2022,964892.76,900246.61
BARTA MACHINE,2022-2023,964892.76,871249.30
BARTA MACHINE,2023-2024,967536.30,838808.85
BARTA MACHINE,2024-2025,964892.76,800160.61
BARTA MACHINE,2025-2026,964892.76,648038.51
BAVARIAN NORDIC,2017-2018,2497.95,2574.51
BAVARIAN NORDIC,2018-2019,1635.64,1672.00
BAVARIAN NORDIC,2024-2025,28802.60,23504.33
BAVARIAN NORDIC,2025-2026,438039.50,294194.83
BC HYDRO,2023-2024,2379028.16,2061477.68
BC HYDRO,2024-2025,2335908.99,1936434.49
BC HYDRO,2025-2026,2332821.29,1566762.74
BDO CANADA,2017-2018,70060.00,72176.36
BDO CANADA,2018-2019,183380.98,185947.42
BDO CANADA,2019-2020,113587.89,113158.30
BDO CANADA,2020-2021,377829.84,359730.04
BDO CANADA,2021-2022,45200.00,41366.62
BDO CANADA,2024-2025,39991.41,32712.25
BECKMAN COULTER CANADA,2017-2018,35160.75,36254.09
BECKMAN COULTER CANADA,2019-2020,2649.88,2589.55
BECKMAN COULTER CANADA,2020-2021,9769.75,9301.74
BECKMAN COULTER CANADA,2021-2022,9769.75,9115.20
BECKMAN COULTER CANADA,2022-2023,9769.75,8821.59
BECKMAN COULTER CANADA,2023-2024,9796.52,8493.13
BECKMAN COULTER CANADA,2024-2025,19937.01,16516.22
BEE CLEAN BUILDING MAINTENANCE,2017-2018,2574483.33,2654884.79
BEE CLEAN BUILDING MAINTENANCE,2018-2019,861827.97,880447.98
BEE CLEAN BUILDING MAINTENANCE,2019-2020,320424.61,317384.97
BEE CLEAN BUILDING MAINTENANCE,2020-2021,1096351.64,1044232.78
BEE CLEAN BUILDING MAINTENANCE,2021-2022,444730.32,414463.10
BEE CLEAN BUILDING MAINTENANCE,2022-2023,330457.82,298383.92
BEE CLEAN BUILDING MAINTENANCE,2023-2024,698677.42,605720.74
BEE CLEAN BUILDING MAINTENANCE,2024-2025,346162.25,287075.51
BEE CLEAN BUILDING MAINTENANCE,2025-2026,347229.69,231466.95
BELAND LAPOINTE,2021-2022,5105620.24,4685345.57
BELAND LAPOINTE,2022-2023,12521525.11,11305916.78
BELAND LAPOINTE,2023-2024,12541909.21,10874456.63
BELAND LAPOINTE,2024-2025,9190116.44,7662003.21
BELL CANADA,2017-2018,3569251.26,3676679.58
BELL CANADA,2018-2019,5499937.71,5585135.07
BELL CANADA,2019-2020,3618828.40,3580275.21
BELL CANADA,2020-2021,8268082.89,7821252.98
BELL CANADA,2021-2022,11025631.03,10280291.20
BELL CANADA,2022-2023,16451299.61,14798961.50
BELL CANADA,2023-2024,11828776.74,10230863.85
BELL CANADA,2024-2025,6096332.56,5058366.96
BELL CANADA,2025-2026,5346317.47,3361361.03
BELL TEXTRON,2017-2018,69476871.66,71606284.83
BELL TEXTRON,2018-2019,69481298.66,70751302.62
BELL TEXTRON,2019-2020,69732553.08,69173078.85
BELL TEXTRON,2021-2022,33674.00,31836.02
BELL TEXTRON,2022-2023,122007720.03,110145497.70
BELL TEXTRON,2023-2024,126860299.80,109981963.60
BELL TEXTRON,2024-2025,278631749.00,231062103.17
BELL TEXTRON,2025-2026,278631749.00,187133855.97
BEN WIEBE CONSTRUCTION,2017-2018,407257.80,420098.11
BEN WIEBE CONSTRUCTION,2018-2019,47244.05,48021.40
BEN WIEBE CONSTRUCTION,2019-2020,3612270.90,3624706.19
BEN WIEBE CONSTRUCTION,2020-2021,24099.60,23076.04
BEN WIEBE CONSTRUCTION,2021-2022,24099.60,22772.46
BEN WIEBE CONSTRUCTION,2022-2023,37233.00,33693.07
BEN WIEBE CONSTRUCTION,2024-2025,31956.75,26622.57
BEN WIEBE CONSTRUCTION,2025-2026,41114.25,33107.26
BERLITZ CANADA,2017-2018,42366.97,43705.12
BERLITZ CANADA,2018-2019,7071.88,7169.61
BERLITZ CANADA,2019-2020,25440.29,25162.28
BERLITZ CANADA,2020-2021,34847.77,33129.08
BERLITZ CANADA,2021-2022,66291.96,61433.08
BERLITZ CANADA,2022-2023,142521.35,128420.70
BERLITZ CANADA,2023-2024,186321.99,161331.68
BERLITZ CANADA,2024-2025,45515.04,37703.91
BERLITZ CANADA,2025-2026,16750.00,7792.35
BEST FACILITIES SERVICES,2017-2018,2739456.86,2823419.12
BEST FACILITIES SERVICES,2018-2019,2739456.86,2789531.33
BEST SERVICE PROS,2017-2018,2594152.83,2673769.71
BEST SERVICE PROS,2018-2019,2743168.60,2792509.25
BEST SERVICE PROS,2019-2020,1586058.83,1579774.18
BEST SERVICE PROS,2020-2021,1407292.26,1332801.68
BEST SERVICE PROS,2021-2022,4945253.10,4613951.47
BEST SERVICE PROS,2022-2023,3688135.35,3330630.11
BEST SERVICE PROS,2023-2024,5165199.89,4479230.56
BEST SERVICE PROS,2024-2025,7539061.12,6250979.14
BEST SERVICE PROS,2025-2026,4650120.81,3265751.71
BEVA GLOBAL MANAGEMENT,2025-2026,28702.00,5433.02
BGLA,2017-2018,19996.45,20650.81
BIGHORN CONSTRUCTION,2017-2018,1014662.06,1044485.11
BIGHORN CONSTRUCTION,2018-2019,45056.55,46206.41
BIGHORN CONSTRUCTION,2019-2020,938744.18,931180.67
BIO RAD LABORATORIES CANADA,2017-2018,12261.38,12649.51
BIO RAD LABORATORIES CANADA,2019-2020,17107.86,16806.42
BIO RAD LABORATORIES CANADA,2023-2024,24656.12,21548.07
BIO RAD LABORATORIES CANADA,2024-2025,43426.70,35694.86
BIO RAD LABORATORIES CANADA,2025-2026,24964.30,20055.75
BIOKINETICS AND ASSOCIATES,2017-2018,718265.77,740280.07
BIOKINETICS AND ASSOCIATES,2018-2019,718265.77,731394.94
BIOKINETICS AND ASSOCIATES,2019-2020,720233.63,714453.68
BIOKINETICS AND ASSOCIATES,2020-2021,718265.77,683857.51
BIOKINETICS AND ASSOCIATES,2021-2022,718265.77,670143.21
BIOKINETICS AND ASSOCIATES,2022-2023,576580.47,521182.41
BIOKINETICS AND ASSOCIATES,2025-2026,605544.69,347126.39
BIOMERIEUX CANADA,2022-2023,61733.80,55498.74
BIOMERIEUX CANADA,2023-2024,14273.80,12186.32
BIRD CONSTRUCTION COMPANY,2018-2019,4632857.54,4703377.50
BIRD CONSTRUCTION COMPANY,2019-2020,9975699.84,9903211.22
BIRD CONSTRUCTION COMPANY,2020-2021,4182333.17,3983176.41
BIRD CONSTRUCTION COMPANY,2021-2022,4757715.55,4459406.83
BIRD CONSTRUCTION COMPANY,2022-2023,1921891.51,1735370.71
BIRD CONSTRUCTION COMPANY,2023-2024,42926647.40,37115548.56
BIRD CONSTRUCTION COMPANY,2024-2025,52934439.68,43890666.60
BIRD CONSTRUCTION COMPANY,2025-2026,12876401.04,8828135.07
BLACK MCDONALD,2017-2018,12807900.50,13184852.84
BLACK MCDONALD,2018-2019,15889505.54,16221599.22
BLACK MCDONALD,2019-2020,8481504.68,8400833.16
BLACK MCDONALD,2020-2021,7526939.69,7175689.46
BLACK MCDONALD,2021-2022,3960499.36,3676168.79
BLACK MCDONALD,2022-2023,5585065.24,5040860.74
BLACK MCDONALD,2023-2024,15977526.49,13847235.31
BLACK MCDONALD,2024-2025,14373441.89,11922986.54
BLACK MCDONALD,2025-2026,12907586.83,8742549.02
BLACKBERRY,2018-2019,32205.69,32614.57
BLACKBERRY,2019-2020,51011.15,50608.07
BLACKBERRY,2020-2021,207626.10,197865.31
BLACKBERRY,2021-2022,285517.50,266350.83
BLACKBERRY,2022-2023,239617.84,216356.83
BLACKBERRY,2023-2024,304777.92,264524.17
BLACKBERRY,2024-2025,100569.50,83206.65
BLACKBERRY,2025-2026,119594.05,81896.17
BLUE WATER SYSTEM,2017-2018,4676331.05,4818599.55
BLUE WATER SYSTEM,2018-2019,5727720.92,5832417.80
BLUE WATER SYSTEM,2019-2020,4472330.03,4456516.72
BLUEDOT,2019-2020,8173.15,7978.46
BLUEDOT,2020-2021,489026.85,465672.46
BLUEDOT,2023-2024,95.20,81.61
BLUEDOT,2024-2025,34747.50,28815.20
BLUEDOT,2025-2026,34652.30,23337.02
BLUEDROP TRAINING SIMULATION,2017-2018,63551.21,65546.45
BLUEDROP TRAINING SIMULATION,2018-2019,16377.85,16677.22
BLUEDROP TRAINING SIMULATION,2019-2020,2523101.79,2492884.71
BLUEDROP TRAINING SIMULATION,2020-2021,3376081.61,3214387.35
BLUEDROP TRAINING SIMULATION,2021-2022,866278.80,821447.85
BLUEWAVE ENERGY,2017-2018,5191076.23,5357263.98
BLUEWAVE ENERGY,2018-2019,1714253.02,1746992.27
BLUEWAVE ENERGY,2019-2020,351307.95,352069.84
BLUEWAVE ENERGY,2021-2022,241688.02,224612.13
BLUEWAVE ENERGY,2022-2023,157482.82,141803.70
BLUMETRIC ENVIRONMENTAL,2017-2018,849442.85,873452.15
BLUMETRIC ENVIRONMENTAL,2018-2019,6659291.69,6767883.83
BLUMETRIC ENVIRONMENTAL,2019-2020,6318146.43,6271864.91
BLUMETRIC ENVIRONMENTAL,2020-2021,6403214.65,6096208.98
BLUMETRIC ENVIRONMENTAL,2021-2022,7510523.66,7004663.20
BLUMETRIC ENVIRONMENTAL,2022-2023,6865334.01,6196290.49
BLUMETRIC ENVIRONMENTAL,2023-2024,8062256.21,6979076.08
BLUMETRIC ENVIRONMENTAL,2024-2025,6692632.12,5546846.18
BLUMETRIC ENVIRONMENTAL,2025-2026,5001267.74,3344466.65
BLUNDEN CONSTRUCTION 1995,2017-2018,132900.00,137212.11
BLUNDEN CONSTRUCTION 1995,2018-2019,1127575.73,1141508.62
BLUNDEN CONSTRUCTION 1995,2019-2020,366424.27,367757.04
BLUNDEN CONSTRUCTION 1995,2020-2021,745200.00,714564.87
BLUNDEN CONSTRUCTION 1995,2021-2022,1265909.30,1176375.34
BLUNDEN CONSTRUCTION 1995,2022-2023,30140.70,27357.97
BLUNDEN CONSTRUCTION 1995,2023-2024,1603845.58,1376072.22
BLUNDEN CONSTRUCTION 1995,2024-2025,3314059.42,2746631.22
BLUNDEN CONSTRUCTION 1995,2025-2026,1843472.81,1255143.82
BMC SOFTWARE CANADA,2018-2019,54199.87,54764.03
BMC SOFTWARE CANADA,2019-2020,40677.75,40438.77
BMC SOFTWARE CANADA,2020-2021,34356.71,32758.94
BMC SOFTWARE CANADA,2021-2022,28377.64,26477.83
BMC SOFTWARE CANADA,2022-2023,2169.74,1969.42
BMC SOFTWARE CANADA,2023-2024,47509.00,41125.36
BMC SOFTWARE CANADA,2024-2025,3935.66,3319.01
BMT FLEET TECHNOLOGY,2017-2018,315017.83,324672.88
BMT FLEET TECHNOLOGY,2018-2019,601553.99,610752.10
BMT FLEET TECHNOLOGY,2019-2020,19752808.09,19582349.28
BMT FLEET TECHNOLOGY,2020-2021,20063898.62,19102688.25
BMT FLEET TECHNOLOGY,2021-2022,19035525.06,17760791.15
BMT FLEET TECHNOLOGY,2022-2023,18995801.20,17152246.61
BMT FLEET TECHNOLOGY,2023-2024,19047844.49,16513592.84
BMT FLEET TECHNOLOGY,2024-2025,19919140.38,16511734.70
BMT FLEET TECHNOLOGY,2025-2026,20769584.37,13949208.67
BOLLORE LOGISTICS,2022-2023,706018.00,639712.89
BOMBARDIER,2017-2018,2911637.31,3001731.25
BOMBARDIER,2018-2019,4837815.04,4919307.66
BOMBARDIER,2019-2020,2200475.09,2184873.26
BOMBARDIER,2020-2021,11168094.29,10651491.65
BOMBARDIER,2021-2022,12567345.72,11738356.75
BOMBARDIER,2022-2023,11046521.76,9974449.80
BOMBARDIER,2023-2024,11076786.20,9603057.05
BOMBARDIER,2024-2025,11132320.98,9230611.16
BOMBARDIER,2025-2026,34044796.18,16273864.77
BOMIMED,2021-2022,57298.73,53227.16
BOMIMED,2022-2023,562108.57,505621.83
BOMIMED,2023-2024,1405613.49,1217570.13
BOMIMED,2024-2025,1528489.79,1267748.65
BOMIMED,2025-2026,1591566.10,1044746.56
BONDFIELD CONSTRUCTION COMPANY,2017-2018,10230686.18,10544248.92
BONDFIELD CONSTRUCTION COMPANY,2018-2019,10230686.18,10417692.67
BONDFIELD CONSTRUCTION COMPANY,2019-2020,1681756.63,1687873.59
BOUTHILLETTE PARIZEAU,2017-2018,876003.40,903060.35
BOUTHILLETTE PARIZEAU,2018-2019,200085.43,203279.58
BOUTHILLETTE PARIZEAU,2019-2020,116050.23,113835.82
BOUTHILLETTE PARIZEAU,2020-2021,76783.43,72835.10
BOUTHILLETTE PARIZEAU,2021-2022,178294.60,163796.54
BOUTHILLETTE PARIZEAU,2022-2023,313666.54,283708.42
BOUTHILLETTE PARIZEAU,2023-2024,260172.17,225557.14
BOUTHILLETTE PARIZEAU,2024-2025,284925.24,236571.67
BOUTHILLETTE PARIZEAU,2025-2026,88323.69,59319.70
BRANDT TRACTOR,2017-2018,208171.85,215259.25
BRANDT TRACTOR,2018-2019,132210.00,133481.34
BRANDT TRACTOR,2019-2020,43055.70,42243.71
BRANDT TRACTOR,2020-2021,1509080.23,1437146.47
BRANDT TRACTOR,2021-2022,2291815.29,2145294.85
BRANDT TRACTOR,2022-2023,1351876.92,1220004.27
BRANDT TRACTOR,2023-2024,175317.67,151281.80
BRANDT TRACTOR,2024-2025,187070.79,155908.78
BRANDT TRACTOR,2025-2026,1276637.66,911685.25
BRAWN CONSTRUCTION,2023-2024,1759113.20,1506106.91
BRAWN CONSTRUCTION,2024-2025,1534264.14,1289618.93
BRECKENHILL,2017-2018,41329.47,42489.61
BRECKENHILL,2018-2019,50691.39,51840.45
BRIQUETAL,2017-2018,1512305.05,1560668.50
BRONSWERK MARINE,2017-2018,6034135.14,6214715.02
BRONSWERK MARINE,2018-2019,11950342.86,12170879.90
BRONSWERK MARINE,2019-2020,5728020.89,5666640.64
BRONSWERK MARINE,2020-2021,5619507.54,5344812.57
BRONSWERK MARINE,2021-2022,4857466.24,4532087.74
BRONSWERK MARINE,2022-2023,4909739.03,4432984.67
BRONSWERK MARINE,2023-2024,5621222.32,4873719.97
BRONSWERK MARINE,2024-2025,4873293.34,4040937.44
BRONSWERK MARINE,2025-2026,5350544.74,3505846.68
BROOK CONSTRUCTION,2022-2023,816500.00,738299.32
BROOKFIELD ASSET MANAGEMENT,2017-2018,15293621.67,15762359.52
BROOKFIELD ASSET MANAGEMENT,2018-2019,15293621.67,15573173.44
BROOKFIELD ASSET MANAGEMENT,2019-2020,15335522.00,15212452.89
BROOKFIELD ASSET MANAGEMENT,2020-2021,15293621.67,14560986.28
BROOKFIELD ASSET MANAGEMENT,2021-2022,15293621.67,14268975.48
BROOKFIELD ASSET MANAGEMENT,2022-2023,15293621.67,13809365.96
BROOKFIELD ASSET MANAGEMENT,2023-2024,15335522.00,13295182.38
BROOKFIELD ASSET MANAGEMENT,2024-2025,15293621.67,12682604.91
BROOKFIELD ASSET MANAGEMENT,2025-2026,15293621.67,10271458.31
BROOKFIELD GLOBAL INTEGRATED SOLUTIONS,2017-2018,80139.35,82347.76
BROOKFIELD GLOBAL INTEGRATED SOLUTIONS,2018-2019,99369.56,101119.15
BROOKFIELD GLOBAL INTEGRATED SOLUTIONS,2019-2020,101389.18,100393.00
BROOKFIELD GLOBAL INTEGRATED SOLUTIONS,2020-2021,62753.83,59747.63
BROOKFIELD GLOBAL INTEGRATED SOLUTIONS,2022-2023,11500.00,10383.92
BROOKS CORNING COMPANY,2025-2026,124992.78,5773.77
BRS INNOVATIONS,2019-2020,7063.85,6895.59
BRS INNOVATIONS,2020-2021,155099.00,147072.24
BRS INNOVATIONS,2021-2022,338030.58,313833.09
BRS INNOVATIONS,2022-2023,260816.25,235503.87
BRS INNOVATIONS,2023-2024,922386.34,792358.78
BRS INNOVATIONS,2024-2025,421469.81,349504.01
BRS INNOVATIONS,2025-2026,555551.67,351776.76
BRUKER,2017-2018,357557.71,368446.21
BRUKER,2019-2020,15365.45,15421.34
BRUKER,2020-2021,431193.08,411504.76
BRUKER,2021-2022,498899.81,467192.36
BRUKER,2022-2023,512127.15,462661.86
BRUKER,2023-2024,350921.64,304232.69
BRUKER,2024-2025,349962.83,290215.13
BRUKER,2025-2026,82206.41,62975.31
BUBBLE TECHNOLOGY INDUSTRIES,2017-2018,34652.20,35714.27
BUBBLE TECHNOLOGY INDUSTRIES,2018-2019,45035.65,45934.05
BUBBLE TECHNOLOGY INDUSTRIES,2019-2020,116884.58,114649.15
BUBBLE TECHNOLOGY INDUSTRIES,2020-2021,54185.20,51110.42
BUBBLE TECHNOLOGY INDUSTRIES,2021-2022,100770.98,93084.07
BUBBLE TECHNOLOGY INDUSTRIES,2022-2023,90209.90,81488.04
BUBBLE TECHNOLOGY INDUSTRIES,2023-2024,4034.28,3458.55
BUBBLE TECHNOLOGY INDUSTRIES,2024-2025,125116.08,103598.86
BUBBLE TECHNOLOGY INDUSTRIES,2025-2026,105458.34,70827.63
BUNZL CANADA,2017-2018,49532.99,51040.08
BUNZL CANADA,2018-2019,23602.76,24205.11
BUNZL CANADA,2021-2022,19429.20,17762.66
BUNZL CANADA,2022-2023,22147.93,19975.35
BUNZL CANADA,2023-2024,32971.89,28266.50
BUNZL CANADA,2024-2025,79015.20,65197.72
BUNZL CANADA,2025-2026,22566.10,18299.59
BUREAU VERITAS,2017-2018,615240.38,633926.24
BUREAU VERITAS,2018-2019,954931.27,972558.99
BUREAU VERITAS,2019-2020,579694.31,577113.08
BUREAU VERITAS,2020-2021,129543.15,123579.58
BUREAU VERITAS,2021-2022,323991.50,301348.45
BUREAU VERITAS,2022-2023,361654.44,326678.41
BUREAU VERITAS,2023-2024,331932.69,287953.77
BUREAU VERITAS,2024-2025,403734.94,334138.27
BUREAU VERITAS,2025-2026,249635.65,188015.78
C CORE,2017-2018,1974759.27,2034485.32
C CORE,2018-2019,3232484.49,3287751.44
C CORE,2019-2020,3367123.34,3346236.22
C CORE,2020-2021,2199680.84,2094039.20
C CORE,2021-2022,1975390.11,1847740.58
C CORE,2022-2023,1361916.65,1227503.12
C CORE,2023-2024,928065.53,808718.23
C CORE,2024-2025,1167846.33,962298.29
C CORE,2025-2026,2174448.08,1533670.61
CACHE COMPUTER CONSULTING,2018-2019,307079.26,311776.74
CACHE COMPUTER CONSULTING,2019-2020,236233.10,233584.50
CACHE COMPUTER CONSULTING,2020-2021,441598.29,421264.02
CACHE COMPUTER CONSULTING,2021-2022,957971.09,890091.44
CACHE COMPUTER CONSULTING,2022-2023,1550407.09,1399533.23
CACHE COMPUTER CONSULTING,2023-2024,1529330.51,1325934.15
CACHE COMPUTER CONSULTING,2024-2025,1685973.82,1399413.77
CACHE COMPUTER CONSULTING,2025-2026,1756232.34,1087997.46
CACTUS SHIP REPAIR,2025-2026,3489131.72,1290609.07
CADEX,2017-2018,286513.56,295409.21
CADEX,2018-2019,525023.52,531250.30
CADEX,2019-2020,4356014.06,4308787.73
CADEX,2020-2021,6223461.77,5921784.73
CADEX,2021-2022,7818000.72,7293786.46
CADEX,2022-2023,4765588.96,4303987.38
CADEX,2023-2024,5840446.05,5060027.41
CADEX,2024-2025,3434979.55,2857105.75
CADEX,2025-2026,2824988.52,1897310.69
CAE,2017-2018,102498071.88,105638779.70
CAE,2018-2019,101753227.95,103611741.06
CAE,2019-2020,101942795.59,101123435.03
CAE,2020-2021,101244824.10,96394874.26
CAE,2021-2022,142097896.60,131516948.37
CAE,2022-2023,703389808.16,635092183.17
CAE,2023-2024,715618860.12,620405914.69
CAE,2024-2025,708604716.47,587662134.70
CAE,2025-2026,725470179.44,487245749.37
CAHILL,2022-2023,1056.76,950.03
CAHILL,2023-2024,257960.32,223639.57
CALIAN,2017-2018,106012911.13,109094024.47
CALIAN,2018-2019,175593183.46,178793407.91
CALIAN,2019-2020,183384965.59,181733375.15
CALIAN,2020-2021,174666466.55,166284859.61
CALIAN,2021-2022,194699440.95,181515303.41
CALIAN,2022-2023,232951091.74,210411621.74
CALIAN,2023-2024,218699894.25,189633968.30
CALIAN,2024-2025,219179483.13,181772503.63
CALIAN,2025-2026,217666948.69,145937923.74
CALYTERA SOFTWARE,2020-2021,220816.84,211044.11
CALYTERA SOFTWARE,2021-2022,274414.42,256029.13
CALYTERA SOFTWARE,2022-2023,68415.65,62099.21
CAMPBELL SCIENTIFIC CANADA,2017-2018,50763.08,52318.93
CAMPBELL SCIENTIFIC CANADA,2018-2019,66663.05,67572.95
CAMPBELL SCIENTIFIC CANADA,2019-2020,19246.81,19039.81
CAMPBELL SCIENTIFIC CANADA,2020-2021,13213.50,12643.84
CAMPBELL SCIENTIFIC CANADA,2024-2025,21045.00,17440.24
CAMPBELL SCIENTIFIC CANADA,2025-2026,61964.74,11945.82
CAN AM PLATFORMS CONSTRUCTION,2020-2021,2921211.31,2779038.06
CAN AM PLATFORMS CONSTRUCTION,2021-2022,6384683.40,5956920.65
CAN AM PLATFORMS CONSTRUCTION,2022-2023,944583.30,857375.06
CANADA,2018-2019,59639.63,60688.28
CANADA,2019-2020,5910.23,5931.73
CANADA,2020-2021,836418.59,799988.66
CANADA,2021-2022,1446106.96,1352771.51
CANADA,2022-2023,184459.60,167429.45
CANADA,2023-2024,770390.96,660045.06
CANADA,2024-2025,226226.15,188020.38
CANADA,2025-2026,6556.09,0.00
CANADA POST,2017-2018,11300.00,11646.34
CANADA POST,2018-2019,44997.73,46064.26
CANADA POST,2019-2020,161341.40,158713.65
CANADA POST,2022-2023,12266.64,11076.15
CANADA POST,2023-2024,11960.00,10360.05
CANADA POST,2024-2025,11040.00,9154.33
CANADA POST,2025-2026,11040.00,7414.65
CANADENSYS AEROSPACE,2018-2019,364832.01,369271.52
CANADENSYS AEROSPACE,2019-2020,908985.85,901844.27
CANADENSYS AEROSPACE,2020-2021,102803.19,96881.23
CANADIAN AIRMOTIVE,2017-2018,503041.02,518478.55
CANADIAN AIRMOTIVE,2018-2019,287826.38,294232.73
CANADIAN AIRMOTIVE,2019-2020,943147.01,934314.99
CANADIAN AIRMOTIVE,2020-2021,1027089.60,977534.45
CANADIAN AIRMOTIVE,2021-2022,831094.97,776574.58
CANADIAN AIRMOTIVE,2022-2023,705605.61,637126.14
CANADIAN AIRMOTIVE,2023-2024,815754.33,706765.80
CANADIAN AIRMOTIVE,2024-2025,705605.61,585140.48
CANADIAN AIRMOTIVE,2025-2026,176132.82,108729.50
CANADIAN BANK NOTE COMPANY,2017-2018,309918.94,319417.72
CANADIAN BANK NOTE COMPANY,2018-2019,309918.94,315583.94
CANADIAN BANK NOTE COMPANY,2019-2020,310768.03,308274.09
CANADIAN BANK NOTE COMPANY,2020-2021,309918.94,295072.39
CANADIAN BANK NOTE COMPANY,2021-2022,309918.94,289154.91
CANADIAN BANK NOTE COMPANY,2023-2024,758715.63,653827.61
CANADIAN BANK NOTE COMPANY,2024-2025,1003373.93,832072.05
CANADIAN BANK NOTE COMPANY,2025-2026,167687.15,135982.98
CANADIAN BASE OPERATORS,2017-2018,24456957.50,25207511.56
CANADIAN BASE OPERATORS,2018-2019,22583154.00,22997548.15
CANADIAN BASE OPERATORS,2019-2020,25673476.97,25468982.97
CANADIAN BASE OPERATORS,2020-2021,20064193.17,19102042.47
CANADIAN BASE OPERATORS,2021-2022,16693206.12,15578328.07
CANADIAN BASE OPERATORS,2022-2023,16761002.78,15135027.82
CANADIAN BASE OPERATORS,2023-2024,16761374.52,14532439.95
CANADIAN BASE OPERATORS,2024-2025,15832328.75,13129392.78
CANADIAN BASE OPERATORS,2025-2026,15828624.66,10630775.48
CANADIAN BORDER OPERATIONS,2021-2022,17075152.76,15931147.07
CANADIAN BORDER OPERATIONS,2022-2023,17075152.76,15417998.33
CANADIAN BORDER OPERATIONS,2023-2024,17121934.00,14843918.27
CANADIAN BORDER OPERATIONS,2024-2025,17075152.76,14159982.57
CANADIAN BORDER OPERATIONS,2025-2026,17075152.76,11467965.11
CANADIAN CORPS OF COMMISSIONAIRES,2017-2018,24645236.73,25398094.67
CANADIAN CORPS OF COMMISSIONAIRES,2018-2019,26327519.83,26808986.17
CANADIAN CORPS OF COMMISSIONAIRES,2019-2020,32277685.03,32026436.36
CANADIAN CORPS OF COMMISSIONAIRES,2020-2021,25901964.08,24656901.89
CANADIAN CORPS OF COMMISSIONAIRES,2021-2022,35225179.59,32861414.97
CANADIAN CORPS OF COMMISSIONAIRES,2022-2023,35055513.96,31648015.02
CANADIAN CORPS OF COMMISSIONAIRES,2023-2024,38667326.12,33585508.39
CANADIAN CORPS OF COMMISSIONAIRES,2024-2025,42810745.26,35502408.30
CANADIAN CORPS OF COMMISSIONAIRES,2025-2026,59938894.84,37675046.95
CANADIAN DEVELOPMENT CONSULTANTS,2017-2018,6810.60,6998.28
CANADIAN DEVELOPMENT CONSULTANTS,2018-2019,621467.33,632827.12
CANADIAN DEVELOPMENT CONSULTANTS,2019-2020,304774.39,305157.16
CANADIAN HELICOPTERS,2018-2019,35325.81,35733.16
CANADIAN HELICOPTERS,2019-2020,520121.49,508379.59
CANADIAN HELICOPTERS,2020-2021,2971036.01,2828709.61
CANADIAN HELICOPTERS,2021-2022,3044623.66,2840763.64
CANADIAN HELICOPTERS,2022-2023,2490786.35,2250950.22
CANADIAN HELICOPTERS,2025-2026,25463.33,0.00
CANADIAN MARITIME ENGINEERING,2017-2018,613330.69,632325.63
CANADIAN MARITIME ENGINEERING,2018-2019,986064.59,1003830.82
CANADIAN MARITIME ENGINEERING,2019-2020,1149927.82,1139404.32
CANADIAN MARITIME ENGINEERING,2020-2021,886405.00,843942.09
CANADIAN MARITIME ENGINEERING,2021-2022,690809.10,650067.85
CANADIAN MARITIME ENGINEERING,2022-2023,469251.40,422562.11
CANADIAN MARITIME ENGINEERING,2023-2024,96752.87,83804.84
CANADIAN MARITIME ENGINEERING,2024-2025,5035759.65,4115258.90
CANADIAN MARITIME ENGINEERING,2025-2026,8957789.65,3258497.88
CANADIAN NORTH,2018-2019,425789.78,435361.64
CANADIAN NORTH,2019-2020,152467.12,152283.16
CANADIAN NORTH,2021-2022,176693.22,166514.85
CANADIAN NORTH,2022-2023,21852.60,19645.51
CANADIAN NORTH,2023-2024,89832.11,78508.26
CANADIAN NORTH,2025-2026,33721.93,26710.98
CANADIAN NUCLEAR LABORATORIES,2017-2018,113314.10,116626.81
CANADIAN NUCLEAR LABORATORIES,2018-2019,15099.94,15485.29
CANADIAN NUCLEAR LABORATORIES,2019-2020,2437089.55,2409958.97
CANADIAN NUCLEAR LABORATORIES,2020-2021,3077985.07,2930535.32
CANADIAN NUCLEAR LABORATORIES,2021-2022,2959925.37,2764699.43
CANADIAN RED CROSS,2017-2018,90991.43,93780.24
CANADIAN RED CROSS,2018-2019,90991.43,92654.66
CANADIAN RED CROSS,2019-2020,29665.70,29739.79
CANADIAN RED CROSS,2023-2024,127313.59,109277.09
CANADIAN RED CROSS,2024-2025,1320116.77,1094717.55
CANADIAN RED CROSS,2025-2026,1318503.24,885529.36
CANADIAN STANDARDS ASSOCIATION,2017-2018,200.02,205.54
CANADIAN STANDARDS ASSOCIATION,2018-2019,83216.19,84551.12
CANADIAN STANDARDS ASSOCIATION,2019-2020,13340.00,13196.52
CANADIAN STANDARDS ASSOCIATION,2024-2025,29519.00,24359.20
CANADIAN STANDARDS ASSOCIATION,2025-2026,12915.00,1344.03
CANADYNE TECHNOLOGIES,2017-2018,267366.64,275962.84
CANADYNE TECHNOLOGIES,2018-2019,204796.35,208602.72
CANADYNE TECHNOLOGIES,2019-2020,329792.65,327600.91
CANADYNE TECHNOLOGIES,2020-2021,52095.00,50051.35
CANADYNE TECHNOLOGIES,2021-2022,57557.50,52645.47
CANADYNE TECHNOLOGIES,2023-2024,158090.27,135567.81
CANADYNE TECHNOLOGIES,2024-2025,288746.13,238628.27
CANADYNE TECHNOLOGIES,2025-2026,156896.30,119846.11
CANAM PONTS CANADA,2025-2026,19948.16,0.00
CANON,2017-2018,552737.27,568383.20
CANON,2018-2019,535447.61,542260.51
CANON,2019-2020,383462.71,380236.77
CANON,2020-2021,488356.21,464015.25
CANON,2021-2022,371515.20,344859.12
CANON,2022-2023,380796.51,343468.10
CANON,2023-2024,353743.50,305322.04
CANON,2024-2025,520265.81,430652.23
CANON,2025-2026,19749.86,14696.05
CANSEL SURVEY EQUIPMENT,2017-2018,1131559.82,1164649.32
CANSEL SURVEY EQUIPMENT,2018-2019,870758.74,886981.63
CANSEL SURVEY EQUIPMENT,2019-2020,644284.09,637509.87
CANSEL SURVEY EQUIPMENT,2020-2021,74249.72,70036.37
CANSEL SURVEY EQUIPMENT,2021-2022,58237.37,53649.90
CANSEL SURVEY EQUIPMENT,2022-2023,114395.98,103223.86
CANSEL SURVEY EQUIPMENT,2023-2024,146222.42,126006.17
CANSEL SURVEY EQUIPMENT,2024-2025,296159.04,244548.09
CANSEL SURVEY EQUIPMENT,2025-2026,193665.84,95442.03
CANTEC SYSTEMS,2017-2018,118266.35,121903.59
CANTEC SYSTEMS,2018-2019,1575210.25,1597744.87
CANTEC SYSTEMS,2019-2020,2394358.04,2377440.06
CANTEC SYSTEMS,2020-2021,1909624.63,1820903.52
CANTEC SYSTEMS,2021-2022,1395358.28,1309814.66
CANTEC SYSTEMS,2022-2023,135029.25,121589.97
CANTEC SYSTEMS,2023-2024,335623.27,290230.23
CANTEC SYSTEMS,2024-2025,1089841.57,903466.14
CANTEC SYSTEMS,2025-2026,2535496.30,1470566.35
CARAHSOFT TECHNOLOGY,2017-2018,40531.26,41685.85
CARAHSOFT TECHNOLOGY,2018-2019,69339.86,70549.84
CARAHSOFT TECHNOLOGY,2019-2020,87813.90,87172.44
CARAHSOFT TECHNOLOGY,2020-2021,39122.89,37247.06
CARAHSOFT TECHNOLOGY,2021-2022,108885.78,100077.66
CARAHSOFT TECHNOLOGY,2022-2023,116801.34,105128.75
CARAHSOFT TECHNOLOGY,2023-2024,603902.16,523750.89
CARAHSOFT TECHNOLOGY,2024-2025,885353.02,733396.63
CARAHSOFT TECHNOLOGY,2025-2026,950268.92,489264.57
CARDINAL HEALTH CANADA,2017-2018,173187.00,178495.05
CARDINAL HEALTH CANADA,2018-2019,92999.05,95183.78
CARDINAL HEALTH CANADA,2019-2020,11466.53,11324.82
CARDINAL HEALTH CANADA,2022-2023,1129215.63,1015165.83
CARDINAL HEALTH CANADA,2023-2024,55687.53,48029.14
CARDINAL HEALTH CANADA,2024-2025,32808.06,27324.42
CARDINAL HEALTH CANADA,2025-2026,29058.61,19516.26
CARLETON LIFE SUPPORT SYSTEMS,2017-2018,348591.51,359275.57
CARLETON LIFE SUPPORT SYSTEMS,2018-2019,1371497.14,1395559.07
CARLETON LIFE SUPPORT SYSTEMS,2019-2020,4325389.97,4290456.29
CARLETON LIFE SUPPORT SYSTEMS,2020-2021,879064.21,828583.24
CARLETON UNIVERSITY,2017-2018,3010995.39,3103214.31
CARLETON UNIVERSITY,2018-2019,3246962.41,3304504.53
CARLETON UNIVERSITY,2019-2020,1120969.34,1105750.82
CARLETON UNIVERSITY,2020-2021,2169034.19,2066250.47
CARLETON UNIVERSITY,2021-2022,580717.99,541317.19
CARLETON UNIVERSITY,2022-2023,855056.62,772599.25
CARLETON UNIVERSITY,2023-2024,818411.94,709524.98
CARLETON UNIVERSITY,2024-2025,138375.88,115658.37
CARLETON UNIVERSITY,2025-2026,282500.00,181834.62
CARMICHAEL ENGINEERING,2017-2018,21560.06,22220.86
CARMICHAEL ENGINEERING,2018-2019,798245.84,812742.40
CARMICHAEL ENGINEERING,2019-2020,1153446.03,1144189.51
CARMICHAEL ENGINEERING,2020-2021,1151570.10,1096394.97
CARMICHAEL ENGINEERING,2021-2022,1305169.89,1214236.71
CARMICHAEL ENGINEERING,2022-2023,1393534.19,1257826.39
CARMICHAEL ENGINEERING,2023-2024,1869381.53,1616868.67
CARMICHAEL ENGINEERING,2024-2025,2339625.09,1942358.52
CARMICHAEL ENGINEERING,2025-2026,2643147.74,1829712.23
CARO ANALYTICAL SERVICES,2017-2018,475.94,489.06
CARO ANALYTICAL SERVICES,2018-2019,15706.06,15993.99
CARO ANALYTICAL SERVICES,2020-2021,12670.62,12089.35
CARO ANALYTICAL SERVICES,2021-2022,26972.16,25095.09
CARO ANALYTICAL SERVICES,2022-2023,24080.86,21764.03
CARO ANALYTICAL SERVICES,2023-2024,7029.60,6186.52
CARON PROFESSIONAL LINGUISTIC,2021-2022,24361.53,22595.15
CARON PROFESSIONAL LINGUISTIC,2022-2023,25000.22,22606.72
CARRIERE QUEBEC,2021-2022,3212064.17,2912956.53
CARRIERE QUEBEC,2022-2023,110760.83,100534.89
CARTEL COMMUNICATION SYSTEMS,2025-2026,16514.45,7103.14
CAS ELL STRUCTURES,2017-2018,772942.96,796865.19
CAS ELL STRUCTURES,2018-2019,1062793.97,1082037.05
CAS ELL STRUCTURES,2019-2020,600570.26,593738.01
CAS ELL STRUCTURES,2020-2021,526801.17,503729.70
CAS ELL STRUCTURES,2021-2022,1283905.68,1193840.94
CAS ELL STRUCTURES,2022-2023,474706.66,428350.42
CAS ELL STRUCTURES,2023-2024,639520.37,554339.91
CAS ELL STRUCTURES,2024-2025,209924.56,174921.29
CAS ELL STRUCTURES,2025-2026,1297706.41,856965.38
CASCADE AEROSPACE,2017-2018,95454149.45,98379746.39
CASCADE AEROSPACE,2018-2019,86890276.74,88480289.07
CASCADE AEROSPACE,2019-2020,86886435.52,86189163.10
CASCADE AEROSPACE,2020-2021,86649040.89,82498150.09
CASCADE AEROSPACE,2021-2022,86649040.89,80843705.06
CASCADE AEROSPACE,2022-2023,86649040.89,78239696.38
CASCADE AEROSPACE,2023-2024,86886435.52,75326487.51
CASCADE AEROSPACE,2024-2025,77011920.39,63945452.44
CASCADE AEROSPACE,2025-2026,64386072.64,43242789.41
CASP AEROSPACE,2017-2018,1990948.71,2051496.17
CASP AEROSPACE,2018-2019,2173297.83,2212865.15
CASP AEROSPACE,2019-2020,2008526.79,1994194.40
CASP AEROSPACE,2020-2021,1809986.52,1723279.78
CASP AEROSPACE,2021-2022,1343147.31,1228863.72
CASP AEROSPACE,2022-2023,3100435.62,2802418.42
CASP AEROSPACE,2023-2024,655672.50,575970.98
CASP AEROSPACE,2024-2025,150285.23,122872.35
CASP AEROSPACE,2025-2026,1271428.26,853913.00
CBCI TELECOM,2017-2018,99514.05,102256.37
CBCI TELECOM,2018-2019,497302.62,506532.07
CBCI TELECOM,2019-2020,1066176.37,1054970.97
CBCI TELECOM,2020-2021,414423.39,391905.05
CBCI TELECOM,2021-2022,215819.06,197920.66
CBCI TELECOM,2022-2023,217155.24,195602.09
CBCI TELECOM,2023-2024,214816.52,185830.86
CBCI TELECOM,2024-2025,157758.97,130825.44
CBCI TELECOM,2025-2026,157758.97,105953.63
CBCL,2017-2018,11507.04,11851.86
CBCL,2018-2019,295888.78,300693.91
CBCL,2019-2020,218635.70,216995.63
CBCL,2020-2021,222566.40,211809.89
CBCL,2021-2022,1345350.60,1253030.50
CBCL,2022-2023,1310331.29,1180601.49
CBCL,2023-2024,2204825.56,1912876.82
CBCL,2024-2025,886159.95,734009.98
CBCL,2025-2026,314321.41,206646.28
CBRE,2025-2026,1384416.50,776229.53
CDW CANADA,2017-2018,6772297.07,6966545.44
CDW CANADA,2018-2019,3892392.84,3941822.35
CDW CANADA,2019-2020,4951474.03,4883206.72
CDW CANADA,2020-2021,10550317.48,10011072.34
CDW CANADA,2021-2022,2551669.75,2368141.49
CDW CANADA,2022-2023,6133233.25,5533137.18
CDW CANADA,2023-2024,8966456.36,7764449.32
CDW CANADA,2024-2025,2031610.37,1681897.89
CDW CANADA,2025-2026,5809113.05,3330272.17
CEGERCO,2017-2018,14129061.69,14562106.66
CEGERCO,2018-2019,14129061.69,14387326.50
CEGERCO,2019-2020,14167771.45,14054073.65
CEGERCO,2020-2021,193548.79,182399.46
CENTURY GROUP,2020-2021,42812.15,40382.75
CENTURY GROUP,2021-2022,588421.90,550969.93
CENTURY GROUP,2022-2023,156242.40,141203.57
CENTURY GROUP,2023-2024,402947.22,352880.89
CENTURY GROUP,2024-2025,88731.33,72409.10
CENTURY GROUP,2025-2026,4086174.10,2744344.52
CGI,2017-2018,381615.37,393049.52
CGI,2018-2019,307472.71,313093.00
CGI,2019-2020,308315.10,305840.84
CGI,2020-2021,307472.71,292743.34
CGI,2021-2022,192946.55,180019.47
CGI,2022-2023,76121.38,69048.97
CH2M HILL CANADA,2017-2018,18900.00,19440.13
CHANNEL MANAGEMENT INTERNATIONAL,2017-2018,2949188.49,3038123.20
CHANNEL MANAGEMENT INTERNATIONAL,2018-2019,443895.64,453150.45
CHANNEL MANAGEMENT INTERNATIONAL,2019-2020,236544.48,232706.82
CHANNEL MANAGEMENT INTERNATIONAL,2020-2021,2769333.20,2635652.53
CHANNEL MANAGEMENT INTERNATIONAL,2021-2022,1878958.13,1740810.59
CHANNEL MANAGEMENT INTERNATIONAL,2022-2023,2099798.96,1892919.31
CHANNEL MANAGEMENT INTERNATIONAL,2023-2024,749162.80,642130.76
CHANNEL MANAGEMENT INTERNATIONAL,2024-2025,1382306.51,1146311.04
CHANNEL MANAGEMENT INTERNATIONAL,2025-2026,905126.73,727800.67
CHANTIER DAVIE CANADA,2019-2020,123221222.28,121686252.03
CHANTIER DAVIE CANADA,2020-2021,172320866.41,164065897.96
CHANTIER DAVIE CANADA,2021-2022,172320866.41,160775666.50
CHANTIER DAVIE CANADA,2022-2023,172320866.41,155597016.78
CHANTIER DAVIE CANADA,2023-2024,179996704.97,156008782.67
CHANTIER DAVIE CANADA,2024-2025,220807374.96,183110907.80
CHANTIER DAVIE CANADA,2025-2026,172376062.14,115751220.50
CHANTIER NAVAL FORILLON,2017-2018,6140255.41,6328449.56
CHANTIER NAVAL FORILLON,2018-2019,6140255.41,6252493.00
CHANTIER NAVAL FORILLON,2019-2020,6157078.03,6107666.85
CHANTIER NAVAL FORILLON,2020-2021,6140255.41,5846108.71
CHANTIER NAVAL FORILLON,2021-2022,16822.62,15955.27
CHANTIER NAVAL FORILLON,2023-2024,8035728.12,6876022.26
CHANTIER NAVAL FORILLON,2024-2025,17563118.34,14564639.80
CHANTIER NAVAL FORILLON,2025-2026,17563118.34,11795691.16
CHARRON HUMAN RESOURCES,2018-2019,60931.50,62074.06
CHARRON HUMAN RESOURCES,2019-2020,211330.07,208781.28
CHARRON HUMAN RESOURCES,2020-2021,51282.18,49008.13
CHARRON HUMAN RESOURCES,2021-2022,14700.00,13331.13
CHARRON HUMAN RESOURCES,2022-2023,52431.43,47249.14
CHARRON HUMAN RESOURCES,2023-2024,66195.47,57169.46
CHARTER TELECOM,2025-2026,8205.92,4202.35
CHEF BRANDZ,2020-2021,4221558.66,3997164.06
CHEF BRANDZ,2021-2022,2330369.10,2186136.12
CHEF BRANDZ,2022-2023,110916.18,100675.89
CHEMICAL ABSTRACTS SERVICE,2017-2018,15590.74,16103.82
CHEVRON,2017-2018,4487932.70,4634475.69
CHEVRON,2018-2019,3631.20,3723.87
CHRONO AVIATION,2017-2018,48818.39,50461.81
CHRONO AVIATION,2018-2019,33911.88,34469.86
CHRONO AVIATION,2019-2020,34000.00,33367.79
CHRONO AVIATION,2023-2024,24713.88,21598.55
CHRONO AVIATION,2024-2025,68956.25,57466.05
CHRONO AVIATION,2025-2026,1473520.77,1042724.91
CHUBB EDWARDS,2017-2018,10215.36,10562.63
CHUBB EDWARDS,2019-2020,106715.71,104724.98
CHUBB EDWARDS,2020-2021,4050.03,3820.21
CHUBB EDWARDS,2021-2022,27964.27,26336.12
CHUBB EDWARDS,2022-2023,19516.86,17622.74
CHUBB EDWARDS,2023-2024,85795.02,74088.76
CHUBB EDWARDS,2025-2026,68600.04,42987.76
CIMA,2017-2018,24993.00,25711.16
CIMA,2022-2023,19787.97,17789.41
CIMA,2023-2024,79991.69,69349.06
CIMA,2024-2025,363326.55,302405.57
CIMA,2025-2026,1460163.71,911381.68
CISION CANADA,2017-2018,79651.72,82135.13
CISION CANADA,2018-2019,19891.73,20372.45
CISION CANADA,2020-2021,4626.68,4364.14
CISION CANADA,2021-2022,20594.39,19214.60
CISION CANADA,2022-2023,20594.39,18595.69
CISION CANADA,2023-2024,15967.71,13888.51
CISTEL TECHNOLOGY,2020-2021,156871.87,149577.23
CISTEL TECHNOLOGY,2021-2022,89115.01,84386.80
CISTEL TECHNOLOGY,2024-2025,372406.60,307413.15
CISTEL TECHNOLOGY,2025-2026,502940.11,337783.20
CITRIX,2017-2018,23302.89,23991.34
CITRIX,2020-2021,50219.03,47369.32
CITRIX,2021-2022,35646.19,32326.81
CITRIX,2022-2023,17823.09,16177.58
CITY OF MOOSE JAW,2017-2018,993379.89,1023826.23
CITY OF MOOSE JAW,2018-2019,993379.89,1011537.86
CITY OF MOOSE JAW,2019-2020,996101.48,988107.66
CITY OF MOOSE JAW,2020-2021,993379.89,945792.39
CITY OF MOOSE JAW,2021-2022,748436.90,704691.28
CITY OF MOOSE JAW,2023-2024,400770.65,343576.99
CITY OF MOOSE JAW,2024-2025,1607486.65,1333047.11
CITY OF MOOSE JAW,2025-2026,1607486.65,1079615.58
CITY WYEED ELECTRIC,2020-2021,975518.92,928753.41
CITY WYEED ELECTRIC,2021-2022,1967206.67,1835407.23
CITY WYEED ELECTRIC,2022-2023,150909.00,136976.40
CIVIL UNDERGROUND EXCAVATION,2020-2021,1469487.23,1399631.66
CIVIL UNDERGROUND EXCAVATION,2021-2022,1640538.66,1548462.33
CIVIL UNDERGROUND EXCAVATION,2024-2025,66766.30,54484.57
CIVIL UNDERGROUND EXCAVATION,2025-2026,30733.70,24922.96
CLARIANT CANADA,2017-2018,1321831.03,1358811.41
CLARIANT CANADA,2018-2019,1343308.42,1359453.87
CLARIANT CANADA,2019-2020,1389970.97,1364740.07
CLARIANT CANADA,2020-2021,943497.95,899415.83
CLARIANT CANADA,2021-2022,1692237.69,1549206.32
CLARIANT CANADA,2022-2023,853114.84,767311.51
CLARIANT CANADA,2023-2024,305043.00,264142.10
CLERMARK,2017-2018,235373.31,242575.01
CLERMARK,2018-2019,562325.43,570236.56
CLERMARK,2019-2020,1056299.23,1047153.48
CLERMARK,2020-2021,2804944.98,2670575.11
CLERMARK,2021-2022,2556015.99,2389475.98
CLERMARK,2022-2023,1916767.25,1730675.73
CLERMARK,2025-2026,2369004.03,940956.43
CLICK NETWORKS,2019-2020,11892.15,11935.40
CLICK NETWORKS,2020-2021,1086886.43,1025529.26
CLICK NETWORKS,2021-2022,256706.62,239641.14
CLICK NETWORKS,2022-2023,156073.04,140878.83
CLICK NETWORKS,2023-2024,704505.50,608372.04
CLICK NETWORKS,2024-2025,1158696.15,958259.34
CLICK NETWORKS,2025-2026,1489778.01,544873.03
CLOSEREACH,2017-2018,1036826.93,1068493.76
CLOSEREACH,2018-2019,849568.60,866274.41
CLOSEREACH,2019-2020,647456.18,641699.24
CLOSEREACH,2020-2021,1031261.85,982543.85
CLOSEREACH,2021-2022,641083.69,602162.30
CLOSEREACH,2022-2023,601377.79,545602.17
CLOSEREACH,2023-2024,1010265.36,869554.96
CLOSEREACH,2024-2025,2743015.85,2275585.71
CLOSEREACH,2025-2026,680576.85,481046.69
CO VEN,2017-2018,1457342.65,1497902.16
CO VEN,2018-2019,4324634.68,4403684.58
CO VEN,2019-2020,4336482.99,4301682.28
CO VEN,2020-2021,4324634.68,4117464.63
CO VEN,2022-2023,5253754.81,4732814.06
CO VEN,2023-2024,7816562.04,6776594.75
CO VEN,2024-2025,7795205.31,6464362.16
CO VEN,2025-2026,7795205.31,5235393.43
COASTAL RESTORATION MASONRY,2017-2018,310561.22,320145.65
COASTAL RESTORATION MASONRY,2018-2019,99518.70,101659.05
COASTAL RESTORATION MASONRY,2019-2020,75362.95,74699.02
COASTAL RESTORATION MASONRY,2020-2021,636859.19,608517.26
COASTAL RESTORATION MASONRY,2021-2022,618805.62,581241.50
COASTAL RESTORATION MASONRY,2022-2023,650611.43,588498.21
COASTAL RESTORATION MASONRY,2023-2024,565016.00,492388.97
COASTAL RESTORATION MASONRY,2024-2025,543627.87,450208.25
COASTAL RESTORATION MASONRY,2025-2026,99181.00,56866.88
COBHAM MISSION SYSTEMS DAVENPORT,2019-2020,167812.02,163814.61
COBHAM MISSION SYSTEMS DAVENPORT,2020-2021,2097650.21,2003232.44
COCO PAVING,2017-2018,354601.35,364660.91
COCO PAVING,2018-2019,233019.08,237912.72
COCO PAVING,2019-2020,70188.00,70103.31
COCO PAVING,2021-2022,7565708.00,7092388.21
COFELY SERVICES,2017-2018,4084674.75,4209866.92
COFELY SERVICES,2018-2019,2059123.71,2108441.79
COFOMO,2017-2018,132688.50,136751.54
COFOMO,2018-2019,136426.21,138919.94
COFOMO,2019-2020,1061687.76,1044057.76
COFOMO,2020-2021,2157887.54,2054514.72
COFOMO,2021-2022,2393116.91,2231719.58
COFOMO,2022-2023,1510355.78,1367382.97
COFOMO,2023-2024,3799497.97,3284708.61
COFOMO,2024-2025,4201854.11,3483699.78
COFOMO,2025-2026,4362647.30,2905137.35
COLLIERS PROJECT LEADERS,2017-2018,38105.98,39156.07
COLLIERS PROJECT LEADERS,2018-2019,407256.88,414957.03
COLLIERS PROJECT LEADERS,2019-2020,408631.95,401405.96
COLLIERS PROJECT LEADERS,2020-2021,1673835.56,1593386.73
COLLIERS PROJECT LEADERS,2021-2022,85743.07,78778.90
COLLIERS PROJECT LEADERS,2022-2023,994728.06,896122.33
COLLIERS PROJECT LEADERS,2023-2024,1801035.21,1561502.09
COLLIERS PROJECT LEADERS,2024-2025,1445588.19,1198788.90
COLLIERS PROJECT LEADERS,2025-2026,2202718.74,1211955.00
COLT CANADA,2017-2018,29929310.64,30847178.24
COLT CANADA,2018-2019,26324791.04,26816998.64
COLT CANADA,2019-2020,18993273.69,18826236.42
COLT CANADA,2020-2021,36042672.10,34338094.19
COLT CANADA,2021-2022,26314400.63,24446054.66
COLT CANADA,2022-2023,37825123.10,34099295.78
COLT CANADA,2023-2024,27483193.39,23838937.51
COLT CANADA,2024-2025,29411162.93,24363580.80
COLT CANADA,2025-2026,20912640.59,2685666.62
COLUMBIA FUELS,2017-2018,276970.23,285946.39
COLUMBIA FUELS,2024-2025,51676.78,43579.91
COLUMBIA FUELS,2025-2026,10500431.04,5043104.36
COMBAT NETWORKS,2017-2018,29648.23,30605.77
COMBAT NETWORKS,2018-2019,40632.50,41206.00
COMBAT NETWORKS,2019-2020,35116.83,35041.18
COMBAT NETWORKS,2020-2021,1548521.41,1460770.36
COMBAT NETWORKS,2021-2022,98826.93,93178.08
COMBAT NETWORKS,2022-2023,4642.94,4212.32
COMMERCIAL BUILDING CLEANERS,2018-2019,713215.78,726252.64
COMMERCIAL BUILDING CLEANERS,2019-2020,715169.80,709430.49
COMMERCIAL BUILDING CLEANERS,2020-2021,713215.78,679049.44
COMMERCIAL BUILDING CLEANERS,2021-2022,3230059.40,2997087.57
COMMERCIAL BUILDING CLEANERS,2022-2023,4302816.36,3885225.29
COMMERCIAL BUILDING CLEANERS,2023-2024,4314604.90,3740561.23
COMMERCIAL BUILDING CLEANERS,2024-2025,3854066.36,3198170.47
COMMERCIAL BUILDING CLEANERS,2025-2026,923719.55,749074.29
COMMERCIAL BUILDING CLEANING,2018-2019,1738271.11,1770044.93
COMMERCIAL BUILDING CLEANING,2019-2020,1743033.50,1729045.48
COMMERCIAL BUILDING CLEANING,2020-2021,1738271.11,1654999.87
COMMERCIAL BUILDING CLEANING,2021-2022,1929229.80,1789757.62
COMMERCIAL BUILDING CLEANING,2022-2023,2599701.05,2347398.41
COMMERCIAL BUILDING CLEANING,2023-2024,2606823.51,2259994.41
COMMERCIAL BUILDING CLEANING,2024-2025,648144.64,546591.42
COMMUNITECH,2017-2018,612466.45,631174.80
COMMUNITECH,2018-2019,675378.41,687723.64
COMMUNITECH,2019-2020,677228.76,671793.93
COMMUNITECH,2020-2021,675378.41,643024.65
COMMUNITECH,2021-2022,675378.41,630129.23
COMMUNITECH,2022-2023,691320.52,623918.32
COMMUNITECH,2023-2024,758798.56,657842.96
COMMUNITECH,2024-2025,756725.34,627532.75
COMMUNITECH,2025-2026,143416.43,116016.23
COMMVAULT SYSTEMS,2017-2018,52288.78,53891.40
COMMVAULT SYSTEMS,2018-2019,52288.78,53244.57
COMMVAULT SYSTEMS,2019-2020,26216.02,26247.53
COMMVAULT SYSTEMS,2020-2021,80158.28,76319.40
COMMVAULT SYSTEMS,2021-2022,95926.16,90170.09
COMMVAULT SYSTEMS,2024-2025,167679.62,136834.77
COMMVAULT SYSTEMS,2025-2026,965710.38,761204.14
COMNET NETWORKS AND SECURITY,2020-2021,18963.64,17887.54
COMNET NETWORKS AND SECURITY,2021-2022,50487.63,47668.73
COMPUCOM CANADA,2017-2018,348618.47,358335.74
COMPUCOM CANADA,2018-2019,611397.65,620643.69
COMPUCOM CANADA,2019-2020,236480.90,236142.07
COMPUCOM CANADA,2020-2021,13105621.83,12369593.44
COMPUCOM CANADA,2021-2022,7691101.41,6982639.24
COMPUCOM CANADA,2022-2023,12728060.15,11497779.22
COMPUCOM CANADA,2023-2024,2047828.59,1784998.38
COMPUCOM CANADA,2024-2025,1706865.75,1400895.06
COMPUCOM CANADA,2025-2026,9742621.29,1485282.62
COMPUGEN,2017-2018,150978.22,155419.34
COMPUGEN,2018-2019,59851.22,60834.94
COMPUGEN,2019-2020,358367.37,354381.23
COMPUGEN,2020-2021,949420.19,900158.47
COMPUGEN,2021-2022,430037.81,401980.62
COMPUGEN,2022-2023,572265.30,515117.79
COMPUGEN,2023-2024,472763.74,407518.48
COMPUGEN,2024-2025,772821.60,638192.03
COMPUGEN,2025-2026,949651.23,506489.14
CON PRO INDUSTRIES CANADA,2020-2021,1212934.38,1156116.53
CON PRO INDUSTRIES CANADA,2021-2022,1521298.28,1419373.93
CON PRO INDUSTRIES CANADA,2022-2023,83358.81,75662.74
CON PRO INDUSTRIES CANADA,2023-2024,1265705.43,1096386.13
CON PRO INDUSTRIES CANADA,2024-2025,925461.65,767461.41
CONCEPT CONTROLS,2017-2018,264531.37,272690.45
CONCEPT CONTROLS,2018-2019,133247.00,134981.05
CONCEPT CONTROLS,2019-2020,522106.70,516316.02
CONCEPT CONTROLS,2020-2021,739522.70,702090.83
CONCEPT CONTROLS,2021-2022,2124872.03,1981476.38
CONCEPT CONTROLS,2022-2023,1682854.91,1520243.60
CONCEPT CONTROLS,2023-2024,1712971.46,1483286.38
CONCEPT CONTROLS,2024-2025,452222.93,373420.95
CONCEPT CONTROLS,2025-2026,2766056.53,1166779.38
CONEXSYS,2017-2018,104871.14,107987.51
CONEXSYS,2018-2019,35872.05,36707.26
CONFERENCE BOARD OF CANADA,2017-2018,44881.67,46257.26
CONFERENCE BOARD OF CANADA,2018-2019,59881.67,61084.86
CONFERENCE BOARD OF CANADA,2019-2020,45241.77,44874.95
CONFERENCE BOARD OF CANADA,2020-2021,52310.28,49783.81
CONFERENCE BOARD OF CANADA,2021-2022,61292.40,57196.35
CONFERENCE BOARD OF CANADA,2022-2023,51974.64,46962.94
CONFERENCE BOARD OF CANADA,2023-2024,3893.74,3335.79
CONFERENCE BOARD OF CANADA,2024-2025,17393.83,14366.54
CONFERENCE BOARD OF CANADA,2025-2026,58863.66,42103.37
CONNEX TELECOMMUNICATIONS,2017-2018,17566.43,18136.53
CONNEX TELECOMMUNICATIONS,2020-2021,86784.39,81859.75
CONOSCENTI TECHNOLOGIES,2017-2018,214087.23,220600.77
CONOSCENTI TECHNOLOGIES,2018-2019,335254.64,341382.75
CONOSCENTI TECHNOLOGIES,2019-2020,592244.48,586173.40
CONOSCENTI TECHNOLOGIES,2020-2021,716156.06,681848.86
CONOSCENTI TECHNOLOGIES,2021-2022,680226.28,635590.84
CONOSCENTI TECHNOLOGIES,2022-2023,526092.71,475035.08
CONOSCENTI TECHNOLOGIES,2023-2024,663977.91,574319.48
CONOSCENTI TECHNOLOGIES,2024-2025,1500494.67,1245074.15
CONOSCENTI TECHNOLOGIES,2025-2026,1381175.68,953476.47
CONSTRUCTION COTE FILS,2017-2018,1610440.32,1654819.39
CONSTRUCTION COTE FILS,2018-2019,8515968.49,8698843.26
CONSTRUCTION COTE FILS,2019-2020,1759463.19,1761701.04
CONSTRUCTION COUTURE TANGUAY,2017-2018,413900.23,427196.78
CONSTRUCTION COUTURE TANGUAY,2018-2019,1791056.79,1816099.49
CONSTRUCTION COUTURE TANGUAY,2019-2020,975411.21,977940.76
CONSTRUCTION COUTURE TANGUAY,2020-2021,360053.32,343150.53
CONSTRUCTION COUTURE TANGUAY,2021-2022,595335.68,556892.60
CONSTRUCTION JESSIKO,2017-2018,173401.50,178775.95
CONSTRUCTION JESSIKO,2018-2019,855419.19,862714.43
CONSTRUCTION JESSIKO,2019-2020,747788.73,749544.66
CONSTRUCTION JESSIKO,2021-2022,1101451.05,1028634.00
CONSTRUCTION JESSIKO,2023-2024,109700.00,96439.99
CONSTRUCTION ROCK DUFOUR,2018-2019,113904.48,114875.88
CONSTRUCTION ROCK DUFOUR,2019-2020,2452296.36,2432616.43
CONSTRUCTION ROCK DUFOUR,2020-2021,1092142.91,1038525.71
CONSTRUCTION ROCK DUFOUR,2023-2024,19061.25,16525.21
CONSTRUCTION ROCK DUFOUR,2024-2025,160000.00,131610.43
CONTRACT COMMUNITY,2017-2018,546890.32,563261.58
CONTRACT COMMUNITY,2018-2019,1516239.96,1543008.97
CONTRACT COMMUNITY,2019-2020,1558627.39,1542348.67
CONTRACT COMMUNITY,2020-2021,1800752.80,1713612.26
CONTRACT COMMUNITY,2021-2022,2026137.13,1892887.55
CONTRACT COMMUNITY,2022-2023,2088799.00,1884630.66
CONTRACT COMMUNITY,2023-2024,2093851.20,1816677.25
CONTRACT COMMUNITY,2024-2025,1522502.31,1266108.84
CONTRACT COMMUNITY,2025-2026,2334937.71,1242894.52
CONTROLS EQUIPMENT,2017-2018,310744.65,319545.34
CONTROLS EQUIPMENT,2018-2019,242201.01,246490.14
CONTROLS EQUIPMENT,2019-2020,438517.56,434502.78
CONTROLS EQUIPMENT,2020-2021,422446.37,402064.15
CONTROLS EQUIPMENT,2021-2022,219416.32,204261.46
CONTROLS EQUIPMENT,2022-2023,283451.13,255942.01
CONTROLS EQUIPMENT,2023-2024,345634.37,299784.49
CONTROLS EQUIPMENT,2024-2025,306890.63,254309.93
CONTROLS EQUIPMENT,2025-2026,546092.89,389662.76
CONVERGINT TECHNOLOGIES,2019-2020,68940.03,67491.66
CONVERGINT TECHNOLOGIES,2020-2021,553556.32,526191.02
CONVERGINT TECHNOLOGIES,2021-2022,251080.28,231072.71
CONVERGINT TECHNOLOGIES,2022-2023,62378.79,56186.05
CONVERGINT TECHNOLOGIES,2023-2024,490844.99,421858.57
CONVERGINT TECHNOLOGIES,2024-2025,101552.65,83889.97
CONVERGINT TECHNOLOGIES,2025-2026,66753.51,50698.59
CONVERSART CONSULTING,2018-2019,10438.64,10527.67
CONVERSART CONSULTING,2019-2020,32123.46,31934.78
CONVERSART CONSULTING,2020-2021,73240.30,69665.12
CONVERSART CONSULTING,2021-2022,39866.40,37185.13
CONVERSART CONSULTING,2022-2023,34578.00,31156.87
CONVERSART CONSULTING,2023-2024,59830.01,51140.08
CONVERSART CONSULTING,2024-2025,15834.79,13353.74
CONVERSART CONSULTING,2025-2026,104976.28,82883.77
COPCAN CIVIL,2018-2019,112733.31,113694.73
COPCAN CIVIL,2019-2020,1312904.07,1296429.97
COPCAN CIVIL,2020-2021,1880973.68,1792797.40
COPCAN CIVIL,2021-2022,412075.27,388798.69
COPCAN CIVIL,2022-2023,131060.89,118023.25
COPCAN CIVIL,2023-2024,349641.18,300125.38
COPCAN CIVIL,2024-2025,443229.02,365679.53
COPCAN CIVIL,2025-2026,887136.36,603316.72
CORADIX TECHNOLOGY CONSULTING,2017-2018,7777525.40,8015933.84
CORADIX TECHNOLOGY CONSULTING,2018-2019,8240812.91,8386692.83
CORADIX TECHNOLOGY CONSULTING,2019-2020,10343679.49,10255379.02
CORADIX TECHNOLOGY CONSULTING,2020-2021,12404980.72,11811494.17
CORADIX TECHNOLOGY CONSULTING,2021-2022,13790691.38,12865373.58
CORADIX TECHNOLOGY CONSULTING,2022-2023,13646237.76,12322312.10
CORADIX TECHNOLOGY CONSULTING,2023-2024,28608821.73,24670061.97
CORADIX TECHNOLOGY CONSULTING,2024-2025,1856141.23,1555228.11
CORCAN,2017-2018,1535.19,1582.25
CORCAN,2018-2019,130676.85,131977.63
CORCAN,2019-2020,189600.74,188096.66
CORCAN,2020-2021,871523.27,824519.20
CORCAN,2021-2022,966448.34,903644.27
CORCAN,2022-2023,302435.87,272520.52
CORCAN,2023-2024,621222.50,534696.07
CORCAN,2024-2025,1101186.91,914727.29
CORCAN,2025-2026,1825276.68,1120709.78
COREBUILD CONSTRUCTION,2020-2021,7447555.65,7073289.14
COREBUILD CONSTRUCTION,2021-2022,19009495.18,17735891.90
COREBUILD CONSTRUCTION,2022-2023,19009495.18,17164611.59
COREBUILD CONSTRUCTION,2023-2024,7082989.99,6232547.27
CORPORATION DU FORT ST JEAN,2017-2018,30372669.58,31303568.76
CORPORATION DU FORT ST JEAN,2018-2019,30372669.58,30927850.95
CORPORATION DU FORT ST JEAN,2019-2020,30478302.51,30233863.92
CORPORATION DU FORT ST JEAN,2020-2021,30372669.58,28917677.89
CORPORATION DU FORT ST JEAN,2021-2022,30466885.09,28426541.52
CORPORATION DU FORT ST JEAN,2022-2023,30372669.58,27424982.69
CORPORATION DU FORT ST JEAN,2023-2024,31369905.32,27196317.14
CORPORATION DU FORT ST JEAN,2024-2025,30634090.57,25401520.37
CORPORATION DU FORT ST JEAN,2025-2026,31988777.41,21484210.92
CORRECTIONAL SERVICES OF CANADA,2020-2021,76496.00,73500.92
CORRECTIONAL SERVICES OF CANADA,2021-2022,34598.21,32077.74
CORRECTIONAL SERVICES OF CANADA,2022-2023,673146.58,606674.08
CORRECTIONAL SERVICES OF CANADA,2023-2024,1108998.59,966734.81
CORRECTIONAL SERVICES OF CANADA,2024-2025,350795.55,288347.65
CORRECTIONAL SERVICES OF CANADA,2025-2026,1471138.63,904632.08
COSSETTE COMMUNICATIONS,2017-2018,3662415.04,3764809.62
COSSETTE COMMUNICATIONS,2018-2019,1008678.17,1026928.55
COUVERTURE MONTREAL NORD,2020-2021,48498.62,45867.90
COUVERTURE MONTREAL NORD,2021-2022,6928.38,6571.16
CRANDALL ENGINEERING,2017-2018,23428.81,24147.08
CRESTLINE COACH,2017-2018,2299893.41,2364354.95
CRESTLINE COACH,2018-2019,2740591.54,2804682.71
CRYE PRECISION,2018-2019,1302873.51,1316299.21
CRYE PRECISION,2019-2020,2807917.04,2802294.28
CRYPTOMILL TECHNOLOGIES,2020-2021,2053798.80,1942393.90
CRYPTOMILL TECHNOLOGIES,2021-2022,2914438.30,2757315.43
CRYPTOMILL TECHNOLOGIES,2024-2025,1275487.50,1040860.17
CSDC SYSTEMS,2018-2019,17768.92,18102.81
CSDC SYSTEMS,2019-2020,7193.24,7069.14
CSDC SYSTEMS,2020-2021,7193.24,6848.55
CSI CONSULTING,2017-2018,99948.06,102876.63
CSI CONSULTING,2018-2019,89933.07,91627.63
CSI CONSULTING,2019-2020,95151.06,94884.81
CSI CONSULTING,2021-2022,83203.81,75584.73
CSI CONSULTING,2022-2023,395524.23,357138.35
CSI CONSULTING,2023-2024,222849.75,193923.44
CTOMS,2017-2018,28999.00,29814.69
CTOMS,2018-2019,15573.42,15913.12
CTOMS,2019-2020,13880.35,13891.25
CTOMS,2020-2021,14106.92,13336.34
CTOMS,2021-2022,1363.39,1289.96
CTOMS,2022-2023,35216.56,31659.72
CTOMS,2023-2024,122361.35,105571.78
CTOMS,2024-2025,65653.00,54285.47
CTOMS,2025-2026,916372.58,254652.33
CUBE CONSTRUCTION,2020-2021,568409.78,540904.97
CUBE CONSTRUCTION,2021-2022,638678.60,600942.39
CUBE CONSTRUCTION,2022-2023,1375761.26,1237813.25
CUBE CONSTRUCTION,2023-2024,4017185.90,3493077.35
CUBE CONSTRUCTION,2024-2025,1901523.62,1584906.16
CUBE CONSTRUCTION,2025-2026,513994.69,414356.34
CUBIC DEFENSE APPLICATIONS,2017-2018,35140772.53,36216214.12
CUBIC DEFENSE APPLICATIONS,2018-2019,34493850.16,35124362.49
CUBIC DEFENSE APPLICATIONS,2019-2020,34578930.17,34301579.61
CUBIC DEFENSE APPLICATIONS,2020-2021,34417413.54,32768659.86
CUBIC DEFENSE APPLICATIONS,2021-2022,20208207.02,19047273.90
CUBIC DEFENSE APPLICATIONS,2022-2023,3546220.81,3202057.82
CUBIC DEFENSE APPLICATIONS,2023-2024,3555936.48,3082831.09
CUBIC DEFENSE APPLICATIONS,2024-2025,5742658.25,4756048.80
CUBIC DEFENSE APPLICATIONS,2025-2026,16188411.26,9509112.32
CULLEN DIESEL POWER,2020-2021,212149.86,202607.62
CULLEN DIESEL POWER,2021-2022,37391.69,34954.99
CULLEN DIESEL POWER,2022-2023,176866.72,159567.41
CULLEN DIESEL POWER,2023-2024,89938.48,78828.21
CULLEN DIESEL POWER,2024-2025,1733285.54,1414445.75
CULLEN DIESEL POWER,2025-2026,874903.01,203790.24
CUMMINS CANADA,2017-2018,12405.68,12760.22
CUMMINS CANADA,2018-2019,4054672.69,4121218.20
CUMMINS CANADA,2019-2020,602722.78,599003.67
CUMMINS CANADA,2020-2021,4127996.53,3938640.41
CUMMINS CANADA,2021-2022,262666.09,240697.32
CUMMINS CANADA,2022-2023,772150.05,696764.15
CUMMINS CANADA,2023-2024,613583.92,527762.27
CUMMINS CANADA,2024-2025,70421.96,58175.72
CUMMINS CANADA,2025-2026,83671.99,62980.36
CUSTOM HELICOPTERS,2017-2018,53268.60,55042.95
CUSTOM HELICOPTERS,2019-2020,59184.02,58046.17
D DOYLE INSTALLATIONS,2017-2018,47519.49,49170.79
D DOYLE INSTALLATIONS,2020-2021,17782.92,17085.31
D DOYLE INSTALLATIONS,2022-2023,50806.50,45675.09
D DOYLE INSTALLATIONS,2025-2026,70884.34,55994.44
D F BARNES,2025-2026,11724.43,1418.09
DADS,2017-2018,67693513.72,69697766.91
DAIMLER,2017-2018,1807421.02,1861499.14
DAIMLER,2018-2019,8472177.48,8583112.74
DAIMLER,2019-2020,96776.51,97009.40
DALCON CONSTRUCTORS,2019-2020,1159064.04,1145198.73
DALCON CONSTRUCTORS,2020-2021,1396185.59,1329012.15
DALCON CONSTRUCTORS,2021-2022,262034.57,248524.54
DALHOUSIE UNIVERSITY,2017-2018,103302.84,106317.84
DALHOUSIE UNIVERSITY,2018-2019,167699.94,171194.39
DALHOUSIE UNIVERSITY,2019-2020,1543460.44,1527966.52
DALHOUSIE UNIVERSITY,2020-2021,1876757.80,1786891.32
DALHOUSIE UNIVERSITY,2021-2022,2137126.85,1991313.19
DALHOUSIE UNIVERSITY,2022-2023,1976017.22,1788334.03
DALHOUSIE UNIVERSITY,2023-2024,854106.33,738898.11
DALHOUSIE UNIVERSITY,2024-2025,1765127.48,1461652.63
DALHOUSIE UNIVERSITY,2025-2026,5813392.69,3791732.71
DALIAN ENTERPRISES,2017-2018,37118.00,38271.92
DALIAN ENTERPRISES,2018-2019,87806.48,89280.38
DALIAN ENTERPRISES,2019-2020,259375.35,256882.14
DALIAN ENTERPRISES,2020-2021,293871.96,279794.13
DALIAN ENTERPRISES,2021-2022,1796510.11,1633891.01
DALIAN ENTERPRISES,2022-2023,40178.47,36182.75
DALIAN ENTERPRISES,2023-2024,101002.54,86926.58
DALIAN ENTERPRISES,2024-2025,46347.59,38948.53
DARE HUMAN RESOURCES,2017-2018,451452.37,465317.24
DARE HUMAN RESOURCES,2018-2019,55423.55,56837.98
DARE HUMAN RESOURCES,2021-2022,65476.46,59986.01
DARE HUMAN RESOURCES,2022-2023,191502.21,173209.97
DARE HUMAN RESOURCES,2023-2024,44045.93,38722.14
DASCO EQUIPMENT,2019-2020,116581.25,116440.59
DASCO EQUIPMENT,2020-2021,13748.25,13220.45
DASCO EQUIPMENT,2021-2022,330561.06,303701.08
DASCO EQUIPMENT,2022-2023,17020.00,15300.99
DASCO STORAGE SOLUTIONS,2017-2018,373740.37,384462.49
DASCO STORAGE SOLUTIONS,2018-2019,510249.40,518849.82
DASCO STORAGE SOLUTIONS,2019-2020,366547.00,358941.30
DASCO STORAGE SOLUTIONS,2020-2021,707508.94,672255.70
DASCO STORAGE SOLUTIONS,2021-2022,443008.33,415779.34
DASCO STORAGE SOLUTIONS,2022-2023,802601.37,721770.61
DASCO STORAGE SOLUTIONS,2023-2024,1113413.23,971160.87
DASCO STORAGE SOLUTIONS,2024-2025,1523230.39,1258397.36
DASCO STORAGE SOLUTIONS,2025-2026,864126.44,493516.91
DATA CENTRE INTELLIGENCE,2018-2019,18362.50,18664.63
DATA CENTRE INTELLIGENCE,2020-2021,95834.80,92117.25
DATA CENTRE INTELLIGENCE,2021-2022,22614.70,21119.64
DATA CENTRE INTELLIGENCE,2022-2023,84281.82,75769.43
DATA CENTRE INTELLIGENCE,2023-2024,114337.71,98288.82
DATA CENTRE INTELLIGENCE,2024-2025,2031341.17,1683857.96
DATA CENTRE INTELLIGENCE,2025-2026,1903084.41,1260880.57
DATA COMMUNICATIONS MANAGEMENT,2017-2018,36612.74,37771.72
DATA COMMUNICATIONS MANAGEMENT,2025-2026,24712.61,4346.44
DATIFEX,2020-2021,945682.33,898442.07
DATIFEX,2021-2022,1800018.35,1686082.33
DATIFEX,2022-2023,1091285.03,986099.38
DATIFEX,2023-2024,1575208.50,1362091.42
DATIFEX,2024-2025,975455.52,808920.03
DATIFEX,2025-2026,515788.81,415963.28
DAVTAIR INDUSTRIES,2017-2018,3294005.34,3398995.36
DAVTAIR INDUSTRIES,2018-2019,518238.03,524442.85
DAVTAIR INDUSTRIES,2019-2020,1816048.81,1789909.37
DAVTAIR INDUSTRIES,2020-2021,1052332.48,1001441.63
DAVTAIR INDUSTRIES,2021-2022,81171.34,76986.29
DBC MARINE SAFETY SYSTEMS,2017-2018,142557.48,147136.40
DBC MARINE SAFETY SYSTEMS,2018-2019,778577.47,789103.30
DBC MARINE SAFETY SYSTEMS,2019-2020,1410689.87,1399368.95
DBC MARINE SAFETY SYSTEMS,2020-2021,1056090.23,1008532.05
DBC MARINE SAFETY SYSTEMS,2022-2023,1234.53,1109.84
DBC MARINE SAFETY SYSTEMS,2023-2024,79904.22,70368.37
DBC MARINE SAFETY SYSTEMS,2024-2025,88509.47,72986.30
DBC MARINE SAFETY SYSTEMS,2025-2026,212944.96,91574.08
DECAREL,2017-2018,15417528.75,15887938.70
DECAREL,2018-2019,17530834.87,17851280.62
DECAREL,2019-2020,8165046.38,8176365.57
DECISIVE GROUP,2017-2018,12350240.66,12711057.17
DECISIVE GROUP,2018-2019,25159597.50,25532239.93
DECISIVE GROUP,2019-2020,6090640.26,6022532.14
DECISIVE GROUP,2020-2021,9673733.74,9182227.87
DECISIVE GROUP,2021-2022,10031145.57,9149086.47
DECISIVE GROUP,2022-2023,15541512.94,14000270.64
DECISIVE GROUP,2023-2024,12945134.51,11139553.27
DECISIVE GROUP,2024-2025,18811359.76,15462227.30
DECISIVE GROUP,2025-2026,38165333.06,11057876.24
DECONTIE MILESTONE,2020-2021,152971.70,144291.22
DECONTIE MILESTONE,2021-2022,82028.30,77799.07
DEFENCE CONSTRUCTION CANADA,2017-2018,2167724.20,2232235.17
DEFENCE CONSTRUCTION CANADA,2018-2019,1667119.29,1697885.58
DEFENCE CONSTRUCTION CANADA,2019-2020,14362479.86,14203916.82
DEFENCE CONSTRUCTION CANADA,2020-2021,8494125.47,8089528.69
DEFENCE CONSTRUCTION CANADA,2022-2023,153540.68,138357.54
DEFENCE CONSTRUCTION CANADA,2023-2024,21136236.84,18324131.62
DEFENCE CONSTRUCTION CANADA,2024-2025,305755.54,253555.16
DEFENCE CONSTRUCTION CANADA,2025-2026,5290496.87,3553188.33
DEFENSE INFORMATION SYSTEMS AGENCY,2017-2018,1273176.04,1312197.92
DEFENSE INFORMATION SYSTEMS AGENCY,2018-2019,1273176.04,1296448.40
DEFENSE INFORMATION SYSTEMS AGENCY,2019-2020,1276664.20,1266418.84
DEFENSE INFORMATION SYSTEMS AGENCY,2020-2021,1252351.50,1192542.16
DEFENSE INFORMATION SYSTEMS AGENCY,2021-2022,895611.66,843263.77
DELCO AUTOMATION,2017-2018,104236.77,107109.23
DELCO AUTOMATION,2018-2019,200320.91,204747.91
DELCO AUTOMATION,2019-2020,99767.70,99744.83
DELCO AUTOMATION,2020-2021,55070.72,51945.70
DELCO AUTOMATION,2022-2023,30187.81,27276.81
DELCO AUTOMATION,2023-2024,4854.40,4161.64
DELCO AUTOMATION,2024-2025,40531.65,33783.33
DELL COMPUTER,2017-2018,2019068.94,2079417.07
DELL COMPUTER,2018-2019,3156792.39,3213940.97
DELL COMPUTER,2019-2020,558427.68,554838.55
DELL COMPUTER,2020-2021,2134926.18,2036274.02
DELL COMPUTER,2021-2022,1701625.62,1568419.95
DELL COMPUTER,2022-2023,1531146.72,1379444.89
DELL COMPUTER,2023-2024,1084807.34,941583.51
DELL COMPUTER,2024-2025,566371.48,469126.90
DELL COMPUTER,2025-2026,626542.15,214887.16
DELOITTE,2017-2018,821460.69,844722.91
DELOITTE,2018-2019,2887312.78,2935595.09
DELOITTE,2019-2020,6569609.08,6561498.40
DELOITTE,2020-2021,4541102.07,4325608.16
DELOITTE,2021-2022,3697589.44,3452502.75
DELOITTE,2022-2023,3708259.44,3348081.75
DELOITTE,2023-2024,2962081.88,2566699.18
DELOITTE,2024-2025,619105.18,511130.69
DELOITTE,2025-2026,14314717.01,9495920.13
DELTA PHOTONICS,2017-2018,60063.25,61897.56
DELTA PHOTONICS,2018-2019,118971.08,120470.33
DELTA PHOTONICS,2019-2020,89616.66,87481.92
DELTA PHOTONICS,2020-2021,141405.13,133531.53
DELTA PHOTONICS,2021-2022,291771.26,266093.66
DELTA PHOTONICS,2022-2023,612509.05,550646.17
DELTA PHOTONICS,2023-2024,654732.98,565694.53
DELTA PHOTONICS,2024-2025,595701.95,500632.88
DELTA PHOTONICS,2025-2026,944426.79,525470.98
DETON CHO LOGISTICS,2017-2018,24116.40,24780.98
DETON CHO LOGISTICS,2019-2020,378741.04,372864.57
DETON CHO LOGISTICS,2020-2021,1460592.35,1385153.94
DETON CHO LOGISTICS,2021-2022,648551.00,600240.44
DETON CHO LOGISTICS,2022-2023,238985.92,215685.85
DETON CHO LOGISTICS,2023-2024,66774.85,58701.21
DEW ENGINEERING,2017-2018,10842495.49,11174219.67
DEW ENGINEERING,2018-2019,17380420.83,17700943.28
DEW ENGINEERING,2019-2020,16871509.78,16749366.57
DEW ENGINEERING,2020-2021,7409652.79,7054410.07
DEW ENGINEERING,2021-2022,7399335.90,6888488.48
DEW ENGINEERING,2022-2023,14646809.00,13204742.52
DEW ENGINEERING,2023-2024,20257525.44,17560371.95
DEW ENGINEERING,2024-2025,17726626.21,14730603.58
DEW ENGINEERING,2025-2026,11470604.28,7975314.68
DEXTER CONSTRUCTION,2017-2018,28260112.62,29146183.92
DEXTER CONSTRUCTION,2018-2019,2494681.31,2535105.14
DEXTER CONSTRUCTION,2019-2020,319856.42,319073.34
DEXTER CONSTRUCTION,2020-2021,4277034.24,4100560.00
DEXTER CONSTRUCTION,2021-2022,1494492.57,1390040.67
DEXTER CONSTRUCTION,2022-2023,4493180.77,4041318.69
DEXTER CONSTRUCTION,2023-2024,15288908.21,13160479.12
DEXTER CONSTRUCTION,2024-2025,43006622.17,35839814.79
DEXTER CONSTRUCTION,2025-2026,2485766.71,1475828.01
DEXTERRA,2017-2018,6275371.61,6465994.49
DEXTERRA,2018-2019,12163823.81,12372597.61
DEXTERRA,2019-2020,11118959.44,11029708.37
DEXTERRA,2020-2021,11809227.85,11238292.86
DEXTERRA,2021-2022,11455988.06,10685112.75
DEXTERRA,2022-2023,14379984.55,12989090.13
DEXTERRA,2023-2024,5845724.06,5061918.34
DEXTERRA,2024-2025,14962525.43,12383097.01
DEXTERRA,2025-2026,7943825.06,5594250.61
DF BARNES SERVICES,2025-2026,1356549.20,311241.92
DILIGENS,2017-2018,40789.47,42006.39
DILIGENS,2018-2019,38167.21,38659.26
DILIGENS,2019-2020,189538.81,188017.74
DILIGENS,2020-2021,142413.04,136002.86
DILLON CONSULTING,2017-2018,946573.40,973923.14
DILLON CONSULTING,2018-2019,1323089.81,1351828.85
DILLON CONSULTING,2019-2020,664786.40,655260.37
DILLON CONSULTING,2020-2021,778712.77,739641.53
DILLON CONSULTING,2021-2022,1202214.05,1120825.94
DILLON CONSULTING,2022-2023,1484773.76,1338575.50
DILLON CONSULTING,2023-2024,1052259.77,911020.13
DILLON CONSULTING,2024-2025,4322568.54,3582065.82
DILLON CONSULTING,2025-2026,793110.69,607096.12
DIRECT ENERGY BUSINESS,2017-2018,3989991.39,4111543.62
DIRECT ENERGY BUSINESS,2018-2019,6007994.92,6099521.59
DIRECT ENERGY BUSINESS,2019-2020,11582283.38,11504997.99
DIRECT ENERGY BUSINESS,2020-2021,7440452.66,7074113.34
DIRECT ENERGY BUSINESS,2021-2022,7817222.67,7281229.67
DIRECT ENERGY BUSINESS,2022-2023,11938706.70,10781547.55
DIRECT ENERGY BUSINESS,2023-2024,19810957.25,17183541.24
DIRECT ENERGY BUSINESS,2024-2025,13390168.61,11103781.64
DIRECT ENERGY BUSINESS,2025-2026,7824251.07,5222486.47
DLS TECHNOLOGY,2020-2021,222241.02,211950.19
DLS TECHNOLOGY,2021-2022,309849.65,288463.85
DLS TECHNOLOGY,2022-2023,473070.60,426961.55
DLS TECHNOLOGY,2023-2024,555792.50,478127.71
DLS TECHNOLOGY,2024-2025,1151365.78,954226.60
DLS TECHNOLOGY,2025-2026,322456.21,213597.60
DMTI SPATIAL,2022-2023,83542.63,75104.89
DMTI SPATIAL,2023-2024,346828.47,301813.83
DNR CONSULTING GROUP,2017-2018,689958.54,712421.81
DNR CONSULTING GROUP,2018-2019,171141.47,172903.00
DNR CONSULTING GROUP,2019-2020,153190.77,152074.38
DNR CONSULTING GROUP,2020-2021,42841.68,40816.99
DO ALL CONSTRUCTION,2017-2018,653660.50,674681.86
DO ALL CONSTRUCTION,2018-2019,58444.23,59366.51
DO ALL CONSTRUCTION,2019-2020,71922.50,71993.03
DO ALL CONSTRUCTION,2020-2021,2488988.68,2382971.88
DO ALL CONSTRUCTION,2021-2022,1125242.86,1052836.78
DO ALL CONSTRUCTION,2022-2023,5310784.23,4777992.92
DO ALL CONSTRUCTION,2023-2024,5174193.13,4541298.51
DON SAYWELL DEVELOPMENTS,2017-2018,335741.90,345629.55
DON SAYWELL DEVELOPMENTS,2018-2019,1560226.02,1585892.11
DON SAYWELL DEVELOPMENTS,2019-2020,1581207.28,1571727.87
DON SAYWELL DEVELOPMENTS,2020-2021,667468.38,634179.21
DON SAYWELL DEVELOPMENTS,2021-2022,2714235.75,2541549.98
DON SAYWELL DEVELOPMENTS,2022-2023,2415615.03,2180253.67
DON SAYWELL DEVELOPMENTS,2023-2024,2301308.51,2003685.58
DON SAYWELL DEVELOPMENTS,2024-2025,1099274.66,905144.09
DON SAYWELL DEVELOPMENTS,2025-2026,3897958.73,2048671.97
DONNA CONA,2017-2018,286817.27,295478.55
DONNA CONA,2018-2019,324806.40,330165.82
DONNA CONA,2019-2020,286146.48,283678.94
DONNA CONA,2020-2021,1040222.97,986966.46
DONNA CONA,2021-2022,1443912.67,1330631.84
DONNA CONA,2022-2023,732564.91,659857.94
DONNA CONA,2023-2024,769428.85,660684.69
DONNA CONA,2024-2025,1827987.90,1516207.37
DONNA CONA,2025-2026,6763669.71,4464495.53
DRAEGER,2017-2018,264620.60,272869.93
DRAEGER,2018-2019,471686.13,477996.03
DRAEGER,2019-2020,388466.18,385889.01
DRAEGER,2020-2021,292425.82,278144.43
DRAEGER,2021-2022,288439.27,268892.57
DRAEGER,2022-2023,5542570.35,5001126.00
DRAEGER,2023-2024,990142.03,870161.49
DRAEGER,2024-2025,684038.88,562036.86
DRAEGER,2025-2026,268072.40,183152.01
DRAGAGE IM,2025-2026,13752.90,0.00
DRAGAGE OCEAN DSM,2024-2025,3332302.31,2744617.03
DRAGAGE OCEAN DSM,2025-2026,5175703.58,3476091.19
DRAPEAUX ET BANNIERES L ETENDARD,2017-2018,15895.89,16342.89
DRAPEAUX ET BANNIERES L ETENDARD,2018-2019,21697.83,22251.57
DRAPEAUX ET BANNIERES L ETENDARD,2019-2020,22317.02,22341.39
DRAPEAUX ET BANNIERES L ETENDARD,2024-2025,10064.25,8487.35
DSS MARINE,2017-2018,51187.63,52891.09
DSS MARINE,2019-2020,107910.91,105855.53
DSS MARINE,2020-2021,181144.22,172521.52
DSS MARINE,2021-2022,149409.26,140447.99
DSS MARINE,2022-2023,27545.35,24882.66
DSS MARINE,2023-2024,25371.56,21995.96
DSS MARINE,2024-2025,25302.24,20982.49
DSS MARINE,2025-2026,25302.24,16993.42
DST CONSULTING ENGINEERS,2017-2018,101955.07,104808.45
DST CONSULTING ENGINEERS,2018-2019,820104.86,833281.70
DST CONSULTING ENGINEERS,2019-2020,324660.69,322257.07
DST CONSULTING ENGINEERS,2020-2021,605738.65,576815.95
DST CONSULTING ENGINEERS,2021-2022,218438.70,204285.98
DST CONSULTING ENGINEERS,2022-2023,73160.42,66138.67
DUFFERIN CONSTRUCTION COMPANY,2019-2020,3155868.00,3128476.74
DWP SOLUTIONS,2017-2018,4327745.50,4460387.61
DWP SOLUTIONS,2018-2019,2022278.33,2068003.26
DYMECH ENGINEERING,2018-2019,457212.75,462943.73
DYMECH ENGINEERING,2019-2020,919449.82,912071.14
DYMECH ENGINEERING,2020-2021,916937.66,873012.09
DYMECH ENGINEERING,2021-2022,916937.66,855504.42
DYMECH ENGINEERING,2022-2023,1228507.48,1108180.15
DYMECH ENGINEERING,2023-2024,3412682.84,2956708.86
DYMECH ENGINEERING,2024-2025,2796945.57,2326861.38
DYMECH ENGINEERING,2025-2026,675504.89,530138.66
DYNABOOK CANADA,2019-2020,5726794.28,5635018.88
DYNABOOK CANADA,2020-2021,961782.22,912451.42
DYNABOOK CANADA,2021-2022,8824110.87,8002409.05
DYNABOOK CANADA,2022-2023,6847265.97,6177939.38
DYNABOOK CANADA,2023-2024,19469546.83,16868169.42
DYNABOOK CANADA,2024-2025,1524369.45,1259327.26
DYNABOOK CANADA,2025-2026,5861939.68,2694079.50
DYNACARE,2017-2018,423725.14,436711.99
DYNACARE,2021-2022,222027.25,207151.81
DYNACARE,2022-2023,222027.25,200479.37
DYNACARE,2023-2024,222635.55,193014.64
DYNACARE,2024-2025,222027.25,184121.46
DYNACARE,2025-2026,222027.25,149117.31
DYNAMIC FACILITY SERVICES,2018-2019,2065695.29,2100573.97
DYNAMIC FACILITY SERVICES,2019-2020,2517802.24,2497596.62
DYNAMIC FACILITY SERVICES,2020-2021,2550923.00,2428615.31
DYNAMIC FACILITY SERVICES,2021-2022,30000.00,27990.05
DYNAMIC PERSONNEL CONSULTANTS,2017-2018,776329.04,799822.94
DYNAMIC PERSONNEL CONSULTANTS,2018-2019,822158.53,837578.25
DYNAMIC PERSONNEL CONSULTANTS,2019-2020,911638.21,904356.42
DYNAMIC PERSONNEL CONSULTANTS,2020-2021,542822.54,516139.66
DYNAMIC PERSONNEL CONSULTANTS,2021-2022,799974.63,748185.73
DYNAMIC PERSONNEL CONSULTANTS,2022-2023,491047.18,443663.75
DYNAMIC PERSONNEL CONSULTANTS,2023-2024,66895.02,58269.17
E CONSTRUCTION,2017-2018,193765.66,199924.06
E CONSTRUCTION,2018-2019,504830.76,516180.45
E CONSTRUCTION,2019-2020,148253.25,148426.61
E CONSTRUCTION,2020-2021,125525.99,120713.77
E CONSTRUCTION,2021-2022,177468.36,165432.84
E CONSTRUCTION,2022-2023,279316.41,252722.04
E CONSTRUCTION,2023-2024,363788.29,319054.36
EAGLE PROFESSIONAL RESOURCES,2019-2020,117008.91,114927.26
EAGLE PROFESSIONAL RESOURCES,2020-2021,231940.74,221013.34
EASTPOINT ENGINEERING,2017-2018,504665.65,519486.72
EASTPOINT ENGINEERING,2018-2019,2468178.86,2506713.57
EASTPOINT ENGINEERING,2019-2020,5435247.96,5384871.33
EASTPOINT ENGINEERING,2020-2021,2600500.82,2470093.55
EASTPOINT ENGINEERING,2021-2022,2483445.54,2312495.41
EASTPOINT ENGINEERING,2022-2023,6264022.14,5646091.08
EASTPOINT ENGINEERING,2023-2024,6228731.21,5394823.23
EASTPOINT ENGINEERING,2024-2025,6006443.31,4990229.40
EASTPOINT ENGINEERING,2025-2026,4736379.36,3038033.06
EASTWAY CONTRACTING,2017-2018,1810178.86,1864318.81
EASTWAY CONTRACTING,2018-2019,805730.66,815230.06
EASTWAY CONTRACTING,2019-2020,3144832.70,3126838.35
EASTWAY CONTRACTING,2020-2021,1818242.82,1735726.24
EASTWAY CONTRACTING,2021-2022,340576.92,319405.29
EASTWAY CONTRACTING,2022-2023,70374.14,63266.41
EBC,2020-2021,24816531.46,23662546.55
EBC,2021-2022,42525981.15,39676813.99
EBC,2022-2023,42525981.15,38398807.64
EBC,2023-2024,42642490.68,36969050.72
EBC,2024-2025,14214163.56,11940600.11
EBSCO CANADA,2017-2018,1877379.92,1934777.71
EBSCO CANADA,2018-2019,1990543.25,2026659.15
EBSCO CANADA,2019-2020,2133217.12,2115420.65
EBSCO CANADA,2020-2021,2592687.51,2465578.66
EBSCO CANADA,2021-2022,2593368.83,2405650.94
EBSCO CANADA,2022-2023,2557919.59,2307832.77
EBSCO CANADA,2023-2024,2805732.81,2431274.09
EBSCO CANADA,2024-2025,2867277.68,2378909.63
EBSCO CANADA,2025-2026,2759937.62,1904000.46
ECLIPSYS SOLUTIONS,2017-2018,6793174.02,6993427.96
ECLIPSYS SOLUTIONS,2018-2019,3141626.99,3186790.32
ECLIPSYS SOLUTIONS,2019-2020,410826.49,407646.85
ECLIPSYS SOLUTIONS,2020-2021,921255.01,870462.88
ECLIPSYS SOLUTIONS,2021-2022,639273.02,593995.73
ECLIPSYS SOLUTIONS,2022-2023,5127905.39,4610994.31
ECLIPSYS SOLUTIONS,2023-2024,907225.34,785602.16
ECLIPSYS SOLUTIONS,2024-2025,1870214.07,1537271.99
ECLIPSYS SOLUTIONS,2025-2026,1642452.54,423520.52
ECOLE DE LANGUES ABCE,2017-2018,88433.00,91140.47
ECOLE DE LANGUES ABCE,2018-2019,49213.98,50054.80
ECOLE DE LANGUES ABCE,2019-2020,49597.67,49262.95
ECOLE DE LANGUES ABCE,2020-2021,6794.12,6402.74
ECOLE DE LANGUES ABCE,2024-2025,100674.62,82674.62
ECOLE DE LANGUES ABCE,2025-2026,46716.45,30336.08
ECOLE DE LANGUES EAGLE,2017-2018,45323.20,46763.46
ECOLE DE LANGUES EAGLE,2018-2019,10488.88,10581.87
ECOLE DE LANGUES EAGLE,2019-2020,140900.68,138621.15
ECOLE DE LANGUES EAGLE,2020-2021,99083.61,94035.20
ECOLE DE LANGUES EAGLE,2021-2022,100414.92,94082.59
ECOLE DE LANGUES EAGLE,2022-2023,159118.18,143490.56
ECOLE DE LANGUES EAGLE,2023-2024,122971.13,107322.89
ECOLE DE LANGUES EAGLE,2024-2025,10678.50,8970.30
ECOLE DE LANGUES EAGLE,2025-2026,48446.48,30456.04
ECOLE DE LANGUES LA CITE,2017-2018,668861.66,689739.12
ECOLE DE LANGUES LA CITE,2018-2019,716139.85,728460.49
ECOLE DE LANGUES LA CITE,2019-2020,698445.17,691622.55
ECOLE DE LANGUES LA CITE,2020-2021,444618.52,422229.70
ECOLE DE LANGUES LA CITE,2021-2022,314546.19,292879.63
ECOLE DE LANGUES LA CITE,2022-2023,350874.21,316668.43
ECOLE DE LANGUES LA CITE,2023-2024,351662.77,303703.58
ECOLE DE LANGUES LA CITE,2024-2025,417184.30,346331.38
ECOLE DE LANGUES LA CITE,2025-2026,279178.13,211590.87
ECOPIA TECH,2018-2019,96570.81,97394.39
ECOPIA TECH,2019-2020,326661.04,321678.39
ECOPIA TECH,2020-2021,747240.30,712073.74
ECOPIA TECH,2021-2022,635427.33,578125.52
ECOPIA TECH,2022-2023,2296346.29,2073484.42
ECOPIA TECH,2023-2024,2302637.65,1996279.45
ECOPIA TECH,2024-2025,572513.73,482810.58
EFFIGIS GEO SOLUTIONS,2017-2018,76912.63,79296.36
EFFIGIS GEO SOLUTIONS,2021-2022,24752.20,22447.27
ELBIT SYSTEMS,2017-2018,14379430.35,14820148.94
ELBIT SYSTEMS,2018-2019,14445465.55,14708940.47
ELBIT SYSTEMS,2019-2020,15192326.92,15062332.80
ELBIT SYSTEMS,2020-2021,868114.86,819255.05
ELBIT SYSTEMS,2021-2022,196365.20,181741.02
ELBIT SYSTEMS,2022-2023,1411106.15,1271985.78
ELBIT SYSTEMS,2023-2024,1803451.13,1563014.45
ELBIT SYSTEMS,2024-2025,736611.13,616601.23
ELBIT SYSTEMS,2025-2026,12808.41,10338.11
ELITE ENVIRONMENTAL GROUP,2017-2018,125479.08,129331.16
ELITE ENVIRONMENTAL GROUP,2018-2019,68432.77,70107.27
ELITE ENVIRONMENTAL GROUP,2019-2020,138086.22,136661.87
ELITE ENVIRONMENTAL GROUP,2021-2022,40380.78,37027.20
ELITE ENVIRONMENTAL GROUP,2023-2024,25081.97,21466.59
ELITE ENVIRONMENTAL GROUP,2024-2025,34918.03,29173.46
ELLICE RECYCLE,2017-2018,485372.34,500248.63
ELLICE RECYCLE,2019-2020,838231.94,828270.16
ELLICE RECYCLE,2020-2021,1112562.39,1059265.50
ELLICE RECYCLE,2021-2022,1112562.39,1038022.64
ELLICE RECYCLE,2022-2023,1112562.39,1004587.51
ELLICE RECYCLE,2023-2024,1115610.51,967182.28
ELLICE RECYCLE,2024-2025,1112562.39,922619.22
ELLICE RECYCLE,2025-2026,277378.57,224935.33
ELLISDON,2017-2018,5588383.72,5769522.89
ELLISDON,2018-2019,1633292.34,1656385.02
ELLISDON,2019-2020,2953541.86,2927819.63
ELLISDON,2020-2021,8383737.95,7987971.80
ELLISDON,2021-2022,10091114.58,9415027.37
ELLISDON,2022-2023,52354784.42,47106841.40
ELLISDON,2023-2024,152514614.68,132170867.77
ELLISDON,2024-2025,160547671.55,133133316.13
ELLISDON,2025-2026,155265456.07,104862537.15
ELSEVIER,2017-2018,231333.46,238366.83
ELSEVIER,2018-2019,479518.95,487594.58
ELSEVIER,2019-2020,623274.79,619445.18
ELSEVIER,2020-2021,305561.07,291744.04
ELSEVIER,2021-2022,133735.56,121854.10
ELSEVIER,2022-2023,368475.59,333137.24
ELSEVIER,2023-2024,41684.79,36138.77
ELSEVIER,2024-2025,41570.90,34473.67
ELSEVIER,2025-2026,61644.76,35102.82
EMCEE CONSTRUCTION AND MANAGEMENT,2019-2020,303648.77,297785.64
EMCEE CONSTRUCTION AND MANAGEMENT,2020-2021,2292597.90,2191288.98
EMCEE CONSTRUCTION AND MANAGEMENT,2021-2022,2015160.82,1887072.99
EMCEE CONSTRUCTION AND MANAGEMENT,2022-2023,620316.47,562226.27
EMCEE CONSTRUCTION AND MANAGEMENT,2023-2024,99540.00,87217.34
EMCON SERVICES,2017-2018,2377791.73,2444595.08
EMCON SERVICES,2018-2019,5463293.25,5541798.48
EMCON SERVICES,2019-2020,1253048.33,1230839.59
EMCON SERVICES,2020-2021,2090409.88,1985840.90
EMCON SERVICES,2021-2022,3732401.13,3465828.33
EMCON SERVICES,2022-2023,3586253.18,3234252.52
EMCON SERVICES,2023-2024,4675425.40,4041342.14
EMCON SERVICES,2024-2025,8192725.28,6794684.29
EMCON SERVICES,2025-2026,4186079.48,2721113.58
EMERGENCY MEDICAL TECHNOLOGY,2017-2018,1555479.87,1603154.14
EMERGENCY MEDICAL TECHNOLOGY,2018-2019,1555479.87,1583912.45
EMERGENCY MEDICAL TECHNOLOGY,2019-2020,1559741.45,1547224.37
EMERGENCY MEDICAL TECHNOLOGY,2020-2021,1555479.87,1480965.17
EMERGENCY MEDICAL TECHNOLOGY,2021-2022,1363708.38,1277351.69
EMERGENT BIOSOLUTIONS,2017-2018,1607831.50,1653733.19
EMERGENT BIOSOLUTIONS,2018-2019,3956035.99,4028772.43
EMERGENT BIOSOLUTIONS,2019-2020,4067775.97,4032610.13
EMERGENT BIOSOLUTIONS,2020-2021,4506595.12,4292101.08
EMERGENT BIOSOLUTIONS,2021-2022,4226095.02,3935336.25
EMERGENT BIOSOLUTIONS,2022-2023,9248558.15,8336550.67
EMERGENT BIOSOLUTIONS,2023-2024,12446301.26,10790906.29
EMERGENT BIOSOLUTIONS,2024-2025,12378286.12,10264992.54
EMERGENT BIOSOLUTIONS,2025-2026,12622688.02,8313469.02
EMMANUEL CONSTRUCTION SERVICES,2017-2018,632244.00,652973.30
EMMANUEL CONSTRUCTION SERVICES,2022-2023,1134420.00,1024379.90
EMMONS MITCHELL CONSTRUCTION,2017-2018,1849615.54,1905565.68
EMMONS MITCHELL CONSTRUCTION,2018-2019,3740392.72,3804054.56
EMMONS MITCHELL CONSTRUCTION,2019-2020,4141327.38,4111196.09
EMMONS MITCHELL CONSTRUCTION,2020-2021,7237537.37,6885553.57
EMMONS MITCHELL CONSTRUCTION,2021-2022,15640092.28,14640760.81
EMMONS MITCHELL CONSTRUCTION,2022-2023,1762025.13,1591233.06
EMPOWERED NETWORKS,2017-2018,212775.42,219200.10
EMPOWERED NETWORKS,2018-2019,309325.61,314357.41
EMPOWERED NETWORKS,2019-2020,72777.94,71878.08
EMPOWERED NETWORKS,2020-2021,251767.26,239220.77
EMPOWERED NETWORKS,2021-2022,61127.91,57089.13
EMPOWERED NETWORKS,2024-2025,12338.15,10147.47
EMPOWERED NETWORKS,2025-2026,22517.12,15122.88
EMS TECHNOLOGIES,2017-2018,1271053.69,1310010.52
EMS TECHNOLOGIES,2018-2019,1271053.69,1294287.26
EMS TECHNOLOGIES,2019-2020,1274536.03,1264307.75
EMS TECHNOLOGIES,2020-2021,1024338.13,975267.58
EMS TECHNOLOGIES,2022-2023,113037.86,101621.13
EMS TECHNOLOGIES,2023-2024,459687.28,398527.44
EMS TECHNOLOGIES,2024-2025,458431.31,380165.23
EMTEC,2017-2018,12265.56,12614.96
EMTEC,2018-2019,17615.38,17945.15
EMTEC,2019-2020,2719.06,2728.95
ENERGERE CONSULTANTS,2021-2022,1512982.60,1405573.86
ENERGERE CONSULTANTS,2022-2023,1904271.20,1719460.47
ENERGERE CONSULTANTS,2023-2024,1909488.38,1655437.38
ENERGERE CONSULTANTS,2024-2025,1904271.20,1579162.86
ENERGERE CONSULTANTS,2025-2026,1904271.20,1278941.16
ENGLOBE,2017-2018,1663031.63,1713729.37
ENGLOBE,2018-2019,1886190.29,1921234.91
ENGLOBE,2019-2020,1071315.72,1059734.47
ENGLOBE,2020-2021,2633911.40,2511140.35
ENGLOBE,2021-2022,2336958.12,2172017.41
ENGLOBE,2022-2023,3114165.05,2810883.46
ENGLOBE,2023-2024,3656275.35,3160939.59
ENGLOBE,2024-2025,5930642.37,4930403.57
ENGLOBE,2025-2026,6833631.05,4300465.94
ENMAX,2017-2018,6001400.37,6181780.21
ENMAX,2018-2019,8506701.71,8665849.82
ENMAX,2019-2020,12911217.93,12803216.61
ENMAX,2020-2021,9242399.73,8775879.34
ENMAX,2021-2022,10961817.68,10227255.80
ENMAX,2022-2023,21465654.12,19377654.10
ENMAX,2023-2024,59229.32,51307.74
ENMAX,2024-2025,70901.99,58685.27
ENMAX,2025-2026,79189.36,36394.50
ENTREPRISE DE CONSTRUCTION T E Q,2017-2018,10245365.25,10559377.89
ENTREPRISE DE CONSTRUCTION T E Q,2018-2019,3171852.80,3250922.16
ENTRUST,2017-2018,290591.11,298648.69
ENTRUST,2018-2019,174142.87,178043.46
ENTRUST,2019-2020,67266.19,66726.37
ENTRUST,2020-2021,50541.53,48266.60
ENTRUST,2022-2023,14947.84,13483.52
ENTRUST,2025-2026,10861.97,8579.08
ENVELOPPE CONCEPT,2017-2018,17889.77,18456.07
ENVIRONICS RESEARCH GROUP,2017-2018,62854.42,64932.63
ENVIRONICS RESEARCH GROUP,2019-2020,81466.54,80448.19
ENVIRONICS RESEARCH GROUP,2020-2021,47939.93,45552.68
ENVIROSAFE JANITORIAL,2017-2018,5097001.15,5252829.75
ENVIROSAFE JANITORIAL,2018-2019,5531656.94,5652158.73
ENVIROSAFE JANITORIAL,2019-2020,3337077.45,3300779.39
ENVIROSAFE JANITORIAL,2020-2021,5796856.97,5476977.81
ENVIROSAFE JANITORIAL,2021-2022,246809.94,228829.70
ENVIROSAFE JANITORIAL,2022-2023,265268.81,239524.30
ENVIROSAFE JANITORIAL,2023-2024,446815.50,385621.02
ENVIROSAFE JANITORIAL,2024-2025,2057739.52,1704317.78
ENVIROSAFE JANITORIAL,2025-2026,819240.38,578338.51
ENVIROSERVICES,2019-2020,23317.31,23070.36
ENVIROSERVICES,2020-2021,4741.19,4468.07
ERNST YOUNG,2017-2018,179470.68,185045.84
ERNST YOUNG,2018-2019,1681538.26,1717674.04
ERNST YOUNG,2019-2020,1335386.22,1317051.07
ERNST YOUNG,2020-2021,3543541.77,3357089.20
ERNST YOUNG,2021-2022,12979748.54,12064279.68
ERNST YOUNG,2022-2023,8561745.62,7729748.51
ERNST YOUNG,2023-2024,8411320.31,7275473.57
ERNST YOUNG,2024-2025,8001633.64,6632007.25
ERNST YOUNG,2025-2026,7049784.35,4728669.60
ESRI,2017-2018,2339467.82,2410043.35
ESRI,2018-2019,4460857.66,4532854.64
ESRI,2019-2020,5627389.46,5582816.92
ESRI,2020-2021,3679354.21,3501730.09
ESRI,2021-2022,4596423.19,4275565.51
ESRI,2022-2023,7087684.95,6395007.63
ESRI,2023-2024,11709311.09,10150120.00
ESRI,2024-2025,8872233.24,7365802.39
ESRI,2025-2026,10630316.87,7322151.29
ESSEX INDUSTRIES,2017-2018,480228.73,494368.46
ESSEX INDUSTRIES,2018-2019,765430.08,779421.36
ESSEX INDUSTRIES,2019-2020,767527.15,761367.66
ESSEX INDUSTRIES,2020-2021,765430.08,728762.43
ESSEX INDUSTRIES,2021-2022,765430.08,714147.59
ESSEX INDUSTRIES,2022-2023,1442772.31,1302290.85
ESSEX INDUSTRIES,2023-2024,540280.00,462739.86
ESSEX INDUSTRIES,2024-2025,466432.86,383794.14
ESSEX INDUSTRIES,2025-2026,1101569.69,642469.34
EUROVIA QUEBEC CONSTRUCTION,2017-2018,126728.56,130849.10
EVALUATION PERSONNEL SELECTION,2017-2018,24860.00,25551.88
EVOLUTION ROOFING,2017-2018,725402.75,745570.07
EVOLUTION ROOFING,2025-2026,1727561.67,737079.76
EVOLVECOMP CONSTRUCTION,2017-2018,1490548.05,1535242.26
EVOLVECOMP CONSTRUCTION,2018-2019,4154500.72,4247382.32
EVOLVECOMP CONSTRUCTION,2020-2021,2623879.72,2497576.78
EVOLVECOMP CONSTRUCTION,2021-2022,948747.47,899831.75
EVOLVECOMP CONSTRUCTION,2022-2023,2530708.57,2285025.09
EVOLVECOMP CONSTRUCTION,2023-2024,1294287.37,1121623.08
EVOLVECOMP CONSTRUCTION,2024-2025,293646.09,245722.85
EVRIPOS JANITORIAL SERVICES,2017-2018,973387.37,1003220.96
EVRIPOS JANITORIAL SERVICES,2018-2019,973387.37,991179.90
EVRIPOS JANITORIAL SERVICES,2019-2020,976054.19,968221.26
EVRIPOS JANITORIAL SERVICES,2020-2021,973387.37,926757.61
EVRIPOS JANITORIAL SERVICES,2021-2022,120006.66,113819.33
EVRIPOS JANITORIAL SERVICES,2022-2023,64523.61,58006.78
EVRIPOS JANITORIAL SERVICES,2023-2024,737988.79,639801.86
EVRIPOS JANITORIAL SERVICES,2024-2025,861814.90,714589.14
EXCALIBUR ENVIRONMENTAL SERVICES,2017-2018,726907.81,749582.64
EXCALIBUR ENVIRONMENTAL SERVICES,2018-2019,517000.00,526339.26
EXCALIBUR ENVIRONMENTAL SERVICES,2019-2020,468895.66,461804.55
EXCALIBUR ENVIRONMENTAL SERVICES,2020-2021,2113488.91,2012584.98
EXCALIBUR ENVIRONMENTAL SERVICES,2021-2022,56942.42,54006.58
EXCAVATION RENE ST PIERRE ENG,2021-2022,236791.55,214741.50
EXCAVATION RENE ST PIERRE ENG,2022-2023,742875.45,673780.54
EXCEL 7,2020-2021,9249520.00,8890206.99
EXCEL 7,2021-2022,1626135.25,1495514.51
EXCEL 7,2022-2023,1854364.75,1680780.71
EXCEL HUMAN RESOURCES,2017-2018,6063969.25,6248450.76
EXCEL HUMAN RESOURCES,2018-2019,5261800.53,5354850.45
EXCEL HUMAN RESOURCES,2019-2020,8977376.77,8905141.47
EXCEL HUMAN RESOURCES,2020-2021,7407754.23,7050903.16
EXCEL HUMAN RESOURCES,2021-2022,7814452.70,7281340.74
EXCEL HUMAN RESOURCES,2022-2023,9717895.24,8778281.10
EXCEL HUMAN RESOURCES,2023-2024,4113880.17,3577953.49
EXCEL HUMAN RESOURCES,2024-2025,1912182.85,1588869.83
EXCEL HUMAN RESOURCES,2025-2026,1127117.98,767274.57
EXIT CERTIFIED,2017-2018,397235.49,408690.70
EXIT CERTIFIED,2018-2019,414096.20,420457.47
EXIT CERTIFIED,2019-2020,940916.13,931679.62
EXIT CERTIFIED,2020-2021,233791.38,222860.89
EXIT CERTIFIED,2021-2022,24108.10,22332.22
EXIT CERTIFIED,2022-2023,33723.71,30317.64
EXIT CERTIFIED,2023-2024,94101.91,80681.16
EXIT CERTIFIED,2024-2025,51663.00,43315.81
EXP SERVICES,2017-2018,59579.97,61385.01
EXP SERVICES,2018-2019,22710.59,23125.71
EXP SERVICES,2019-2020,82713.78,82047.17
EXP SERVICES,2020-2021,236354.87,224491.65
EXP SERVICES,2021-2022,316191.11,295209.42
EXP SERVICES,2022-2023,211439.03,190621.84
EXP SERVICES,2023-2024,274316.14,237169.08
EXP SERVICES,2024-2025,338630.88,281184.16
EXP SERVICES,2025-2026,552602.28,370198.04
EXXONMOBIL,2017-2018,4629896.33,4771675.07
EXXONMOBIL,2018-2019,4948590.75,5042147.47
EXXONMOBIL,2019-2020,7532376.15,7481978.99
EXXONMOBIL,2020-2021,6718706.95,6396644.43
EXXONMOBIL,2021-2022,8917106.63,8328923.11
EXXONMOBIL,2022-2023,14084644.65,12728462.50
EXXONMOBIL,2023-2024,157775.99,139299.24
F M INSTALLATIONS,2017-2018,486997.70,501923.80
F M INSTALLATIONS,2018-2019,486997.70,495899.52
F M INSTALLATIONS,2019-2020,245500.21,245779.37
F M INSTALLATIONS,2020-2021,1452479.16,1372601.47
F M INSTALLATIONS,2021-2022,4851280.39,4538014.82
FACTIVA,2017-2018,133627.06,137689.57
FACTIVA,2018-2019,69129.74,70698.69
FACTIVA,2019-2020,21346.03,21286.30
FACTIVA,2020-2021,4542.57,4284.80
FACTIVA,2021-2022,13880.07,13068.79
FACTIVA,2022-2023,83703.65,75249.66
FACTIVA,2023-2024,298012.53,258508.16
FACTIVA,2024-2025,219752.55,182705.62
FACTIVA,2025-2026,188555.23,114177.74
FAIRBANKS MORSE ENGINE,2025-2026,1623739.95,793423.14
FARMER CONSTRUCTION,2017-2018,448179.70,461524.55
FARMER CONSTRUCTION,2018-2019,551688.63,561405.87
FARMER CONSTRUCTION,2019-2020,879818.58,868993.32
FARMER CONSTRUCTION,2020-2021,1846638.62,1758735.98
FARMER CONSTRUCTION,2021-2022,2000451.10,1858872.03
FARMER CONSTRUCTION,2022-2023,3317422.47,2988369.29
FARMER CONSTRUCTION,2023-2024,5618678.12,4849151.83
FARMER CONSTRUCTION,2024-2025,5420027.58,4500622.40
FARMER CONSTRUCTION,2025-2026,2154374.84,1324063.66
FAST FORWARD FRENCH,2017-2018,59304.82,61166.91
FAST FORWARD FRENCH,2018-2019,73232.63,74425.70
FAST FORWARD FRENCH,2019-2020,116672.58,115460.78
FAST FORWARD FRENCH,2020-2021,63569.88,60246.02
FAST FORWARD FRENCH,2021-2022,139032.20,129488.55
FAST FORWARD FRENCH,2022-2023,342975.56,308966.04
FAST FORWARD FRENCH,2023-2024,425792.85,367078.88
FAST FORWARD FRENCH,2024-2025,261049.32,215468.66
FAST FORWARD FRENCH,2025-2026,185124.36,108142.29
FAST TRACK STAFFING,2021-2022,98310.00,91520.70
FAST TRACK STAFFING,2022-2023,30651.25,27635.86
FAST TRACK STAFFING,2024-2025,13757.65,11310.94
FAST TRACK STAFFING,2025-2026,56627.00,27155.66
FASTENAL,2017-2018,1009807.10,1038780.45
FASTENAL,2018-2019,949858.26,965084.39
FASTENAL,2019-2020,1088102.71,1077863.09
FASTENAL,2020-2021,1443642.11,1371120.53
FASTENAL,2021-2022,2230470.67,2072219.71
FASTENAL,2022-2023,2275657.90,2049609.55
FASTENAL,2023-2024,1091622.43,950907.42
FASTENAL,2024-2025,1358286.19,1118478.20
FASTENAL,2025-2026,5092280.70,3253943.78
FCA CANADA,2017-2018,2601970.42,2679025.44
FCA CANADA,2018-2019,4791857.67,4860231.76
FCA CANADA,2019-2020,2106969.37,2083382.77
FCA CANADA,2020-2021,3866746.26,3673181.65
FCA CANADA,2021-2022,1317294.59,1215053.67
FCA CANADA,2022-2023,6976937.91,6280771.73
FCA CANADA,2023-2024,13927399.75,12072088.86
FCA CANADA,2024-2025,1580094.06,1325889.28
FCA CANADA,2025-2026,5254346.20,3792284.76
FDF GROUP,2017-2018,1344466.07,1381530.37
FDF GROUP,2018-2019,262416.65,265287.70
FDF GROUP,2019-2020,757387.22,744383.81
FDF GROUP,2020-2021,1000319.35,948066.62
FDF GROUP,2021-2022,197528.47,182495.58
FDF GROUP,2022-2023,148254.75,133916.68
FDF GROUP,2023-2024,228762.06,196422.77
FDF GROUP,2024-2025,294526.72,240817.81
FDF GROUP,2025-2026,465633.75,213245.77
FEDERAL EXPRESS CANADA,2023-2024,17142.41,14923.83
FEDERAL FLEET SERVICES,2017-2018,44962182.77,46218028.00
FEDERAL FLEET SERVICES,2018-2019,115571807.84,117684342.38
FEDERAL FLEET SERVICES,2019-2020,115888442.93,114958426.47
FEDERAL FLEET SERVICES,2020-2021,115571807.84,110035382.40
FEDERAL FLEET SERVICES,2021-2022,115571807.84,107828696.67
FEDERAL FLEET SERVICES,2022-2023,115571807.84,104355490.41
FEDERAL FLEET SERVICES,2023-2024,115888442.93,100469875.38
FEDERAL FLEET SERVICES,2024-2025,115571807.84,95840711.19
FEDERAL FLEET SERVICES,2025-2026,115571807.84,77620006.04
FELIX TECHNOLOGY,2017-2018,1974802.52,2034406.19
FELIX TECHNOLOGY,2018-2019,2957088.62,3004020.66
FELIX TECHNOLOGY,2019-2020,4206305.60,4167128.14
FELIX TECHNOLOGY,2020-2021,2621093.00,2494437.57
FELIX TECHNOLOGY,2021-2022,2788339.45,2598523.65
FELIX TECHNOLOGY,2022-2023,2584584.53,2333706.62
FELIX TECHNOLOGY,2023-2024,3914644.57,3375550.46
FELIX TECHNOLOGY,2024-2025,5890607.38,4877059.55
FELIX TECHNOLOGY,2025-2026,7447123.41,5090983.43
FERENCE COMPANY CONSULTING,2022-2023,109524.86,98462.95
FERENCE COMPANY CONSULTING,2023-2024,226475.14,196343.38
FFG,2017-2018,42682247.08,43991989.59
FFG,2018-2019,15917066.86,16257427.88
FFG,2019-2020,14130388.20,14047136.33
FFG,2020-2021,6213012.37,5911895.12
FFG,2021-2022,4578007.14,4273630.41
FFG,2022-2023,4585139.56,4141896.05
FFG,2023-2024,4883927.75,4221882.51
FFG,2024-2025,11233603.57,9297528.80
FFG,2025-2026,7075181.30,5151514.45
FIDELITY ENGINEERING CONSTRUCTION,2017-2018,205307.61,211640.69
FIDELITY ENGINEERING CONSTRUCTION,2018-2019,1306673.21,1323749.38
FIDELITY ENGINEERING CONSTRUCTION,2019-2020,1441862.25,1435026.59
FIDELITY ENGINEERING CONSTRUCTION,2020-2021,761243.95,730572.18
FIDELITY ENGINEERING CONSTRUCTION,2021-2022,17910.50,16878.77
FIDELITY ENGINEERING CONSTRUCTION,2022-2023,164000.00,147616.71
FIELD AVIATION COMPANY,2017-2018,258950.13,266925.72
FIELD AVIATION COMPANY,2018-2019,136452.85,139223.76
FIELD AVIATION COMPANY,2020-2021,24389.92,23031.94
FINNING INTERNATIONAL,2017-2018,8120.60,8344.38
FINNING INTERNATIONAL,2018-2019,347978.53,352311.70
FINNING INTERNATIONAL,2019-2020,60265.30,60484.50
FINNING INTERNATIONAL,2025-2026,2277115.90,936589.35
FIRST AIR,2025-2026,23500.00,18477.68
FIRSTCHOICE GROUP CANADA,2017-2018,106677.72,109622.57
FIRSTCHOICE GROUP CANADA,2018-2019,109710.82,111718.70
FIRSTCHOICE GROUP CANADA,2019-2020,75542.76,75817.53
FIRSTCHOICE GROUP CANADA,2020-2021,233735.96,220867.43
FIRSTCHOICE GROUP CANADA,2021-2022,125043.79,118596.75
FIRSTCHOICE GROUP CANADA,2022-2023,51867.00,46825.66
FIRSTCHOICE GROUP CANADA,2025-2026,31753.00,17607.03
FLEETWAY,2017-2018,18856603.02,19434589.16
FLEETWAY,2018-2019,19036064.52,19383286.38
FLEETWAY,2019-2020,12641007.01,12610134.04
FLEETWAY,2020-2021,67328590.40,64103295.59
FLEETWAY,2021-2022,67158421.35,62658923.32
FLEETWAY,2022-2023,67192112.07,60670984.86
FLEETWAY,2023-2024,67324452.42,58367822.87
FLEETWAY,2024-2025,67061979.20,55611410.95
FLEETWAY,2025-2026,67297564.55,45198197.25
FLIGHT FUELS,2019-2020,288205.21,286640.02
FLIGHT FUELS,2020-2021,132051.73,125487.71
FLIGHT FUELS,2021-2022,1650218.81,1521759.28
FLIGHT FUELS,2022-2023,15551927.73,14065044.42
FLIGHT FUELS,2023-2024,1560522.87,1361224.37
FLIGHT FUELS,2024-2025,562947.00,464690.86
FLIGHT FUELS,2025-2026,27470.67,22276.86
FLIGHTSAFETY CANADA,2017-2018,882638.94,909660.08
FLIGHTSAFETY CANADA,2018-2019,3500000.00,3563188.88
FLIGHTSAFETY CANADA,2019-2020,0.00,0.00
FLYNN CANADA,2017-2018,2172237.11,2233428.51
FLYNN CANADA,2018-2019,1540960.68,1576486.32
FLYNN CANADA,2020-2021,935896.09,882788.04
FLYNN CANADA,2021-2022,629630.40,593000.94
FLYNN CANADA,2022-2023,747006.73,672281.74
FLYNN CANADA,2023-2024,960293.27,830630.95
FLYNN CANADA,2024-2025,613200.00,508510.90
FLYNN CANADA,2025-2026,462000.00,370885.94
FMC PROFESSIONALS,2017-2018,33561.00,34501.43
FMC PROFESSIONALS,2018-2019,1462790.48,1480884.11
FMC PROFESSIONALS,2019-2020,578611.98,573224.96
FMC PROFESSIONALS,2020-2021,416365.09,396433.48
FMC PROFESSIONALS,2021-2022,600349.41,560637.28
FMC PROFESSIONALS,2022-2023,342790.63,310034.95
FN HERSTAL,2017-2018,3682196.85,3794275.83
FN HERSTAL,2018-2019,1970026.74,2000573.64
FN HERSTAL,2019-2020,2761313.95,2741476.03
FN HERSTAL,2020-2021,3633928.70,3464026.43
FN HERSTAL,2022-2023,599155.28,538797.10
FN HERSTAL,2023-2024,461475.06,404695.63
FN HERSTAL,2024-2025,113881.01,94355.35
FN HERSTAL,2025-2026,319402.89,166540.69
FORD MOTOR COMPANY,2017-2018,17383015.23,17885877.30
FORD MOTOR COMPANY,2018-2019,10349991.92,10515374.13
FORD MOTOR COMPANY,2019-2020,12293544.52,12116681.44
FORD MOTOR COMPANY,2020-2021,11871858.91,11316445.74
FORD MOTOR COMPANY,2021-2022,11275535.24,10494700.74
FORD MOTOR COMPANY,2022-2023,3475106.43,3136029.98
FORD MOTOR COMPANY,2023-2024,5870844.33,5075621.00
FORD MOTOR COMPANY,2024-2025,2151191.46,1787775.67
FORD MOTOR COMPANY,2025-2026,3360681.08,1637962.73
FORRESTER RESEARCH,2020-2021,124127.02,118170.47
FORRESTER RESEARCH,2021-2022,20536.68,18703.55
FORRESTER RESEARCH,2022-2023,86583.32,78120.36
FORT GARRY FIRE TRUCK,2017-2018,715227.05,737718.66
FORT GARRY FIRE TRUCK,2018-2019,4444383.09,4511906.14
FORT GARRY FIRE TRUCK,2019-2020,3201677.54,3191064.45
FORT GARRY FIRE TRUCK,2020-2021,951255.42,905990.85
FORT GARRY FIRE TRUCK,2021-2022,46142.36,43173.17
FORT GARRY FIRE TRUCK,2022-2023,11412.30,10285.72
FORT GARRY FIRE TRUCK,2023-2024,44444.47,38336.89
FORT GARRY FIRE TRUCK,2024-2025,24011.48,19983.87
FRANCIS CANADA TRUCK CENTRE,2017-2018,40679.25,41800.25
FRANCIS CANADA TRUCK CENTRE,2018-2019,3977705.68,4045297.95
FRANCIS CANADA TRUCK CENTRE,2019-2020,1407439.99,1403968.35
FRANCIS CANADA TRUCK CENTRE,2020-2021,217097.52,206906.49
FRANCIS CANADA TRUCK CENTRE,2021-2022,86045.46,81347.55
FRANCIS CANADA TRUCK CENTRE,2022-2023,438624.64,394323.93
FRANCIS CANADA TRUCK CENTRE,2023-2024,2767872.70,2399616.54
FRANCIS CANADA TRUCK CENTRE,2024-2025,75624.94,63775.80
FRECON CONSTRUCTION,2017-2018,1054360.31,1084143.97
FRECON CONSTRUCTION,2018-2019,992657.14,1015957.47
FRECON CONSTRUCTION,2019-2020,417704.63,416341.45
FRECON CONSTRUCTION,2020-2021,734377.38,697913.22
FRECON CONSTRUCTION,2021-2022,1280967.77,1191798.77
FRECON CONSTRUCTION,2022-2023,352028.43,316591.39
FRECON CONSTRUCTION,2023-2024,1542089.80,1326967.12
FRECON CONSTRUCTION,2024-2025,1066072.56,876162.09
FRECON CONSTRUCTION,2025-2026,5687581.26,3715597.27
FREQUENTIS CANADA,2017-2018,260836.93,268563.67
FREQUENTIS CANADA,2018-2019,384109.54,391130.67
FREQUENTIS CANADA,2019-2020,385161.89,382070.93
FREQUENTIS CANADA,2020-2021,107439.78,101963.85
FREQUENTIS CANADA,2021-2022,815640.23,762554.61
FREQUENTIS CANADA,2022-2023,642103.50,579786.95
FREQUENTIS CANADA,2023-2024,643862.69,558198.92
FREQUENTIS CANADA,2024-2025,1926742.49,1594393.49
FREQUENTIS CANADA,2025-2026,1976245.59,1390735.58
FRESENIUS KABI CANADA,2017-2018,43226.43,44551.29
FRESENIUS KABI CANADA,2018-2019,43226.43,44016.56
FRESENIUS KABI CANADA,2019-2020,43344.86,42997.01
FRESENIUS KABI CANADA,2020-2021,10777.00,10156.19
FRESENIUS KABI CANADA,2021-2022,191119.79,173322.71
FRESENIUS KABI CANADA,2022-2023,905957.47,818033.72
FRESENIUS KABI CANADA,2023-2024,908439.54,787574.72
FSC,2017-2018,31490.46,32584.75
G A L POWER SYSTEMS OTTAWA,2018-2019,291615.42,296399.73
G A L POWER SYSTEMS OTTAWA,2019-2020,368038.78,365085.23
G A L POWER SYSTEMS OTTAWA,2020-2021,367033.21,349450.61
GAB INDUSPAC,2017-2018,942143.92,970111.43
GAB INDUSPAC,2018-2019,1323781.97,1346183.44
GAB INDUSPAC,2019-2020,1163125.56,1147097.05
GAB INDUSPAC,2020-2021,1042335.02,993281.15
GAB INDUSPAC,2021-2022,1255862.97,1166852.52
GAB INDUSPAC,2022-2023,920342.60,830553.99
GAB INDUSPAC,2023-2024,1401196.43,1215337.46
GAB INDUSPAC,2024-2025,561559.85,463744.93
GAB INDUSPAC,2025-2026,898110.48,640501.42
GAMBLE TECHNOLOGIES,2017-2018,658471.44,678679.88
GAMBLE TECHNOLOGIES,2018-2019,987715.97,1004011.40
GAMBLE TECHNOLOGIES,2019-2020,759461.42,749889.43
GAMBLE TECHNOLOGIES,2020-2021,13921.60,13168.42
GAMBLE TECHNOLOGIES,2022-2023,165916.70,149988.49
GAMBLE TECHNOLOGIES,2023-2024,347218.29,298606.74
GAMBLE TECHNOLOGIES,2024-2025,1129094.54,936125.35
GAMBLE TECHNOLOGIES,2025-2026,2416371.13,1347365.13
GAP WIRELESS,2017-2018,660900.99,682024.15
GAP WIRELESS,2018-2019,1241159.26,1257121.68
GAP WIRELESS,2019-2020,970027.83,952067.57
GAP WIRELESS,2020-2021,1000695.35,959427.07
GAP WIRELESS,2021-2022,728912.66,670660.27
GAP WIRELESS,2022-2023,1456216.68,1315851.83
GAP WIRELESS,2023-2024,371397.28,318823.95
GAP WIRELESS,2024-2025,1537317.66,1261353.39
GAP WIRELESS,2025-2026,302283.82,97423.17
GARTNER,2017-2018,1467705.60,1511410.69
GARTNER,2018-2019,3647997.49,3704292.67
GARTNER,2019-2020,4452057.83,4411568.86
GARTNER,2020-2021,7467180.29,7104307.99
GARTNER,2021-2022,8248007.24,7720114.77
GARTNER,2022-2023,12094659.61,10921162.24
GARTNER,2023-2024,11671247.02,10120184.34
GARTNER,2024-2025,3663958.09,3041827.64
GARTNER,2025-2026,188203.77,118382.80
GARY PARKER EXCAVATING,2017-2018,1184041.65,1220607.71
GARY PARKER EXCAVATING,2018-2019,517120.50,528727.83
GARY PARKER EXCAVATING,2019-2020,869371.25,866068.81
GARY PARKER EXCAVATING,2020-2021,672953.06,644947.63
GARY PARKER EXCAVATING,2021-2022,1071799.99,1003233.66
GARY PARKER EXCAVATING,2022-2023,557519.93,501750.13
GARY PARKER EXCAVATING,2023-2024,1415767.97,1221841.42
GARY PARKER EXCAVATING,2024-2025,2435035.93,2022461.90
GATEWAY MECHANICAL SERVICES,2017-2018,29623.51,30561.24
GATEWAY MECHANICAL SERVICES,2019-2020,69938.23,69119.41
GATEWAY MECHANICAL SERVICES,2020-2021,59838.36,56632.03
GATEWAY MECHANICAL SERVICES,2021-2022,160442.12,149544.40
GATEWAY MECHANICAL SERVICES,2022-2023,532187.71,480120.37
GATEWAY MECHANICAL SERVICES,2023-2024,52091.97,45743.85
GATEWAY MECHANICAL SERVICES,2024-2025,6965.18,5833.99
GC STRATEGIES,2018-2019,583194.69,589252.32
GC STRATEGIES,2019-2020,1822825.04,1815083.55
GC STRATEGIES,2020-2021,115748.78,110298.59
GC STRATEGIES,2021-2022,78221.85,72740.66
GC STRATEGIES,2022-2023,774661.77,698163.28
GC STRATEGIES,2023-2024,314510.06,275407.10
GC STRATEGIES,2024-2025,10697.60,8871.24
GDI,2018-2019,151767.00,154513.36
GDI,2019-2020,25990.00,26084.53
GDI,2020-2021,3811674.04,3629530.33
GDI,2021-2022,12312.78,11647.79
GDI,2022-2023,341981.86,310408.53
GDI SERVICES,2017-2018,10145433.33,10455970.98
GDI SERVICES,2018-2019,7857512.30,7999176.67
GDI SERVICES,2019-2020,5853386.97,5870223.21
GDI SERVICES,2020-2021,565708.01,537365.88
GDI SERVICES,2021-2022,4425449.85,4128268.10
GDI SERVICES,2022-2023,141231.65,127525.03
GDI SERVICES,2023-2024,141618.59,122776.71
GEMTEC,2017-2018,962479.99,993247.44
GEMTEC,2018-2019,728539.80,741944.58
GEMTEC,2019-2020,1003455.03,1001843.91
GEMTEC,2020-2021,155482.09,147546.45
GEMTEC,2021-2022,32272.77,30552.76
GEMTEC,2023-2024,1221945.46,1049120.45
GEMTEC,2024-2025,2794166.04,2313236.84
GEMTEC,2025-2026,3004278.52,2133398.66
GEN MEC ACL,2020-2021,3775304.70,3602274.81
GEN MEC ACL,2021-2022,5028315.30,4715231.17
GENERAL DYNAMICS,2017-2018,707870602.30,729518197.37
GENERAL DYNAMICS,2018-2019,651278316.74,663959717.03
GENERAL DYNAMICS,2019-2020,574926364.51,569351126.06
GENERAL DYNAMICS,2020-2021,715235680.92,680758284.54
GENERAL DYNAMICS,2021-2022,755735236.81,704744665.69
GENERAL DYNAMICS,2022-2023,798308214.38,720799130.49
GENERAL DYNAMICS,2023-2024,895127861.36,776172292.74
GENERAL DYNAMICS,2024-2025,997166755.04,826802851.14
GENERAL DYNAMICS,2025-2026,891111206.53,599593923.54
GENERAL ELECTRIC CANADA,2017-2018,14298786.89,14736341.94
GENERAL ELECTRIC CANADA,2018-2019,19299609.85,19669592.09
GENERAL ELECTRIC CANADA,2019-2020,13484337.30,13373975.06
GENERAL ELECTRIC CANADA,2020-2021,12970263.14,12348927.40
GENERAL ELECTRIC CANADA,2021-2022,13201312.46,12312862.41
GENERAL ELECTRIC CANADA,2022-2023,12885040.91,11634605.00
GENERAL ELECTRIC CANADA,2023-2024,12804989.35,11101328.59
GENERAL ELECTRIC CANADA,2024-2025,12792106.82,10608165.30
GENERAL ELECTRIC CANADA,2025-2026,12800348.04,8576552.81
GENERAL MOTORS,2017-2018,8873749.01,9132432.24
GENERAL MOTORS,2018-2019,6106933.18,6204097.28
GENERAL MOTORS,2019-2020,3649725.58,3596759.90
GENERAL MOTORS,2020-2021,2123612.22,2021452.09
GENERAL MOTORS,2021-2022,7962235.50,7462119.20
GENERAL MOTORS,2022-2023,1802302.60,1624140.68
GENERAL MOTORS,2023-2024,3961087.34,3443080.92
GENERAL MOTORS,2024-2025,4854610.30,4017617.55
GENERAL MOTORS,2025-2026,12845120.46,7856695.01
GENESIS INTEGRATION,2017-2018,1133957.37,1169033.92
GENESIS INTEGRATION,2018-2019,920202.62,933939.37
GENESIS INTEGRATION,2019-2020,1130671.47,1108888.68
GENESIS INTEGRATION,2020-2021,394156.57,372557.06
GENESIS INTEGRATION,2021-2022,572788.41,533476.70
GENESIS INTEGRATION,2022-2023,36699.73,33103.30
GENTEX INTERNATIONAL,2017-2018,1933993.58,1992907.06
GENTEX INTERNATIONAL,2018-2019,1517087.88,1543511.74
GENTEX INTERNATIONAL,2019-2020,2048800.91,2026041.23
GENTEX INTERNATIONAL,2020-2021,12800.01,12073.66
GENTEX INTERNATIONAL,2021-2022,12542.10,11548.85
GEORGE COUREY,2017-2018,10233.17,10525.62
GEORGE COUREY,2018-2019,16638.35,16922.49
GEORGE COUREY,2019-2020,40008.57,39441.10
GEORGE COUREY,2020-2021,53256.63,50400.55
GEORGE COUREY,2021-2022,15724.77,14374.43
GEORGE COUREY,2022-2023,55016.03,49498.00
GEORGE COUREY,2023-2024,22661.57,19347.41
GEORGE COUREY,2024-2025,10147.69,8281.01
GEORGE COUREY,2025-2026,24626.94,5599.16
GEOSPECTRUM TECHNOLOGIES,2017-2018,2006167.93,2063802.09
GEOSPECTRUM TECHNOLOGIES,2018-2019,3472305.13,3534980.71
GEOSPECTRUM TECHNOLOGIES,2019-2020,4719506.88,4666991.43
GEOSPECTRUM TECHNOLOGIES,2020-2021,1710310.54,1627921.03
GEOSPECTRUM TECHNOLOGIES,2021-2022,1466677.61,1378801.44
GEOSPECTRUM TECHNOLOGIES,2022-2023,573384.91,517551.29
GEOSPECTRUM TECHNOLOGIES,2023-2024,455258.79,394688.14
GEOSPECTRUM TECHNOLOGIES,2024-2025,121449.64,100431.71
GEOSPECTRUM TECHNOLOGIES,2025-2026,141626.58,95118.84
GETINGE CANADA,2019-2020,121282.36,120030.38
GETINGE CANADA,2020-2021,83315.80,79466.61
GETINGE CANADA,2025-2026,89559.39,44083.50
GFL ENVIRONMENTAL,2017-2018,424804.15,438066.96
GFL ENVIRONMENTAL,2018-2019,840978.68,856870.66
GFL ENVIRONMENTAL,2019-2020,840535.22,832625.66
GFL ENVIRONMENTAL,2020-2021,1289803.23,1227307.78
GFL ENVIRONMENTAL,2021-2022,1451977.54,1350899.81
GFL ENVIRONMENTAL,2022-2023,1615264.39,1457541.90
GFL ENVIRONMENTAL,2023-2024,1857210.77,1607015.95
GFL ENVIRONMENTAL,2024-2025,3038898.22,2519962.75
GFL ENVIRONMENTAL,2025-2026,2750938.29,1649299.95
GHD,2017-2018,33973.53,35031.58
GHD,2020-2021,19510.58,18747.64
GHD,2023-2024,1666991.03,1437108.95
GHD,2024-2025,1920757.54,1595843.82
GHD,2025-2026,2573435.55,1574869.60
GILMORE PRINTING SERVICES,2017-2018,19166.09,19736.16
GILMORE REPRODUCTIONS,2017-2018,21846.78,22448.81
GILMORE REPRODUCTIONS,2018-2019,27025.08,27632.61
GILMORE REPRODUCTIONS,2021-2022,43061.36,40787.94
GILMORE REPRODUCTIONS,2022-2023,531503.47,478699.57
GILMORE REPRODUCTIONS,2023-2024,155317.52,136616.47
GILMORE REPRODUCTIONS,2024-2025,20806.98,17546.88
GILMORE REPRODUCTIONS,2025-2026,118483.94,73043.07
GLAMOX CANADA,2021-2022,2599413.34,2417044.67
GLAMOX CANADA,2022-2023,3131306.49,2827411.21
GLAMOX CANADA,2023-2024,3139885.42,2722134.22
GLAMOX CANADA,2024-2025,549051.00,463024.06
GLAMOX CANADA,2025-2026,751047.35,333676.46
GLOBAL KNOWLEDGE,2017-2018,687098.50,707914.24
GLOBAL KNOWLEDGE,2018-2019,721575.75,735023.68
GLOBAL KNOWLEDGE,2019-2020,741441.29,734603.68
GLOBAL KNOWLEDGE,2020-2021,557884.83,530490.49
GLOBAL KNOWLEDGE,2021-2022,569949.58,528990.54
GLOBAL KNOWLEDGE,2022-2023,443742.81,399837.62
GLOBAL KNOWLEDGE,2023-2024,575298.59,495241.79
GLOBAL KNOWLEDGE,2024-2025,385379.53,316980.07
GLOBAL KNOWLEDGE,2025-2026,349316.35,132757.28
GLOBAL TOTAL OFFICE,2018-2019,59704.81,60341.69
GLOBAL TOTAL OFFICE,2019-2020,44520.31,44264.27
GLOBAL TOTAL OFFICE,2020-2021,48730.25,46062.01
GLOBAL TOTAL OFFICE,2021-2022,32241.85,29500.46
GLOBAL TOTAL OFFICE,2022-2023,100262.09,90135.71
GLOBAL TOTAL OFFICE,2023-2024,172284.23,149374.63
GLOBAL TOTAL OFFICE,2024-2025,114656.84,93758.49
GLOBAL TOTAL OFFICE,2025-2026,38943.95,22534.48
GLOBAL UPHOLSTERY,2017-2018,740925.96,762033.34
GLOBAL UPHOLSTERY,2018-2019,1223780.53,1242452.08
GLOBAL UPHOLSTERY,2019-2020,549975.46,541533.46
GLOBAL UPHOLSTERY,2020-2021,1315979.32,1248981.91
GLOBAL UPHOLSTERY,2021-2022,968179.95,892600.01
GLOBAL UPHOLSTERY,2022-2023,816950.57,736157.49
GLOBAL UPHOLSTERY,2023-2024,1309461.20,1129872.44
GLOBAL UPHOLSTERY,2024-2025,969686.62,799850.07
GLOBAL UPHOLSTERY,2025-2026,664274.43,332073.24
GO DEEP INTERNATIONAL,2025-2026,2191464.66,818333.39
GOLDER ASSOCIATES,2017-2018,1758165.95,1811714.62
GOLDER ASSOCIATES,2018-2019,1345386.63,1370022.98
GOLDER ASSOCIATES,2019-2020,1355162.94,1342344.19
GOLDER ASSOCIATES,2020-2021,1892006.29,1801632.42
GOLDER ASSOCIATES,2021-2022,3167776.12,2959049.07
GOLDER ASSOCIATES,2022-2023,2818136.39,2544256.84
GOLDER ASSOCIATES,2023-2024,2293135.88,1988247.04
GOLDER ASSOCIATES,2024-2025,2000006.68,1659152.72
GOLDER ASSOCIATES,2025-2026,1900404.01,1278009.96
GOOGLE CANADA,2017-2018,15635.34,16115.08
GOOGLE CANADA,2018-2019,15894.03,16183.31
GOOGLE CANADA,2019-2020,15680.17,15554.34
GOOGLE CANADA,2020-2021,22888.15,21589.34
GOOGLE CANADA,2021-2022,515254.74,480758.46
GOOGLE CANADA,2022-2023,579657.82,523173.72
GOOGLE CANADA,2023-2024,763538.56,664898.19
GOOGLE CANADA,2024-2025,616471.28,507270.04
GOOGLE CANADA,2025-2026,1464004.68,979082.71
GORDON BARR,2018-2019,1321534.38,1341872.30
GORDON BARR,2019-2020,1710483.09,1697010.49
GORDON BARR,2020-2021,1331047.32,1258654.72
GORDON BARR,2021-2022,5278438.01,4915749.78
GORDON BARR,2022-2023,1949047.37,1765730.08
GORDON BARR,2025-2026,1799907.46,1128528.80
GORDON FOOD SERVICE,2017-2018,1409108.36,1452826.03
GORDON FOOD SERVICE,2018-2019,1113269.10,1133385.81
GORDON FOOD SERVICE,2019-2020,2728267.11,2703125.72
GORDON FOOD SERVICE,2020-2021,1681100.78,1602840.30
GORDON FOOD SERVICE,2021-2022,3636239.71,3408443.18
GORDON FOOD SERVICE,2022-2023,3785278.17,3429561.35
GORDON FOOD SERVICE,2023-2024,7369184.47,6445812.49
GORDON FOOD SERVICE,2024-2025,4147397.75,3446620.12
GORDON FOOD SERVICE,2025-2026,3519096.60,2779414.87
GOSS GILROY,2018-2019,37120.50,38031.39
GOSS GILROY,2021-2022,109542.20,103370.83
GOVERNMENT OF ALBERTA,2019-2020,609071.20,594562.67
GOVERNMENT OF ALBERTA,2020-2021,1840599.79,1757752.17
GOVERNMENT OF ALBERTA,2021-2022,2456937.17,2292326.63
GOVERNMENT OF ALBERTA,2022-2023,2933169.39,2648503.44
GOVERNMENT OF ALBERTA,2024-2025,8007253.86,6640112.60
GOVERNMENT OF ALBERTA,2025-2026,37290.99,25045.27
GOVERNMENT OF SASKATCHEWAN,2019-2020,1563787.00,1537096.59
GOVERNMENT OF SASKATCHEWAN,2020-2021,2172898.37,2068648.12
GOVERNMENT OF SASKATCHEWAN,2021-2022,4256185.50,3971028.44
GRAHAM CONSTRUCTION,2025-2026,287836.23,0.00
GRAND TOY,2017-2018,714727.99,735246.62
GRAND TOY,2018-2019,816444.33,828715.92
GRAND TOY,2019-2020,595132.76,588007.03
GRAND TOY,2020-2021,829286.46,787276.22
GRAND TOY,2021-2022,659976.93,605452.52
GRAND TOY,2022-2023,1128303.52,1017710.94
GRAND TOY,2023-2024,1511364.60,1299805.29
GRAND TOY,2024-2025,1109883.07,911420.54
GRAND TOY,2025-2026,2979544.87,1718926.62
GRANT CUSTOM,2020-2021,630607.59,600603.25
GRANT CUSTOM,2021-2022,381153.24,352413.91
GRANT CUSTOM,2022-2023,693582.49,625836.57
GRANT CUSTOM,2023-2024,58231.89,51412.50
GRANT CUSTOM,2024-2025,221.08,180.41
GRANT CUSTOM,2025-2026,13448.94,9032.54
GRAPHIC OFFICE INTERIOR,2018-2019,616127.44,624077.31
GRAPHIC OFFICE INTERIOR,2019-2020,1193135.68,1183560.65
GRAPHIC OFFICE INTERIOR,2020-2021,1189875.75,1132875.19
GRAYBAR CANADA,2017-2018,322970.47,332051.14
GRAYBAR CANADA,2018-2019,332354.77,337801.71
GRAYBAR CANADA,2019-2020,126965.34,124638.01
GRAYBAR CANADA,2020-2021,379099.38,358173.15
GRAYBAR CANADA,2021-2022,830495.46,772578.98
GRAYBAR CANADA,2022-2023,302806.57,273202.18
GRAYBAR CANADA,2023-2024,1673298.37,1439271.77
GRAYBAR CANADA,2024-2025,3584407.44,2959760.06
GRAYBAR CANADA,2025-2026,6037085.27,4209721.09
GRAYBRIDGE INTERNATIONAL CONSULTING,2018-2019,24895.74,25506.06
GRAYBRIDGE INTERNATIONAL CONSULTING,2019-2020,90771.43,89064.36
GRAYBRIDGE INTERNATIONAL CONSULTING,2020-2021,371134.32,352374.25
GRAYBRIDGE INTERNATIONAL CONSULTING,2021-2022,817013.17,762519.53
GRAYBRIDGE INTERNATIONAL CONSULTING,2022-2023,730007.42,659251.54
GRAYBRIDGE INTERNATIONAL CONSULTING,2023-2024,671607.12,580989.01
GRAYBRIDGE INTERNATIONAL CONSULTING,2024-2025,1986713.46,1635075.58
GRAYBRIDGE INTERNATIONAL CONSULTING,2025-2026,3797168.13,2565724.60
GREAT SLAVE HELICOPTERS,2021-2022,219700.95,207045.13
GREAT SLAVE HELICOPTERS,2022-2023,711827.30,644976.62
GREAT SLAVE HELICOPTERS,2023-2024,1147018.15,1002429.92
GREAT SLAVE HELICOPTERS,2024-2025,249895.80,207527.83
GREATER TORONTO AIRPORT AUTHORITY,2017-2018,10618.43,10954.56
GREATER TORONTO AIRPORT AUTHORITY,2022-2023,34292.93,31072.34
GREENDALE RESOURCES,2017-2018,946164.30,974651.13
GREENDALE RESOURCES,2018-2019,175275.70,179748.79
GREENDALE RESOURCES,2022-2023,452432.50,407067.00
GREENDALE RESOURCES,2023-2024,1633595.36,1403967.85
GREENDALE RESOURCES,2024-2025,985606.90,820880.19
GREENDALE RESOURCES,2025-2026,1547316.28,751401.89
GREYTOP COMMERCIAL CONSTRUCTION,2019-2020,798999.00,787466.68
GREYTOP COMMERCIAL CONSTRUCTION,2021-2022,1779432.84,1629192.14
GREYTOP COMMERCIAL CONSTRUCTION,2022-2023,1738596.11,1576939.84
GREYTOP COMMERCIAL CONSTRUCTION,2024-2025,290000.00,240410.25
GREYTOP COMMERCIAL CONSTRUCTION,2025-2026,153968.67,0.00
GRIFFIN ENGINEERED SYSTEMS,2018-2019,828451.00,842636.76
GRIFFIN ENGINEERED SYSTEMS,2019-2020,23016.00,22645.71
GRIFFIN ENGINEERED SYSTEMS,2023-2024,222226.00,190059.52
GRIFFIN ENGINEERED SYSTEMS,2024-2025,1219048.41,1001562.36
GRIFFIN ENGINEERED SYSTEMS,2025-2026,2471959.28,1660210.20
GRIFFON HOVERWORK,2025-2026,70495.09,3519.31
GROUPE ABS,2023-2024,217.19,186.20
GROUPE ABS,2024-2025,19656.13,16302.47
GROUPE ENERGIE BDL,2017-2018,1433591.60,1475866.61
GROUPE ENERGIE BDL,2019-2020,1108808.52,1096883.00
GROUPE ENERGIE BDL,2025-2026,673121.31,0.00
GROUPE GEYSER,2017-2018,5798277.14,5975989.91
GROUPE GEYSER,2018-2019,7460723.88,7580888.25
GROUPE GEYSER,2019-2020,13191179.64,13110735.21
GROUPE GEYSER,2020-2021,10461949.33,9960773.45
GROUPE GEYSER,2021-2022,5147591.73,4865813.30
GROUPE ROBERT,2022-2023,13452.08,12137.15
GROUPE ROBERT,2023-2024,13452.08,11662.33
GUILLEVIN INTERNATIONAL,2017-2018,334122.83,344242.90
GUILLEVIN INTERNATIONAL,2018-2019,897777.29,912921.90
GUILLEVIN INTERNATIONAL,2019-2020,693082.26,688743.19
GUILLEVIN INTERNATIONAL,2020-2021,349038.71,331042.60
GUILLEVIN INTERNATIONAL,2021-2022,227418.44,211500.12
GUILLEVIN INTERNATIONAL,2022-2023,109423.21,98650.85
GUILLEVIN INTERNATIONAL,2023-2024,345374.68,296664.11
GUILLEVIN INTERNATIONAL,2024-2025,187803.82,155673.84
GUILLEVIN INTERNATIONAL,2025-2026,3190380.13,2180273.98
GUNTER LANGKOPF MASCHINENBAU,2017-2018,2485090.17,2558503.08
GUNTER LANGKOPF MASCHINENBAU,2018-2019,3846654.62,3918357.39
GUNTER LANGKOPF MASCHINENBAU,2019-2020,5845503.09,5808779.31
GUNTER LANGKOPF MASCHINENBAU,2020-2021,8276023.84,7885157.83
GUNTER LANGKOPF MASCHINENBAU,2021-2022,4526602.09,4203880.35
GUNTER LANGKOPF MASCHINENBAU,2022-2023,4306938.17,3894161.05
GUNTER LANGKOPF MASCHINENBAU,2023-2024,3649980.20,3155412.08
GUNTER LANGKOPF MASCHINENBAU,2024-2025,2912794.26,2422684.36
GUNTER LANGKOPF MASCHINENBAU,2025-2026,237093.73,188971.54
H E ARMSTRONG MECHANICAL,2017-2018,716881.74,737155.84
H E ARMSTRONG MECHANICAL,2018-2019,1066598.57,1089769.49
H E ARMSTRONG MECHANICAL,2019-2020,772621.11,768019.23
H E ARMSTRONG MECHANICAL,2020-2021,1254570.42,1193669.09
H E ARMSTRONG MECHANICAL,2021-2022,572364.14,534775.65
H E ARMSTRONG MECHANICAL,2022-2023,1735554.15,1566283.96
H E ARMSTRONG MECHANICAL,2023-2024,1153863.78,992828.50
H E ARMSTRONG MECHANICAL,2024-2025,953696.10,787045.88
H E ARMSTRONG MECHANICAL,2025-2026,123452.96,74424.70
H H CONSTRUCTION,2017-2018,1427208.04,1467920.26
H H CONSTRUCTION,2018-2019,2028929.88,2067701.46
H H CONSTRUCTION,2019-2020,1595714.77,1600747.68
H H CONSTRUCTION,2020-2021,863557.61,825189.55
H H CONSTRUCTION,2021-2022,5480591.94,5120531.86
H H CONSTRUCTION,2022-2023,6424912.49,5790591.90
H H CONSTRUCTION,2023-2024,4126663.66,3609594.68
H H CONSTRUCTION,2024-2025,2171488.80,1799263.47
HALPENNY INSURANCE BROKERS,2021-2022,123640.13,115287.24
HALPENNY INSURANCE BROKERS,2022-2023,162436.56,146692.01
HALPENNY INSURANCE BROKERS,2023-2024,20505.66,17772.42
HALPENNY INSURANCE BROKERS,2024-2025,224798.73,186228.40
HALPENNY INSURANCE BROKERS,2025-2026,337192.52,229788.50
HARLED,2018-2019,10990.99,11084.72
HARLED,2019-2020,140186.44,138385.12
HARLED,2020-2021,1296395.92,1235956.92
HARLED,2021-2022,1594477.08,1487649.88
HARLED,2022-2023,1594477.08,1439732.07
HARLED,2023-2024,1336739.69,1161423.58
HARNOIS ENERGIES,2019-2020,1036343.64,1029577.26
HARNOIS ENERGIES,2020-2021,1792354.70,1696716.11
HARNOIS ENERGIES,2021-2022,21833276.39,20349122.95
HARNOIS ENERGIES,2022-2023,25558904.21,23135945.41
HARNOIS ENERGIES,2023-2024,32003002.04,27699874.43
HARNOIS ENERGIES,2024-2025,31074896.52,25751022.49
HARNOIS ENERGIES,2025-2026,14040829.55,8069123.62
HARRIS TRANSPORT,2017-2018,7212140.07,7422389.00
HARRIS TRANSPORT,2018-2019,5057188.88,5180280.91
HARRIS TRANSPORT,2019-2020,3601592.54,3549861.01
HARRIS TRANSPORT,2020-2021,3859276.71,3654803.39
HARRIS TRANSPORT,2021-2022,1370103.00,1283627.95
HASTINGS PAINTING,2017-2018,915975.01,947805.14
HASTINGS PAINTING,2019-2020,263484.28,258704.65
HASTINGS PAINTING,2020-2021,623879.22,592551.10
HASTINGS PAINTING,2021-2022,585935.05,541335.91
HATCH,2017-2018,317353.97,327458.14
HAWBOLDT INDUSTRIES,2017-2018,269300.57,277554.43
HAWBOLDT INDUSTRIES,2018-2019,454358.95,462379.23
HAWBOLDT INDUSTRIES,2019-2020,3928603.52,3896736.89
HAWBOLDT INDUSTRIES,2020-2021,3946874.21,3757800.64
HAWBOLDT INDUSTRIES,2021-2022,3762430.65,3510971.33
HAWBOLDT INDUSTRIES,2022-2023,3722467.87,3361200.00
HAWBOLDT INDUSTRIES,2023-2024,3818873.31,3309952.08
HAWBOLDT INDUSTRIES,2024-2025,4249411.22,3523755.99
HAWBOLDT INDUSTRIES,2025-2026,5564579.47,3401692.78
HAWORTH,2017-2018,53175.87,54649.15
HAWORTH,2018-2019,155632.66,158312.40
HAWORTH,2019-2020,75004.49,74404.11
HAWORTH,2020-2021,47900.44,45429.90
HAWORTH,2025-2026,103053.92,29094.62
HDP GROUP,2017-2018,8497.63,8731.80
HDP GROUP,2018-2019,238587.38,242948.51
HDP GROUP,2019-2020,217817.97,214563.55
HDP GROUP,2020-2021,238741.69,227226.27
HDP GROUP,2021-2022,323752.25,301778.59
HDP GROUP,2022-2023,125996.32,113751.77
HEMMERA ENVIROCHEM,2018-2019,33154.35,33582.13
HEMMERA ENVIROCHEM,2019-2020,68982.82,68371.08
HEMMERA ENVIROCHEM,2020-2021,113029.02,107767.44
HEMMERA ENVIROCHEM,2021-2022,199709.04,186928.56
HEMMERA ENVIROCHEM,2022-2023,59478.90,53731.31
HEMMERA ENVIROCHEM,2023-2024,54279.03,47058.22
HEMMERA ENVIROCHEM,2024-2025,38555.14,31972.78
HEMMERA ENVIROCHEM,2025-2026,6881.05,5580.07
HENSOLTD SENSORS,2018-2019,1289137.55,1306952.71
HENSOLTD SENSORS,2019-2020,2257532.75,2239415.82
HENSOLTD SENSORS,2020-2021,2361710.47,2247503.22
HENSOLTD SENSORS,2021-2022,2251364.63,2100527.09
HENSOLTD SENSORS,2022-2023,2263364.63,2043729.14
HENSOLTD SENSORS,2023-2024,999235.81,878299.03
HEPBURN ENGINEERING,2017-2018,999004.73,1029623.46
HEPBURN ENGINEERING,2018-2019,999004.73,1017265.51
HEPBURN ENGINEERING,2019-2020,1001741.73,993702.65
HEPBURN ENGINEERING,2020-2021,999004.73,951147.77
HEPBURN ENGINEERING,2021-2022,999004.73,932073.14
HEPBURN ENGINEERING,2022-2023,1116333.98,1005033.50
HEPBURN ENGINEERING,2023-2024,5345722.97,4634492.51
HEPBURN ENGINEERING,2025-2026,999985.22,670839.64
HERCULES SLR,2017-2018,37266.63,38446.31
HERCULES SLR,2018-2019,90075.24,91677.34
HERCULES SLR,2019-2020,10118.85,9877.81
HERCULES SLR,2020-2021,82754.93,78809.21
HERCULES SLR,2021-2022,31082.98,29058.55
HERCULES SLR,2022-2023,53624.06,48406.07
HERCULES SLR,2023-2024,135792.41,118057.16
HERCULES SLR,2024-2025,391360.24,322135.70
HERCULES SLR,2025-2026,679944.58,424811.63
HERITAGE RESTORATION,2017-2018,318776.27,327648.18
HERITAGE RESTORATION,2018-2019,945962.10,963253.32
HERITAGE RESTORATION,2023-2024,2910389.70,2502476.56
HERITAGE RESTORATION,2024-2025,216170.89,182300.59
HEROLD ENGINEERING,2019-2020,198895.05,195396.81
HEROLD ENGINEERING,2020-2021,165639.95,157410.27
HEROLD ENGINEERING,2021-2022,9502.25,8617.40
HEROLD ENGINEERING,2022-2023,41289.53,37282.36
HEROLD ENGINEERING,2023-2024,41402.66,35894.17
HEROLD ENGINEERING,2024-2025,7239.81,6105.45
HEWLETT PACKARD,2017-2018,951744.51,981185.53
HEWLETT PACKARD,2018-2019,366122.57,373236.76
HEWLETT PACKARD,2019-2020,241857.45,239068.92
HEWLETT PACKARD,2020-2021,431307.42,410182.40
HEWLETT PACKARD,2021-2022,2572465.23,2364840.32
HEWLETT PACKARD,2022-2023,313412.66,284276.53
HEWLETT PACKARD,2023-2024,589563.91,510342.69
HEWLETT PACKARD,2024-2025,181761.58,151206.33
HEWLETT PACKARD,2025-2026,144791.29,96075.57
HEXAGON,2017-2018,1039371.39,1071067.63
HEXAGON,2018-2019,730450.35,741849.72
HEXAGON,2019-2020,1151102.41,1140913.79
HEXAGON,2020-2021,984630.66,937765.88
HEXAGON,2021-2022,729601.27,676620.63
HEXAGON,2022-2023,509956.18,460484.12
HEXAGON,2023-2024,828782.43,715480.69
HEXAGON,2024-2025,727285.02,604335.36
HEXAGON,2025-2026,1149378.39,795100.41
HFI PYRO,2021-2022,2266681.12,2114232.49
HFI PYRO,2022-2023,966022.88,876212.96
HFI PYROTECHNICS,2018-2019,232.16,234.14
HFI PYROTECHNICS,2019-2020,5519082.50,5434012.84
HFI PYROTECHNICS,2020-2021,8389917.83,7990197.32
HFI PYROTECHNICS,2021-2022,11305726.02,10542994.74
HFI PYROTECHNICS,2022-2023,9814730.99,8859819.13
HFI PYROTECHNICS,2023-2024,3079601.93,2669871.25
HFI PYROTECHNICS,2024-2025,5100338.25,4208877.03
HFI PYROTECHNICS,2025-2026,8414915.35,5510473.15
HIGHER STANDARD SALES HSS,2021-2022,2101957.30,1935421.21
HIGHLANDS FUEL DELIVERY,2019-2020,1061990.38,1040828.56
HIGHLANDS FUEL DELIVERY,2020-2021,2241267.98,2133948.78
HIGHLANDS FUEL DELIVERY,2021-2022,1006296.83,938876.68
HIGHLANDS FUEL DELIVERY,2022-2023,54052.72,48806.87
HIKE METAL PRODUCTS,2019-2020,1794459.67,1761483.25
HIKE METAL PRODUCTS,2020-2021,4198575.51,3997444.27
HIKE METAL PRODUCTS,2021-2022,4198575.51,3917278.21
HIKE METAL PRODUCTS,2022-2023,4198575.51,3791101.08
HIKE METAL PRODUCTS,2023-2024,5238099.69,4531254.83
HIKE METAL PRODUCTS,2024-2025,13579269.32,11260936.84
HIKE METAL PRODUCTS,2025-2026,4198575.51,2819835.24
HITACHI DATA SYSTEMS,2017-2018,84728.88,87338.80
HITACHI DATA SYSTEMS,2018-2019,71759.70,73071.39
HITACHI DATA SYSTEMS,2019-2020,132397.06,130230.87
HITACHI DATA SYSTEMS,2020-2021,66047.39,62299.49
HITACHI DATA SYSTEMS,2022-2023,8098.48,7280.54
HITACHI DATA SYSTEMS,2023-2024,21056.04,18300.20
HITRAC,2017-2018,655285.50,675266.85
HITRAC,2018-2019,690519.16,698324.52
HITRAC,2019-2020,394155.89,393696.87
HITRAC,2020-2021,2033992.91,1923121.83
HITRAC,2021-2022,1787308.60,1695128.51
HITRAC,2023-2024,15858.86,13595.66
HITRAC,2024-2025,46356.68,38854.14
HITRAC,2025-2026,1540723.37,955239.03
HOLLAND COLLEGE,2017-2018,20190.41,20892.03
HOLLAND COLLEGE,2018-2019,20373.04,20831.03
HOME COMPLETIONS,2018-2019,439623.18,445661.74
HOME COMPLETIONS,2019-2020,1113381.38,1101995.98
HOME COMPLETIONS,2020-2021,1254638.44,1200166.85
HOME COMPLETIONS,2021-2022,939967.00,885460.42
HOME COMPLETIONS,2022-2023,993723.00,894358.86
HOME COMPLETIONS,2023-2024,1663398.60,1431717.93
HOME COMPLETIONS,2024-2025,250814.67,209405.38
HOME COMPLETIONS,2025-2026,1173016.34,503988.82
HONEYWELL,2017-2018,3771167.69,3886807.26
HONEYWELL,2018-2019,3797442.83,3866339.88
HONEYWELL,2019-2020,1095848.34,1087698.82
HONEYWELL,2020-2021,1217001.72,1159044.04
HONEYWELL,2021-2022,858656.44,804480.64
HONEYWELL,2022-2023,938078.67,846400.37
HONEYWELL,2023-2024,13822.23,12085.35
HONEYWELL,2024-2025,98047.92,80011.90
HONEYWELL,2025-2026,521627.62,415256.40
HORIZANT,2019-2020,53886.55,53397.99
HORIZANT,2020-2021,4811.30,4534.15
HORIZANT,2025-2026,254945.20,171225.56
HOSKIN SCIENTIFIC,2017-2018,92402.06,95213.18
HOSKIN SCIENTIFIC,2018-2019,189445.52,192651.01
HOSKIN SCIENTIFIC,2019-2020,922876.89,913354.08
HOSKIN SCIENTIFIC,2020-2021,463963.81,440930.19
HOSKIN SCIENTIFIC,2021-2022,134105.36,123911.30
HOSKIN SCIENTIFIC,2022-2023,412562.90,371526.93
HOSKIN SCIENTIFIC,2023-2024,182170.40,156794.48
HOSKIN SCIENTIFIC,2024-2025,248273.75,203846.27
HOSKIN SCIENTIFIC,2025-2026,415866.94,162039.83
HOULE ELECTRIC,2017-2018,109862.63,112928.20
HOULE ELECTRIC,2018-2019,1782042.75,1814679.27
HOULE ELECTRIC,2019-2020,366049.15,363319.03
HOULE ELECTRIC,2020-2021,268319.42,254472.60
HOULE ELECTRIC,2021-2022,1571199.90,1459847.23
HOULE ELECTRIC,2022-2023,745989.12,675676.52
HOULE ELECTRIC,2023-2024,472647.34,408870.65
HOULE ELECTRIC,2024-2025,375756.15,309493.29
HOULE ELECTRIC,2025-2026,433809.25,289334.44
HUBSPOKE,2018-2019,641100.46,650053.52
HUBSPOKE,2019-2020,1436156.58,1426959.44
HUBSPOKE,2020-2021,1392719.84,1325013.06
HUBSPOKE,2021-2022,1878518.19,1747541.06
HUBSPOKE,2022-2023,2740600.85,2473185.54
HUBSPOKE,2023-2024,4958854.80,4298219.89
HUBSPOKE,2024-2025,2811927.78,2338041.07
HUBSPOKE,2025-2026,2485096.33,1632853.76
HUMAN LOGISTICS,2017-2018,2028700.00,2091313.19
HUMAN LOGISTICS,2018-2019,2405873.56,2456703.92
HUMAN LOGISTICS,2022-2023,354255.00,321548.56
HUMAN LOGISTICS,2023-2024,998195.00,862355.05
HUMAN LOGISTICS,2025-2026,1145421.83,0.00
HUMANSCALE CANADA,2019-2020,50169.90,49926.02
HUMANSCALE CANADA,2020-2021,49977.69,47602.31
HUMANSCALE CANADA,2021-2022,61290.77,57666.42
HUMANSCALE CANADA,2022-2023,103973.63,93734.18
HUMANSCALE CANADA,2023-2024,71507.94,61382.27
HUMANSCALE CANADA,2024-2025,114810.64,93922.09
HUMANSCALE CANADA,2025-2026,119180.55,71121.33
HUMANSYSTEMS,2017-2018,2389972.25,2463223.08
HUMANSYSTEMS,2018-2019,1353383.75,1377894.56
HUMANSYSTEMS,2019-2020,1207672.45,1197355.01
HUMANSYSTEMS,2020-2021,1899734.50,1811194.22
HUMANSYSTEMS,2021-2022,1504364.50,1408656.81
HUMANSYSTEMS,2022-2023,1128763.00,1019215.83
HUMANSYSTEMS,2023-2024,1211834.64,1050332.16
HUMANSYSTEMS,2024-2025,373579.83,313115.65
HUMANSYSTEMS,2025-2026,40000.00,7352.27
HYPERION CONSULTING,2017-2018,1255755.44,1293081.22
HYPERION CONSULTING,2018-2019,476880.71,483581.08
HYPERION CONSULTING,2019-2020,926468.67,918514.88
HYPERION CONSULTING,2020-2021,941696.51,896439.59
HYPERION CONSULTING,2021-2022,956658.98,891381.93
HYPERION CONSULTING,2022-2023,1121654.19,1013697.78
HYPERION CONSULTING,2023-2024,774003.13,670088.26
HYPERION CONSULTING,2024-2025,849711.54,701979.62
HYPERION CONSULTING,2025-2026,1614297.06,1107304.92
HYPERTEC,2017-2018,1712412.31,1764367.26
HYPERTEC,2018-2019,6499534.22,6580937.04
HYPERTEC,2019-2020,9884010.29,9835025.29
HYPERTEC,2020-2021,4695257.05,4449549.89
HYPERTEC,2021-2022,5752546.06,5306323.29
HYPERTEC,2022-2023,11332099.45,10218231.86
HYPERTEC,2023-2024,4056349.24,3492617.83
HYPERTEC,2024-2025,10199364.26,8389724.85
HYPERTEC,2025-2026,15430952.80,6215096.85
I M P GROUP,2017-2018,138507824.25,142752983.52
I M P GROUP,2018-2019,138507824.25,141039605.73
I M P GROUP,2019-2020,138887297.74,137772713.15
I M P GROUP,2020-2021,138507824.25,131872657.29
I M P GROUP,2021-2022,138507824.25,129228039.67
I M P GROUP,2022-2023,138537814.54,125092513.15
I M P GROUP,2023-2024,138887297.74,120408809.92
I M P GROUP,2024-2025,138507824.25,114860956.41
I M P GROUP,2025-2026,138507824.25,93024227.59
I4C INFORMATION TECHNOLOGY,2017-2018,444.05,456.28
I4C INFORMATION TECHNOLOGY,2018-2019,320477.08,326829.88
IBISKA TELECOM,2017-2018,9739705.69,10039942.05
IBISKA TELECOM,2018-2019,7030822.74,7156079.89
IBISKA TELECOM,2019-2020,11520110.92,11409059.20
IBISKA TELECOM,2020-2021,24794072.51,23608728.56
IBISKA TELECOM,2021-2022,27966428.57,26088358.04
IBISKA TELECOM,2022-2023,25177858.28,22736038.26
IBISKA TELECOM,2023-2024,24743710.58,21435502.86
IBISKA TELECOM,2024-2025,24166020.21,20013893.35
IBISKA TELECOM,2025-2026,24811206.02,17039087.49
IBM CANADA,2017-2018,47048364.74,48488495.10
IBM CANADA,2018-2019,47137182.27,47991333.11
IBM CANADA,2019-2020,47247504.42,46872268.98
IBM CANADA,2020-2021,53803651.06,51174597.67
IBM CANADA,2021-2022,22624230.68,21214407.87
IBM CANADA,2022-2023,23418309.87,21113872.42
IBM CANADA,2023-2024,38475423.92,33337426.02
IBM CANADA,2024-2025,40500947.57,33587578.64
IBM CANADA,2025-2026,42762328.50,29276956.68
ICEBERG NETWORKS,2020-2021,3347.28,3157.33
ICEBERG NETWORKS,2021-2022,20608.72,19315.41
IDN CANADA,2017-2018,257050.87,264939.32
IDN CANADA,2018-2019,241501.19,247098.36
IDN CANADA,2019-2020,366599.73,365080.78
IDN CANADA,2020-2021,207680.99,198649.09
IDN CANADA,2021-2022,262663.54,245310.25
IDN CANADA,2022-2023,346701.89,312119.97
IDN CANADA,2023-2024,341011.63,295865.69
IDN CANADA,2024-2025,175985.55,145777.72
IDN CANADA,2025-2026,194059.77,79507.64
IDP GROUP,2021-2022,3910229.87,3628492.40
IDP GROUP,2022-2023,1734720.16,1573862.19
IDS SYSTEMS CONSULTANTS,2017-2018,588896.89,606856.44
IDS SYSTEMS CONSULTANTS,2018-2019,678067.40,690461.78
IDS SYSTEMS CONSULTANTS,2019-2020,1073335.66,1064722.03
IDS SYSTEMS CONSULTANTS,2020-2021,903208.35,861418.65
IDS SYSTEMS CONSULTANTS,2021-2022,392335.65,366049.84
IDS SYSTEMS CONSULTANTS,2022-2023,392335.65,354259.23
IFATHOM,2020-2021,10780.13,10168.40
IFATHOM,2021-2022,51521.29,48351.05
IFATHOM,2022-2023,184959.11,166278.40
IFATHOM,2023-2024,847219.24,733956.61
IFATHOM,2024-2025,2183263.26,1807594.04
IFATHOM,2025-2026,3882867.06,2556467.56
IHS GLOBAL,2017-2018,703788.22,725318.37
IHS GLOBAL,2018-2019,170746.17,173825.95
IHS GLOBAL,2019-2020,12092.29,11876.65
IHS GLOBAL,2020-2021,25779.58,24535.81
IHS GLOBAL,2021-2022,15869.66,14978.22
IHS GLOBAL,2023-2024,13016.05,11139.53
IHS GLOBAL,2024-2025,17802.60,14874.49
IIC TECHNOLOGIES,2018-2019,17841.24,18016.96
IIC TECHNOLOGIES,2019-2020,60461.98,59976.77
IIC TECHNOLOGIES,2020-2021,60296.78,57408.29
IIC TECHNOLOGIES,2021-2022,55550.20,50940.02
IIC TECHNOLOGIES,2022-2023,370272.20,334257.31
IIC TECHNOLOGIES,2023-2024,388205.51,336556.07
IIC TECHNOLOGIES,2024-2025,371488.03,308224.08
IIC TECHNOLOGIES,2025-2026,341350.93,229257.13
ILLUMINA CANADA,2019-2020,143351.72,140340.95
ILLUMINA CANADA,2021-2022,33359.04,30747.40
IMP GROUP,2017-2018,1816502.73,1873523.65
IMP GROUP,2018-2019,1296483.56,1320547.60
IMP GROUP,2019-2020,1259678.88,1249253.75
IMP GROUP,2020-2021,551134.93,524733.01
IMP GROUP,2021-2022,551134.93,514209.84
IMP GROUP,2022-2023,551134.93,497646.93
IMP GROUP,2023-2024,552644.88,479117.34
IMP GROUP,2024-2025,551134.93,457041.94
IMP GROUP,2025-2026,176121.99,141093.43
IMPERIAL CLEANERS,2017-2018,7661454.57,7897283.78
IMPERIAL CLEANERS,2018-2019,9847930.98,10045446.62
IMPERIAL CLEANERS,2019-2020,8147567.38,8088297.97
IMPERIAL CLEANERS,2020-2021,5579415.88,5311690.24
IMPERIAL CLEANERS,2021-2022,4433743.95,4138503.86
IMPERIAL CLEANERS,2022-2023,4834950.33,4367424.62
IMPERIAL CLEANERS,2023-2024,4755301.99,4118839.85
IMPERIAL CLEANERS,2024-2025,6070632.92,5028250.70
IMPERIAL CLEANERS,2025-2026,5538147.31,3765726.82
IMPERIAL OIL,2017-2018,10996416.54,11337641.29
IMPERIAL OIL,2018-2019,3022680.97,3080732.36
IMPERIAL OIL,2019-2020,51843857.03,51585103.76
IMPERIAL OIL,2020-2021,31716705.92,30209705.11
IMPERIAL OIL,2021-2022,45078054.04,41957989.93
IMPERIAL OIL,2022-2023,100931115.11,91154001.64
IMPERIAL OIL,2023-2024,2775524.51,2448289.46
IMPERIAL OIL,2024-2025,4008.00,3380.01
INDAL TECHNOLOGIES,2017-2018,1357999.75,1399698.11
INDAL TECHNOLOGIES,2018-2019,1301812.56,1324930.34
INDAL TECHNOLOGIES,2019-2020,2090945.12,2078952.12
INDAL TECHNOLOGIES,2020-2021,2810672.70,2676280.16
INDAL TECHNOLOGIES,2021-2022,2580384.25,2418426.08
INDAL TECHNOLOGIES,2022-2023,3937427.63,3557013.58
INDAL TECHNOLOGIES,2023-2024,3218426.16,2791447.57
INDAL TECHNOLOGIES,2024-2025,428860.88,359278.45
INDAL TECHNOLOGIES,2025-2026,1119882.85,299759.49
INDUSTRA CONSTRUCTION,2017-2018,5587968.68,5743521.91
INDUSTRA CONSTRUCTION,2018-2019,7286149.04,7460137.04
INDUSTRA CONSTRUCTION,2019-2020,240759.08,239756.38
INDUSTRA CONSTRUCTION,2020-2021,89446.60,84619.56
INDUSTRA CONSTRUCTION,2021-2022,1202355.09,1117772.09
INDUSTRA CONSTRUCTION,2022-2023,1439261.33,1299654.71
INDUSTRIES OCEAN,2019-2020,14994969.88,14862907.32
INDUSTRIES OCEAN,2020-2021,15956746.38,15192344.25
INDUSTRIES OCEAN,2021-2022,15956746.38,14887671.98
INDUSTRIES OCEAN,2022-2023,15956746.38,14408134.00
INDUSTRIES OCEAN,2023-2024,16000463.49,13871655.64
INDUSTRIES OCEAN,2024-2025,35885949.55,29759289.84
INDUSTRIES OCEAN,2025-2026,23907460.49,16610892.82
INFO TECH RESEARCH GROUP,2019-2020,17176.00,16766.85
INFO TECH RESEARCH GROUP,2021-2022,72450.64,67140.88
INFO TECH RESEARCH GROUP,2022-2023,329114.78,297095.08
INFO TECH RESEARCH GROUP,2023-2024,155336.59,134196.98
INFO TECH RESEARCH GROUP,2024-2025,185876.10,154154.73
INFO TECH RESEARCH GROUP,2025-2026,44599.63,36167.29
INLAND AUDIO VISUAL,2017-2018,410555.42,421960.45
INLAND AUDIO VISUAL,2018-2019,780508.61,788369.78
INLAND AUDIO VISUAL,2019-2020,537688.58,524894.10
INLAND AUDIO VISUAL,2020-2021,626084.00,594082.07
INLAND AUDIO VISUAL,2021-2022,75246.02,69490.81
INLAND AUDIO VISUAL,2022-2023,494550.86,444668.91
INLAND AUDIO VISUAL,2023-2024,275423.02,236044.35
INLAND AUDIO VISUAL,2024-2025,103461.73,85080.69
INLAND AUDIO VISUAL,2025-2026,272663.55,176994.62
INNOCAR,2020-2021,975182.91,929946.85
INNOCAR,2021-2022,1647878.53,1537473.52
INNOCAR,2022-2023,702304.56,636919.45
INSA,2018-2019,249556.60,251936.33
INSA,2019-2020,457766.35,454737.30
INSA,2020-2021,345160.75,326700.80
INSA,2021-2022,51760.36,48409.31
INSA,2022-2023,856175.81,770638.38
INSA,2023-2024,1459215.62,1264482.44
INSA,2024-2025,414028.88,344551.11
INSA,2025-2026,66804.77,53657.07
INSIGHT SOFTWARE CANADA,2017-2018,125705.23,129453.62
INSIGHT SOFTWARE CANADA,2018-2019,111877.33,113393.11
INSIGHT SOFTWARE CANADA,2019-2020,63273.84,62370.25
INSIGHT SOFTWARE CANADA,2020-2021,92806.78,88218.00
INSIGHT SOFTWARE CANADA,2021-2022,166151.78,154346.30
INSIGHT SOFTWARE CANADA,2022-2023,83895.17,75798.14
INSIGHT SOFTWARE CANADA,2023-2024,123729.15,106869.58
INSIGHT SOFTWARE CANADA,2024-2025,91144.89,74915.03
INSIGHT SOFTWARE CANADA,2025-2026,90112.27,50225.46
INSTITUT NATIONAL D OPTIQUE,2017-2018,119930.42,123289.19
INSTITUT NATIONAL D OPTIQUE,2018-2019,883278.70,897714.99
INSTITUT NATIONAL D OPTIQUE,2019-2020,1161360.59,1148794.32
INSTITUT NATIONAL D OPTIQUE,2020-2021,1400741.65,1335158.91
INSTITUT NATIONAL D OPTIQUE,2021-2022,1230015.04,1145833.05
INSTITUT NATIONAL D OPTIQUE,2022-2023,1031809.99,931042.45
INSTITUT NATIONAL D OPTIQUE,2023-2024,5666.89,5003.26
INSTITUT NATIONAL D OPTIQUE,2024-2025,1124909.81,928909.37
INSTITUT NATIONAL D OPTIQUE,2025-2026,1451192.36,971149.55
INSTITUTE ON GOVERNANCE,2017-2018,48000.00,49519.88
INSTITUTE ON GOVERNANCE,2018-2019,49000.00,50176.01
INSTITUTE ON GOVERNANCE,2019-2020,15428.85,15363.36
INSTITUTE ON GOVERNANCE,2020-2021,20071.15,19133.95
INSTITUTE ON GOVERNANCE,2024-2025,14000.00,11579.94
INSTITUTE ON GOVERNANCE,2025-2026,37649.18,7318.52
INSTRUX MEDIA,2018-2019,23507.46,23707.94
INSTRUX MEDIA,2019-2020,51492.53,51551.08
INTEGRA NETWORKS,2017-2018,1095017.50,1128505.07
INTEGRA NETWORKS,2018-2019,1143873.32,1155637.89
INTEGRA NETWORKS,2019-2020,1248316.35,1224606.63
INTEGRA NETWORKS,2020-2021,431498.94,408958.58
INTEGRA NETWORKS,2021-2022,110691.57,103663.57
INTEGRA NETWORKS,2022-2023,773241.16,699859.37
INTEGRA NETWORKS,2023-2024,269040.03,234334.54
INTEGRA NETWORKS,2024-2025,72077.40,59698.61
INTEGRA NETWORKS,2025-2026,67392.08,44494.45
INTEGRATED DISTRIBUTION SYSTEMS,2017-2018,756994.13,777970.27
INTEGRATED DISTRIBUTION SYSTEMS,2018-2019,9581104.75,9788625.87
INTEGRATED DISTRIBUTION SYSTEMS,2019-2020,11187.00,11097.22
INTEGRATED DISTRIBUTION SYSTEMS,2020-2021,58404.78,55253.10
INTEGRATED DISTRIBUTION SYSTEMS,2021-2022,199231.27,185883.12
INTEGRATED DISTRIBUTION SYSTEMS,2022-2023,141372.33,127880.51
INTEGRATED DISTRIBUTION SYSTEMS,2023-2024,64330.67,55956.69
INTER MEDICO,2020-2021,417388.59,397734.67
INTER MEDICO,2021-2022,793256.24,740109.45
INTER MEDICO,2022-2023,793256.24,716270.22
INTER MEDICO,2023-2024,795429.55,689600.32
INTER MEDICO,2024-2025,491401.34,410146.27
INTER MEDICO,2025-2026,54022.36,42719.53
INTER OUTAOUAIS,2017-2018,3001587.87,3094359.57
INTER OUTAOUAIS,2018-2019,4394427.37,4469616.48
INTER OUTAOUAIS,2019-2020,7224452.11,7149808.30
INTER OUTAOUAIS,2020-2021,4336950.34,4127427.49
INTER OUTAOUAIS,2021-2022,1422370.10,1344754.60
INTER OUTAOUAIS,2022-2023,1286808.35,1160810.57
INTER OUTAOUAIS,2023-2024,888454.15,777325.44
INTER OUTAOUAIS,2024-2025,2647952.27,2183061.51
INTER OUTAOUAIS,2025-2026,3427574.80,2386299.27
INTERACTIVE AUDIO VISUAL,2017-2018,922951.95,950723.40
INTERACTIVE AUDIO VISUAL,2018-2019,141591.47,143215.47
INTERACTIVE AUDIO VISUAL,2019-2020,244616.36,240921.81
INTERACTIVE AUDIO VISUAL,2020-2021,571650.05,546174.44
INTERACTIVE AUDIO VISUAL,2021-2022,316940.62,291304.92
INTERACTIVE AUDIO VISUAL,2022-2023,1849486.52,1662943.31
INTERACTIVE AUDIO VISUAL,2023-2024,1658879.58,1431973.11
INTERACTIVE AUDIO VISUAL,2024-2025,2451180.46,2008637.78
INTERACTIVE AUDIO VISUAL,2025-2026,1040185.82,66561.19
INTERCON MARINE,2017-2018,0.00,0.00
INTERCON MARINE,2018-2019,0.00,0.00
INTERCON MARINE,2019-2020,17600.10,17242.05
INTERCON MARINE,2021-2022,11431.73,10842.33
INTERCON MARINE,2022-2023,12759.34,11562.70
INTERCON MARINE,2023-2024,67857.19,58173.34
INTERCON MARINE,2024-2025,115163.49,95286.56
INTERCON MARINE,2025-2026,3585690.73,1247042.09
INTERCONTINENTAL TRUCK BODY,2018-2019,23467.50,23809.99
INTERCONTINENTAL TRUCK BODY,2021-2022,14653.80,13898.28
INTERCONTINENTAL TRUCK BODY,2024-2025,46494.85,37942.07
INTERCONTINENTAL TRUCK BODY,2025-2026,598620.90,441860.59
INTERFAX SYSTEMS,2017-2018,340349.71,349927.01
INTERFAX SYSTEMS,2018-2019,753012.25,765922.49
INTERFAX SYSTEMS,2019-2020,475671.70,474823.58
INTERFAX SYSTEMS,2020-2021,649674.50,612913.91
INTERFAX SYSTEMS,2021-2022,1038584.12,966359.55
INTERFAX SYSTEMS,2022-2023,647150.85,584824.69
INTERFAX SYSTEMS,2023-2024,130968.48,113354.43
INTERFAX SYSTEMS,2024-2025,67187.47,55715.06
INTERFAX SYSTEMS,2025-2026,66021.38,38812.21
INTERNATIONAL CUSTOM PRODUCTS ICP,2020-2021,137920.43,130094.04
INTERNATIONAL CUSTOM PRODUCTS ICP,2021-2022,5593439.57,5218688.80
INTERNATIONAL REPORTING,2017-2018,512.09,526.20
INTERNATIONAL REPORTING,2018-2019,119922.68,121975.74
INTERNATIONAL REPORTING,2019-2020,232941.64,230887.30
INTERNATIONAL REPORTING,2020-2021,26132.68,24747.61
INTERNATIONAL REPORTING,2021-2022,67721.59,62708.24
INTERNATIONAL REPORTING,2022-2023,23951.09,21739.81
INTERNATIONAL REPORTING,2023-2024,0.00,0.00
INTERNATIONAL SAFETY RESEARCH,2017-2018,5424747.11,5592529.71
INTERNATIONAL SAFETY RESEARCH,2018-2019,4993675.39,5083934.13
INTERNATIONAL SAFETY RESEARCH,2019-2020,3517502.91,3490573.20
INTERNATIONAL SAFETY RESEARCH,2020-2021,1001807.03,953791.53
INTERNATIONAL SAFETY RESEARCH,2021-2022,814366.52,759805.37
INTERNATIONAL SAFETY RESEARCH,2022-2023,277723.31,251963.90
INTERWORKS CONTRACTING,2023-2024,81638.99,69988.35
INTERWORKS CONTRACTING,2024-2025,273920.28,228479.48
INVERIS TRAINING SOLUTIONS,2017-2018,6420032.04,6619684.87
INVERIS TRAINING SOLUTIONS,2018-2019,1263977.33,1296132.79
INVERIS TRAINING SOLUTIONS,2020-2021,380795.59,363360.16
INVERIS TRAINING SOLUTIONS,2021-2022,3715824.50,3426738.84
INVERIS TRAINING SOLUTIONS,2022-2023,6859176.65,6193489.19
INVERIS TRAINING SOLUTIONS,2023-2024,6877968.91,5962878.28
INVERIS TRAINING SOLUTIONS,2024-2025,6859176.65,5688137.80
INVERIS TRAINING SOLUTIONS,2025-2026,6859176.65,4606740.54
IPSOS,2017-2018,6254.85,6452.84
IPSS,2017-2018,700342.52,720979.16
IPSS,2018-2019,1732773.14,1766892.64
IPSS,2019-2020,307142.66,305000.25
IPSS,2020-2021,11334075.99,10782463.26
IPSS,2021-2022,22893455.47,21234669.54
IPSS,2022-2023,20658984.26,18648508.43
IPSS,2023-2024,14977141.72,12976691.37
IPSS,2024-2025,10970139.86,9124684.99
IPSS,2025-2026,9523881.64,6568574.96
IRON MOUNTAIN,2017-2018,47201.36,48648.05
IRON MOUNTAIN,2018-2019,98050.00,99811.40
IRON MOUNTAIN,2019-2020,80464.97,79911.23
IRON MOUNTAIN,2020-2021,92159.74,87926.70
IRON MOUNTAIN,2021-2022,124950.31,115722.31
IRON MOUNTAIN,2022-2023,129841.21,117254.52
IRON MOUNTAIN,2023-2024,34459.12,29874.45
IRON MOUNTAIN,2024-2025,89523.49,74010.76
IRON MOUNTAIN,2025-2026,57943.13,36190.45
IRONCLAD EARTHWORKS,2017-2018,739753.52,763327.12
IRONCLAD EARTHWORKS,2018-2019,40236.79,41225.65
IRVCON,2017-2018,279420.32,287324.01
IRVCON,2018-2019,1377324.68,1404348.24
IRVCON,2019-2020,1192904.00,1184228.07
IRVCON,2020-2021,880452.55,841049.80
IRVCON,2021-2022,408350.93,386611.23
IRVCON,2022-2023,12204.00,11033.74
IRVCON,2025-2026,10617.48,0.00
IRVING OIL,2017-2018,23221288.21,23896566.42
IRVING OIL,2018-2019,26930836.69,27437798.92
IRVING OIL,2019-2020,37098252.89,36776909.48
IRVING OIL,2020-2021,34280435.81,32726048.96
IRVING OIL,2021-2022,40360314.12,37487049.48
IRVING OIL,2022-2023,46513436.16,42026432.26
IRVING OIL,2023-2024,62421167.85,54088385.45
IRVING OIL,2024-2025,63107509.52,52508795.27
IRVING OIL,2025-2026,49118524.40,24113007.13
IRVING SHIPBUILDING,2017-2018,615352074.97,634222775.97
IRVING SHIPBUILDING,2018-2019,609657238.16,620801149.44
IRVING SHIPBUILDING,2019-2020,706939357.86,700858590.10
IRVING SHIPBUILDING,2020-2021,741348998.35,705834944.14
IRVING SHIPBUILDING,2021-2022,716564196.64,669203058.88
IRVING SHIPBUILDING,2022-2023,640832858.07,578639621.80
IRVING SHIPBUILDING,2023-2024,642588564.53,557094317.32
IRVING SHIPBUILDING,2024-2025,711515472.43,589106584.69
IRVING SHIPBUILDING,2025-2026,1530458866.40,1027882393.51
ISLAND CATERING,2018-2019,1613716.34,1641410.53
ISLAND CATERING,2019-2020,1835944.16,1821210.52
ISLAND CATERING,2020-2021,1862384.65,1773243.92
ISLAND CATERING,2021-2022,261168.45,246747.15
ISLAND CATERING,2024-2025,34237.82,27939.74
ISLAND CATERING,2025-2026,41151.78,10130.31
ISLAND TEMPERATURE CONTROLS,2018-2019,111594.00,114102.66
ISLAND TEMPERATURE CONTROLS,2019-2020,688042.20,679645.58
ISLAND TEMPERATURE CONTROLS,2020-2021,1410343.50,1342631.20
ISLAND TEMPERATURE CONTROLS,2021-2022,341550.00,317357.40
ISLAND TEMPERATURE CONTROLS,2022-2023,48791.00,43863.15
IT NET CONSULTANTS,2017-2018,2798944.42,2883229.50
IT NET CONSULTANTS,2018-2019,4940019.91,5028933.49
IT NET CONSULTANTS,2019-2020,5163328.67,5121892.43
IT NET CONSULTANTS,2020-2021,3691741.03,3515860.63
IT NET CONSULTANTS,2021-2022,205593.16,193587.92
IT NET CONSULTANTS,2022-2023,324736.62,293092.01
IT NET CONSULTANTS,2023-2024,250881.03,219260.18
ITEX,2017-2018,6504302.71,6693064.83
ITEX,2018-2019,10899240.76,11026129.94
ITEX,2019-2020,10267620.22,10163908.65
ITEX,2020-2021,5358310.58,5084399.39
ITEX,2021-2022,7214817.97,6669132.42
ITEX,2022-2023,2314658.51,2082651.91
ITEX,2023-2024,887087.93,766223.36
ITEX,2024-2025,1684268.79,1395715.88
ITEX,2025-2026,206038.38,134794.81
IVAN S CAMERA,2017-2018,1165966.02,1198322.86
IVAN S CAMERA,2018-2019,645349.42,652880.87
IVAN S CAMERA,2019-2020,1085248.32,1062990.92
IVAN S CAMERA,2020-2021,1139487.19,1079583.08
IVAN S CAMERA,2021-2022,1118749.25,1032831.23
IVAN S CAMERA,2022-2023,1306118.80,1176880.30
IVAN S CAMERA,2023-2024,1979372.43,1708149.33
IVAN S CAMERA,2024-2025,946075.64,776989.24
IVAN S CAMERA,2025-2026,313548.36,211530.77
J E ENTERPRISES,2025-2026,10580.00,8361.68
J J TRAILERS MANUFACTURERS AND SALES,2018-2019,763420.09,775846.30
J J TRAILERS MANUFACTURERS AND SALES,2021-2022,2122464.75,1991260.93
J J TRAILERS MANUFACTURERS AND SALES,2022-2023,1131257.75,1022344.76
J J TRAILERS MANUFACTURERS AND SALES,2023-2024,219986.10,191369.55
J J TRAILERS MANUFACTURERS AND SALES,2024-2025,87110.08,72846.18
J L RICHARDS ASSOCIATES,2017-2018,132134.82,136041.04
J L RICHARDS ASSOCIATES,2018-2019,194658.57,198442.78
J L RICHARDS ASSOCIATES,2019-2020,115672.87,114701.37
J L RICHARDS ASSOCIATES,2020-2021,65702.53,62530.31
J L RICHARDS ASSOCIATES,2021-2022,26988.38,25254.98
J L RICHARDS ASSOCIATES,2025-2026,8367.72,3276.73
JANKEL TACTICAL SYSTEMS,2017-2018,119642.09,123429.36
JANKEL TACTICAL SYSTEMS,2019-2020,374466.86,369404.58
JANKEL TACTICAL SYSTEMS,2020-2021,71275.90,67956.00
JANKEL TACTICAL SYSTEMS,2021-2022,61817.48,58442.37
JASCO APPLIED SCIENCES CANADA,2017-2018,5531.81,5701.36
JASCO APPLIED SCIENCES CANADA,2018-2019,180471.64,182514.97
JASCO APPLIED SCIENCES CANADA,2019-2020,19475.36,19546.19
JASCO APPLIED SCIENCES CANADA,2021-2022,356500.00,323302.70
JASCO APPLIED SCIENCES CANADA,2022-2023,688678.66,619122.71
JASCO APPLIED SCIENCES CANADA,2023-2024,138949.44,119120.07
JASCO APPLIED SCIENCES CANADA,2024-2025,2764860.58,2292827.02
JASCO APPLIED SCIENCES CANADA,2025-2026,158671.06,128379.99
JASTRAM ENGINEERING,2017-2018,2234078.57,2301044.78
JASTRAM ENGINEERING,2018-2019,1527674.76,1563320.06
JASTRAM ENGINEERING,2025-2026,273910.95,106741.70
JAVELIN TECHNOLOGIES,2017-2018,54692.02,56220.03
JAVELIN TECHNOLOGIES,2018-2019,132168.09,134405.09
JAVELIN TECHNOLOGIES,2019-2020,778355.71,762244.35
JAVELIN TECHNOLOGIES,2020-2021,328495.61,312821.73
JAVELIN TECHNOLOGIES,2021-2022,472655.98,437802.43
JAVELIN TECHNOLOGIES,2022-2023,287458.91,259734.45
JAVELIN TECHNOLOGIES,2023-2024,202861.62,176543.79
JAVELIN TECHNOLOGIES,2024-2025,21579.63,17945.21
JAVELIN TECHNOLOGIES,2025-2026,29806.44,812.56
JCB,2018-2019,1335404.42,1351689.96
JCB,2019-2020,640087.30,640733.31
JCB,2020-2021,549591.76,520364.25
JCB,2021-2022,749001.16,708531.29
JCB,2022-2023,1950172.05,1755593.57
JCB,2023-2024,654335.08,575567.71
JCB,2025-2026,250155.99,0.00
JEAN DAOUST CONSTRUCTION,2022-2023,227584.00,205665.08
JHT DEFENSE,2017-2018,3762727.70,3878830.08
JHT DEFENSE,2018-2019,2679701.27,2727456.76
JHT DEFENSE,2019-2020,2928748.13,2909171.96
JHT DEFENSE,2020-2021,1994733.54,1896850.43
JHT DEFENSE,2021-2022,2667745.44,2493361.84
JHT DEFENSE,2022-2023,2834760.82,2559585.07
JHT DEFENSE,2023-2024,1063720.84,918601.56
JHT DEFENSE,2024-2025,1073214.62,888856.46
JHT DEFENSE,2025-2026,2143073.36,1300861.60
JIM PATTISON INDUSTRIES,2021-2022,14357.67,13020.68
JIM PATTISON INDUSTRIES,2025-2026,96228.15,38070.67
JOHN WILEY SONS,2017-2018,10892.64,11232.64
JOHN WILEY SONS,2018-2019,21066.72,21382.81
JOHN WILEY SONS,2019-2020,205888.27,202894.89
JOHN WILEY SONS,2020-2021,95738.06,91396.64
JOHN WILEY SONS,2021-2022,55063.11,50753.94
JOHN WILEY SONS,2022-2023,102838.42,92854.59
JOHN WILEY SONS,2023-2024,99953.18,86650.76
JOHN WILEY SONS,2024-2025,121682.54,100872.81
JOHN WILEY SONS,2025-2026,252769.90,172946.23
JOHNSON CONTROLS CANADA,2017-2018,67002.40,69171.76
JOHNSON CONTROLS CANADA,2018-2019,136148.70,138391.41
JOHNSON CONTROLS CANADA,2019-2020,348000.46,345285.98
JOHNSON CONTROLS CANADA,2020-2021,340357.19,324052.50
JOHNSON CONTROLS CANADA,2021-2022,1546636.52,1437550.91
JOHNSON CONTROLS CANADA,2022-2023,1880527.65,1698097.21
JOHNSON CONTROLS CANADA,2023-2024,4038118.06,3499600.39
JOHNSON CONTROLS CANADA,2024-2025,4152331.41,3444274.87
JOHNSON CONTROLS CANADA,2025-2026,4092935.93,2755284.84
JONELJIM CONCRETE CONSTRUCTION,2020-2021,145664.75,138473.16
JONELJIM CONCRETE CONSTRUCTION,2021-2022,13244.00,12290.67
JONELJIM CONCRETE CONSTRUCTION,2022-2023,35848.19,32297.01
JONELJIM CONCRETE CONSTRUCTION,2023-2024,331776.32,284590.91
JONELJIM CONCRETE CONSTRUCTION,2024-2025,685233.85,566469.04
JONELJIM CONCRETE CONSTRUCTION,2025-2026,230059.56,142830.26
JOSEPH ELIE,2018-2019,441116.96,448375.02
JOWA FAHRZEUGTEILE VERTRIEBS,2017-2018,4467908.43,4601498.10
JOWA FAHRZEUGTEILE VERTRIEBS,2018-2019,2551131.05,2609907.88
JOWA FAHRZEUGTEILE VERTRIEBS,2019-2020,6122610.03,6063991.19
JOWA FAHRZEUGTEILE VERTRIEBS,2020-2021,6126461.67,5842693.70
JOWA FAHRZEUGTEILE VERTRIEBS,2021-2022,1715667.20,1621121.97
JOWA FAHRZEUGTEILE VERTRIEBS,2022-2023,43183.51,39109.84
JOWA FAHRZEUGTEILE VERTRIEBS,2023-2024,767038.88,660549.27
JOWA FAHRZEUGTEILE VERTRIEBS,2024-2025,206286.97,173965.32
JP2G CONSULTANTS,2017-2018,753147.34,775327.69
JP2G CONSULTANTS,2018-2019,1416160.65,1440171.60
JP2G CONSULTANTS,2019-2020,1781523.23,1762812.56
JP2G CONSULTANTS,2020-2021,1748265.77,1663565.84
JP2G CONSULTANTS,2021-2022,1705806.76,1588175.36
JP2G CONSULTANTS,2022-2023,1277419.67,1154973.50
JP2G CONSULTANTS,2023-2024,1180799.31,1022998.22
JP2G CONSULTANTS,2024-2025,817317.73,679126.63
JP2G CONSULTANTS,2025-2026,578954.47,361052.63
JSK NAVAL SUPPORT,2017-2018,2067722.34,2129271.65
JSK NAVAL SUPPORT,2018-2019,2507390.53,2554825.39
JSK NAVAL SUPPORT,2019-2020,677594.26,676084.47
JSK NAVAL SUPPORT,2020-2021,653367.15,623559.22
JSK NAVAL SUPPORT,2021-2022,425190.39,397765.27
JSK NAVAL SUPPORT,2022-2023,268169.79,242150.44
JSK NAVAL SUPPORT,2023-2024,299994.66,260055.52
JSK NAVAL SUPPORT,2024-2025,250920.55,208158.10
JSK NAVAL SUPPORT,2025-2026,151083.72,101470.41
JULIAN SIMON GROUP,2020-2021,4942620.00,4719255.83
JUMPING ELEPHANTS,2024-2025,12186.66,9944.91
JUMPING ELEPHANTS,2025-2026,118063.20,80838.50
JUNO RISK SOLUTIONS,2019-2020,84495.49,83279.35
JUNO RISK SOLUTIONS,2020-2021,198166.13,190209.05
JUNO RISK SOLUTIONS,2021-2022,27667.50,26142.95
JUNO RISK SOLUTIONS,2022-2023,71416.00,64271.65
JWK CONTRACTING,2020-2021,839434.63,799539.53
JWK CONTRACTING,2021-2022,1574343.47,1449479.49
JWK CONTRACTING,2022-2023,147401.16,133568.92
JWK CONTRACTING,2024-2025,50354.30,41164.43
JWK CONTRACTING,2025-2026,1378688.11,925950.56
JWT JUNGENTHAL WEHRTECHNIK,2017-2018,998632.01,1029239.32
JWT JUNGENTHAL WEHRTECHNIK,2018-2019,998632.01,1016885.98
JWT JUNGENTHAL WEHRTECHNIK,2019-2020,1001367.99,993331.91
JWT JUNGENTHAL WEHRTECHNIK,2020-2021,998632.01,950792.91
JWT JUNGENTHAL WEHRTECHNIK,2021-2022,867305.06,812627.62
JWT JUNGENTHAL WEHRTECHNIK,2024-2025,489866.67,402259.88
JWT JUNGENTHAL WEHRTECHNIK,2025-2026,610133.33,491505.83
K RITE CONSTRUCTION,2017-2018,757584.88,778461.72
K RITE CONSTRUCTION,2021-2022,201911.18,188259.13
K RITE CONSTRUCTION,2022-2023,105976.01,95690.97
K RITE CONSTRUCTION,2023-2024,106266.36,92127.98
K RITE CONSTRUCTION,2024-2025,85193.00,70646.94
K RITE CONSTRUCTION,2025-2026,38955.12,26162.93
KENN BOREK AIR,2017-2018,26211.00,27072.90
KENN BOREK AIR,2019-2020,78206.94,77028.14
KENN BOREK AIR,2020-2021,42432.64,40805.92
KENN BOREK AIR,2021-2022,45166.62,42180.65
KENN BOREK AIR,2022-2023,188166.14,170494.67
KENN BOREK AIR,2023-2024,129225.40,113025.77
KENN BOREK AIR,2025-2026,53697.50,43139.35
KEYDATA ASSOCIATES,2025-2026,3538.48,0.00
KEYSIGHT TECHNOLOGIES CANADA,2017-2018,677267.89,697190.27
KEYSIGHT TECHNOLOGIES CANADA,2018-2019,1492031.11,1512033.07
KEYSIGHT TECHNOLOGIES CANADA,2019-2020,212638.10,211096.05
KEYSIGHT TECHNOLOGIES CANADA,2020-2021,115199.33,109502.49
KEYSIGHT TECHNOLOGIES CANADA,2021-2022,497749.70,459137.30
KEYSIGHT TECHNOLOGIES CANADA,2022-2023,999413.43,898863.38
KEYSIGHT TECHNOLOGIES CANADA,2023-2024,128084.04,111267.34
KEYSIGHT TECHNOLOGIES CANADA,2024-2025,629755.42,514940.73
KEYSIGHT TECHNOLOGIES CANADA,2025-2026,11999.93,7144.37
KEYSTONE SUPPLIES INTERNATIONAL,2017-2018,9759.94,10077.35
KEYSTONE SUPPLIES INTERNATIONAL,2020-2021,52715.86,50666.24
KEYSTONE SUPPLIES INTERNATIONAL,2021-2022,6757.71,6128.43
KEYSTONE SUPPLIES INTERNATIONAL,2022-2023,64560.67,58282.68
KEYSTONE SUPPLIES INTERNATIONAL,2023-2024,60742.02,52118.30
KEYSTONE SUPPLIES INTERNATIONAL,2024-2025,98462.61,81868.83
KEYSTONE SUPPLIES INTERNATIONAL,2025-2026,2345467.12,1103530.05
KF AEROSPACE,2017-2018,80992212.62,83474562.22
KF AEROSPACE,2018-2019,80995340.96,82475822.52
KF AEROSPACE,2019-2020,81309523.53,80657006.39
KF AEROSPACE,2020-2021,81063903.79,77180774.39
KF AEROSPACE,2021-2022,80992212.62,75565874.50
KF AEROSPACE,2022-2023,81012609.26,73150203.50
KF AEROSPACE,2023-2024,81276432.17,70463075.51
KF AEROSPACE,2024-2025,80992212.62,67164747.22
KF AEROSPACE,2025-2026,80992212.62,54395757.50
KIA CANADA,2021-2022,2150177.34,1964625.01
KIA CANADA,2022-2023,198947.98,180580.19
KIA CANADA,2023-2024,167686.35,143523.93
KIA CANADA,2025-2026,2350720.10,1309612.56
KILEY PAVING,2017-2018,50000.00,51668.48
KILEY PAVING,2018-2019,16742.08,17017.55
KILEY PAVING,2020-2021,115640.34,109656.99
KILEY PAVING,2021-2022,183977.75,171970.09
KILEY PAVING,2023-2024,163800.00,140995.24
KINETIC CONSTRUCTION,2017-2018,4240512.60,4373665.02
KINETIC CONSTRUCTION,2018-2019,3281035.09,3332319.97
KINETIC CONSTRUCTION,2019-2020,4719919.34,4680498.22
KINETIC CONSTRUCTION,2020-2021,4935682.85,4699470.57
KINETIC CONSTRUCTION,2021-2022,7125708.39,6642887.92
KINETIC CONSTRUCTION,2022-2023,8062306.62,7272787.54
KINETIC CONSTRUCTION,2023-2024,8402737.14,7291631.35
KINETIC CONSTRUCTION,2024-2025,4078956.47,3382802.15
KINETIC CONSTRUCTION,2025-2026,196382.40,159252.89
KINETIC MACHINE WORKS,2018-2019,24160.50,24558.03
KINETIC MACHINE WORKS,2019-2020,17174.46,16973.47
KINETIC MACHINE WORKS,2020-2021,24826.19,23488.90
KINETIC MACHINE WORKS,2022-2023,21675.35,19527.70
KINETIC MACHINE WORKS,2023-2024,31500.00,27166.81
KINETIC MACHINE WORKS,2024-2025,42000.00,34506.93
KINETIC MACHINE WORKS,2025-2026,21000.00,16870.92
KINGS ENTERPRISES,2017-2018,139080.44,143145.78
KINGS ENTERPRISES,2018-2019,167686.00,170097.96
KINGS ENTERPRISES,2019-2020,134605.00,132587.32
KINGS ENTERPRISES,2020-2021,958228.21,913671.13
KINGS ENTERPRISES,2021-2022,1327955.56,1240807.66
KINGS ENTERPRISES,2022-2023,856426.76,772170.80
KINGS ENTERPRISES,2023-2024,252785.13,217815.56
KINGS ENTERPRISES,2024-2025,2439195.72,2018300.34
KINGS ENTERPRISES,2025-2026,3272771.87,2241410.53
KINGSVIEW CONSTRUCTION,2018-2019,746283.14,756596.36
KINGSVIEW CONSTRUCTION,2019-2020,2264456.08,2235630.85
KINGSVIEW CONSTRUCTION,2020-2021,690541.41,654396.13
KLEYSEN GROUP,2018-2019,381760.32,385016.07
KLEYSEN GROUP,2019-2020,2210191.33,2216381.16
KMS INDUSTRIES,2018-2019,141220.36,144293.22
KMS INDUSTRIES,2019-2020,329574.84,326929.97
KMS INDUSTRIES,2021-2022,169244.91,160518.95
KMS INDUSTRIES,2023-2024,56680.52,48591.69
KMS INDUSTRIES,2025-2026,17604916.85,8436405.01
KNAPPETT INDUSTRIES,2017-2018,1831069.32,1889477.04
KNAPPETT INDUSTRIES,2018-2019,22408.16,22980.03
KNAPPETT INDUSTRIES,2019-2020,9505289.20,9376052.29
KNAPPETT INDUSTRIES,2020-2021,14648768.53,13947046.51
KNAPPETT INDUSTRIES,2021-2022,14830324.82,13836076.34
KNAPPETT INDUSTRIES,2022-2023,14732593.55,13308731.09
KNAPPETT INDUSTRIES,2023-2024,5978685.51,5178203.19
KNAPPETT INDUSTRIES,2024-2025,3919935.03,3250837.04
KNAPPETT INDUSTRIES,2025-2026,894192.71,574067.46
KNIGHT AEROSPACE MEDICAL SYSTEMS,2020-2021,3696520.42,3531162.51
KNOLL NORTH AMERICA,2018-2019,43738.01,44744.05
KNOLL NORTH AMERICA,2019-2020,28803.19,28351.47
KNOLL NORTH AMERICA,2020-2021,197.51,186.13
KNOWLEDGE CIRCLE,2019-2020,26646.93,26254.45
KNOWLEDGE CIRCLE,2020-2021,4660.17,4391.73
KNOWLEDGE CIRCLE,2021-2022,6977.29,6509.82
KNOWLEDGE CIRCLE,2022-2023,19370.93,17572.65
KNOWLEDGE CIRCLE,2023-2024,82759.95,70852.84
KNOWLEDGE CIRCLE,2024-2025,63198.50,51712.86
KNOWLEDGE CIRCLE,2025-2026,93516.02,50578.40
KODIAK GROUP HOLDINGS,2017-2018,1555816.48,1603501.07
KODIAK GROUP HOLDINGS,2018-2019,19131.71,19481.42
KODIAK GROUP HOLDINGS,2019-2020,16039.19,15960.15
KODIAK GROUP HOLDINGS,2024-2025,22146.44,18318.17
KONE,2017-2018,11926.78,12267.63
KONE,2018-2019,107839.56,109783.81
KONE,2019-2020,91393.36,90659.92
KONE,2020-2021,105643.65,100582.83
KONE,2021-2022,125394.40,117300.10
KONE,2022-2023,129425.02,116834.57
KONE,2023-2024,120828.09,104856.59
KONE,2024-2025,141757.41,117555.75
KONE,2025-2026,141757.41,95206.71
KONGSBERG,2017-2018,3169530.87,3266087.80
KONGSBERG,2018-2019,4802476.29,4890260.65
KONGSBERG,2019-2020,4625872.52,4591746.83
KONGSBERG,2020-2021,2979769.62,2837024.84
KONGSBERG,2021-2022,3666715.19,3406751.97
KONGSBERG,2022-2023,4856603.05,4386695.49
KONGSBERG,2023-2024,2987933.38,2590398.89
KONGSBERG,2024-2025,2979769.62,2471045.88
KONGSBERG,2025-2026,2815537.27,1360214.15
KONICA MINOLTA BUSINESS SOLUTIONS,2017-2018,462687.45,476743.83
KONICA MINOLTA BUSINESS SOLUTIONS,2018-2019,619021.97,629562.71
KONICA MINOLTA BUSINESS SOLUTIONS,2019-2020,646539.16,638213.91
KONICA MINOLTA BUSINESS SOLUTIONS,2020-2021,625368.38,594910.37
KONICA MINOLTA BUSINESS SOLUTIONS,2021-2022,684369.39,636540.60
KONICA MINOLTA BUSINESS SOLUTIONS,2022-2023,776262.35,700737.20
KONICA MINOLTA BUSINESS SOLUTIONS,2023-2024,1494395.67,1292778.05
KONICA MINOLTA BUSINESS SOLUTIONS,2024-2025,1784992.53,1474412.18
KONICA MINOLTA BUSINESS SOLUTIONS,2025-2026,1096055.11,760805.98
KORN FERRY CA,2020-2021,10452.50,10042.46
KORN FERRY CA,2025-2026,16950.00,13589.54
KPMG,2017-2018,2582136.08,2662477.48
KPMG,2018-2019,3126423.99,3183559.45
KPMG,2019-2020,3096058.17,3071211.99
KPMG,2020-2021,5371134.26,5121444.31
KPMG,2021-2022,4473871.69,4172034.44
KPMG,2022-2023,4905101.61,4428549.83
KPMG,2023-2024,7659425.50,6627098.07
KPMG,2024-2025,10065696.58,8354275.49
KPMG,2025-2026,4706764.54,3289700.23
KRAKEN ROBOTIC SYSTEMS,2018-2019,69183.67,69838.20
KRAKEN ROBOTIC SYSTEMS,2019-2020,248247.30,246255.09
KRAKEN ROBOTIC SYSTEMS,2020-2021,247569.03,235709.32
KRAKEN ROBOTIC SYSTEMS,2022-2023,3300258.60,2966935.35
KRAKEN ROBOTIC SYSTEMS,2023-2024,9900775.79,8583510.88
KRAKEN ROBOTIC SYSTEMS,2024-2025,9873724.49,8188024.36
KRAKEN ROBOTIC SYSTEMS,2025-2026,9873724.49,6631362.52
KRAUSS MAFFEI WEGMANN,2017-2018,3467207.43,3573368.82
KRAUSS MAFFEI WEGMANN,2018-2019,6634496.41,6746458.61
KRAUSS MAFFEI WEGMANN,2019-2020,6939043.42,6904491.96
KRAUSS MAFFEI WEGMANN,2020-2021,4121957.24,3926553.29
KRAUSS MAFFEI WEGMANN,2021-2022,1581115.02,1470196.19
KRAUSS MAFFEI WEGMANN,2022-2023,33281081.61,30017158.46
KRAUSS MAFFEI WEGMANN,2023-2024,41512020.00,35972548.16
KRAUSS MAFFEI WEGMANN,2024-2025,45170366.88,37457878.54
KRAUSS MAFFEI WEGMANN,2025-2026,29416336.38,21592450.67
KROMAR PRINTING,2018-2019,19017.91,19289.25
KROMAR PRINTING,2020-2021,24939.10,23523.91
KROMAR PRINTING,2021-2022,95405.78,88275.30
KROMAR PRINTING,2022-2023,16096.50,14499.28
KUBOTA CANADA,2017-2018,1587238.29,1631196.51
KUBOTA CANADA,2018-2019,245355.64,251287.12
KUBOTA CANADA,2019-2020,1565662.85,1531872.05
KUBOTA CANADA,2020-2021,243594.97,233608.29
KUBOTA CANADA,2021-2022,237357.59,222955.20
KUBOTA CANADA,2022-2023,127544.00,115335.10
KUBOTA CANADA,2023-2024,775847.50,669781.10
KUBOTA CANADA,2024-2025,866843.15,724531.56
KUBOTA CANADA,2025-2026,38800.00,23719.61
KUDLIK CONSTRUCTION,2019-2020,961455.40,960295.34
KURT J LESKER CANADA,2017-2018,20622.62,21190.92
KURT J LESKER CANADA,2020-2021,12387.90,11902.05
KYNDRYL CANADA,2022-2023,209623.18,188451.42
KYNDRYL CANADA,2023-2024,287697.79,251293.47
KYNDRYL CANADA,2024-2025,253210.43,209725.01
KYNDRYL CANADA,2025-2026,245435.31,182576.42
L P ROYER,2017-2018,491309.25,506367.51
L P ROYER,2018-2019,491309.25,500289.89
L P ROYER,2019-2020,411892.14,409862.37
L P ROYER,2021-2022,1324186.20,1227796.99
L P ROYER,2022-2023,1844763.22,1665727.77
L P ROYER,2023-2024,1849817.36,1603705.38
L P ROYER,2024-2025,1844763.22,1529814.42
L P ROYER,2025-2026,1844763.22,1238974.58
L3 MAS,2017-2018,37413608.89,38560307.49
L3 MAS,2018-2019,37413608.89,38097491.43
L3 MAS,2019-2020,37516111.93,37215041.34
L3 MAS,2020-2021,37413608.89,35621323.56
L3 MAS,2021-2022,37413608.89,34906961.83
L3 MAS,2022-2023,37413608.89,33782594.36
L3 MAS,2023-2024,37518671.40,32526911.74
L3 MAS,2024-2025,37435997.22,31044759.81
L3 MAS,2025-2026,13369.93,8979.47
L3HARRIS,2017-2018,335215824.96,345606551.73
L3HARRIS,2018-2019,303532479.47,308806979.36
L3HARRIS,2019-2020,283340054.25,281117980.99
L3HARRIS,2020-2021,253984443.20,241809120.53
L3HARRIS,2021-2022,259618355.77,242154332.37
L3HARRIS,2022-2023,262705492.96,237199623.59
L3HARRIS,2023-2024,261539416.55,226738697.28
L3HARRIS,2024-2025,229548991.30,190369015.68
L3HARRIS,2025-2026,222043982.09,149132665.60
LANGUAGE RESEARCH DEVELOPMENT GROUP,2017-2018,116548.74,120120.87
LANGUAGE RESEARCH DEVELOPMENT GROUP,2018-2019,116548.74,118679.13
LANGUAGE RESEARCH DEVELOPMENT GROUP,2019-2020,49812.61,49893.26
LANGUAGE RESEARCH DEVELOPMENT GROUP,2023-2024,22610.00,19404.37
LANGUAGE RESEARCH DEVELOPMENT GROUP,2024-2025,13632.00,11124.38
LANGUAGE RESEARCH DEVELOPMENT GROUP,2025-2026,9078.03,0.00
LANNICK CONTRACT SOLUTIONS,2017-2018,8486.69,8720.56
LANNICK CONTRACT SOLUTIONS,2018-2019,15949.21,16321.21
LANNICK CONTRACT SOLUTIONS,2019-2020,55799.57,55193.68
LANNICK CONTRACT SOLUTIONS,2020-2021,17394.15,16392.17
LANSDOWNE TECHNOLOGIES,2017-2018,482700.24,497107.31
LANSDOWNE TECHNOLOGIES,2018-2019,983757.85,1000901.49
LANSDOWNE TECHNOLOGIES,2019-2020,867937.31,861403.71
LANSDOWNE TECHNOLOGIES,2020-2021,895934.97,853447.16
LANSDOWNE TECHNOLOGIES,2021-2022,666379.08,624361.18
LANSDOWNE TECHNOLOGIES,2022-2023,219280.52,198811.13
LARRY PENNER ENTERPRISES,2017-2018,810186.01,834818.46
LARRY PENNER ENTERPRISES,2018-2019,1136396.00,1157922.64
LARRY PENNER ENTERPRISES,2019-2020,735300.51,729867.23
LARRY PENNER ENTERPRISES,2020-2021,494555.58,472421.15
LARRY PENNER ENTERPRISES,2021-2022,413209.35,385267.91
LARRY PENNER ENTERPRISES,2022-2023,126645.40,114195.82
LARRY PENNER ENTERPRISES,2023-2024,22335.08,19180.56
LARRY PENNER ENTERPRISES,2025-2026,102360.84,26698.81
LAURENTIAN TECHNOLOGIES,2017-2018,1217299.66,1257859.94
LAURENTIAN TECHNOLOGIES,2018-2019,4702138.11,4755803.41
LAURENTIAN TECHNOLOGIES,2019-2020,1361585.88,1330385.79
LAURENTIAN TECHNOLOGIES,2020-2021,7570804.51,7230988.73
LAURENTIAN TECHNOLOGIES,2021-2022,3727072.68,3501342.87
LAURENTIAN TECHNOLOGIES,2022-2023,4126944.03,3728322.29
LAURENTIAN TECHNOLOGIES,2023-2024,10063296.04,8725482.65
LAURENTIAN TECHNOLOGIES,2024-2025,3979260.44,3271966.12
LAURENTIAN TECHNOLOGIES,2025-2026,7625315.13,5603838.67
LAVAL FORTIN,2017-2018,36059.83,37053.53
LAVAL FORTIN,2018-2019,14992.05,15238.73
LAVAL LAB,2017-2018,42624.68,43952.15
LAVAL LAB,2021-2022,22216.05,20147.29
LAZY H TRAIL COMPANY,2017-2018,1971622.92,2032051.66
LAZY H TRAIL COMPANY,2018-2019,1359682.92,1384536.53
LAZY H TRAIL COMPANY,2019-2020,2301738.00,2282766.06
LAZY H TRAIL COMPANY,2020-2021,1402578.00,1334971.92
LAZY H TRAIL COMPANY,2021-2022,1359682.92,1268586.52
LEAN AGILITY,2017-2018,11637.32,11958.01
LEAN AGILITY,2018-2019,353968.48,360438.66
LEAN AGILITY,2019-2020,5913.74,5811.71
LEAN AGILITY,2020-2021,11795.16,11230.11
LEAN AGILITY,2021-2022,45463.74,42491.08
LEAN AGILITY,2023-2024,55273.95,47383.82
LEAN AGILITY,2024-2025,15960.00,13459.34
LEEWAY YACHTS,2019-2020,236767.50,235405.24
LEEWAY YACHTS,2021-2022,1051671.05,962015.01
LEEWAY YACHTS,2022-2023,3022519.15,2729181.74
LEEWAY YACHTS,2023-2024,3030800.02,2627562.28
LEEWAY YACHTS,2024-2025,3022519.15,2506496.96
LEEWAY YACHTS,2025-2026,1962567.23,1578239.79
LEIGHTON CONTRACTING,2017-2018,0.00,0.00
LEIGHTON CONTRACTING,2018-2019,67809.57,69193.49
LEIGHTON CONTRACTING,2019-2020,916712.29,905475.53
LEIGHTON CONTRACTING,2020-2021,1993336.16,1898214.17
LEIGHTON CONTRACTING,2021-2022,1338689.10,1261699.48
LEIGHTON CONTRACTING,2022-2023,27459.03,24852.45
LEIGHTON CONTRACTING,2023-2024,1656795.50,1431311.25
LEIGHTON CONTRACTING,2024-2025,178102.07,146934.81
LEIGHTON CONTRACTING,2025-2026,210814.03,53140.83
LENGKEEK VESSEL ENGINEERING,2025-2026,91719.94,20627.10
LEO PISCES SERVICES GROUP,2017-2018,281869.82,290332.34
LEO PISCES SERVICES GROUP,2018-2019,95461.07,97206.00
LEO PISCES SERVICES GROUP,2019-2020,280852.48,280297.64
LEO PISCES SERVICES GROUP,2020-2021,407475.75,388231.13
LEO PISCES SERVICES GROUP,2021-2022,255775.78,239538.24
LEO PISCES SERVICES GROUP,2022-2023,418080.85,376848.43
LEO PISCES SERVICES GROUP,2023-2024,677231.44,585366.91
LEO PISCES SERVICES GROUP,2024-2025,1015617.28,840683.00
LEO PISCES SERVICES GROUP,2025-2026,1564704.98,1012482.81
LEONARDO,2017-2018,32848899.04,33854045.35
LEONARDO,2018-2019,9160008.35,9327515.96
LEONARDO,2019-2020,10999524.68,10904290.72
LEONARDO,2020-2021,10197936.44,9706700.79
LEONARDO,2021-2022,9669984.66,8994222.85
LEONARDO,2022-2023,58033867.37,52220293.40
LEONARDO,2023-2024,179127426.43,155295127.84
LEONARDO,2024-2025,182743445.67,151697963.15
LEONARDO,2025-2026,163161217.45,109578808.73
LES ALIMENTS GUY CHICOINE,2019-2020,2340924.96,2313405.15
LES ALIMENTS GUY CHICOINE,2021-2022,903589.44,845853.91
LES ALIMENTS GUY CHICOINE,2022-2023,2401778.26,2170114.63
LES ALIMENTS GUY CHICOINE,2023-2024,3972895.83,3436502.75
LES ALIMENTS GUY CHICOINE,2024-2025,5628494.26,4655252.43
LES ALIMENTS GUY CHICOINE,2025-2026,5479344.90,4403441.42
LES ENQUETES HENRI,2020-2021,30404.27,28678.96
LES ENQUETES HENRI,2022-2023,46264.66,41790.04
LES ENQUETES HENRI,2023-2024,201967.44,173158.07
LES ENQUETES HENRI,2024-2025,280656.45,230333.36
LES ENQUETES HENRI,2025-2026,264276.74,159956.85
LES ENTREPRISES FERVEL,2017-2018,2308492.15,2379725.22
LES ENTREPRISES FERVEL,2018-2019,2117403.01,2156106.97
LES ENTREPRISES FERVEL,2019-2020,1272020.09,1269666.05
LES ENTREPRISES ROBERT SANFACON,2017-2018,29742.06,30729.82
LES ENTREPRISES ROBERT SANFACON,2018-2019,201631.03,203949.86
LES ENTREPRISES ROBERT SANFACON,2019-2020,512478.88,508366.18
LES ENTREPRISES ROBERT SANFACON,2020-2021,511078.66,486595.63
LES ENTREPRISES ROBERT SANFACON,2021-2022,511078.66,476837.28
LES ENTREPRISES ROBERT SANFACON,2022-2023,511078.66,461478.15
LES ENTREPRISES ROBERT SANFACON,2023-2024,310847.84,271701.32
LES ENTREPRISES SAMSON ENTERPRISES,2022-2023,370772.54,333324.84
LES ENTREPRISES SAMSON ENTERPRISES,2023-2024,12398366.42,10748208.78
LES ENTREPRISES SAMSON ENTERPRISES,2024-2025,3928797.41,3258050.08
LES HUILES DESROCHES,2017-2018,2882116.91,2966774.54
LES HUILES DESROCHES,2018-2019,2494478.81,2541527.03
LES HUILES DESROCHES,2019-2020,2712495.03,2684343.13
LES HUILES DESROCHES,2020-2021,1112559.37,1063092.88
LES HUILES DESROCHES,2021-2022,2004385.63,1863286.65
LES HUILES DESROCHES,2022-2023,3218129.12,2897084.99
LES HUILES DESROCHES,2023-2024,2417459.55,2091781.49
LES HUILES DESROCHES,2024-2025,2298452.60,1905440.15
LES HUILES DESROCHES,2025-2026,1205403.51,945596.91
LEVITT SAFETY,2017-2018,3961669.57,4080353.86
LEVITT SAFETY,2018-2019,3837257.09,3907936.50
LEVITT SAFETY,2019-2020,2997683.58,2973654.28
LEVITT SAFETY,2020-2021,2795092.87,2661648.12
LEVITT SAFETY,2021-2022,1136606.49,1054635.65
LEVITT SAFETY,2022-2023,1208050.12,1093540.95
LEVITT SAFETY,2023-2024,761573.07,660508.45
LEVITT SAFETY,2024-2025,1607036.90,1332332.81
LEVITT SAFETY,2025-2026,3210465.89,2073488.86
LEXISNEXIS CANADA,2017-2018,46783.52,48216.88
LEXISNEXIS CANADA,2018-2019,14976.80,15271.59
LEXISNEXIS CANADA,2019-2020,22071.23,21871.13
LEXISNEXIS CANADA,2020-2021,1970.65,1857.13
LEXISNEXIS CANADA,2021-2022,43559.18,40580.56
LEXISNEXIS CANADA,2022-2023,3900.82,3540.68
LEXISNEXIS CANADA,2023-2024,71076.59,61537.71
LEXISNEXIS CANADA,2024-2025,20184.66,16808.85
LEXISNEXIS CANADA,2025-2026,97488.94,62291.73
LIEBHERR CANADA,2018-2019,3286209.99,3334867.25
LIEBHERR CANADA,2019-2020,2629833.49,2627358.00
LIEBHERR CANADA,2020-2021,10145.96,9750.50
LIEBHERR CANADA,2025-2026,170156.81,0.00
LIFE TECHNOLOGIES,2017-2018,79800.97,82195.33
LIFE TECHNOLOGIES,2018-2019,105818.40,107866.39
LIFE TECHNOLOGIES,2019-2020,61964.38,61085.82
LIFE TECHNOLOGIES,2020-2021,567404.69,541081.17
LIFE TECHNOLOGIES,2021-2022,521832.29,483202.18
LIFE TECHNOLOGIES,2022-2023,24600.45,22290.12
LIFE TECHNOLOGIES,2023-2024,1396360.72,1198492.08
LIFE TECHNOLOGIES,2025-2026,42106.09,8819.13
LIFEPORT,2020-2021,2271206.40,2164094.77
LIFEPORT,2021-2022,200991.72,190628.95
LIFTKING MANUFACTURING,2017-2018,335611.58,346558.46
LIFTKING MANUFACTURING,2018-2019,1015353.00,1028316.35
LIFTKING MANUFACTURING,2019-2020,1099142.84,1075673.32
LIFTKING MANUFACTURING,2020-2021,2969145.66,2830339.43
LIFTKING MANUFACTURING,2021-2022,1128298.93,1050600.39
LIFTKING MANUFACTURING,2022-2023,60184.64,54628.12
LIFTKING MANUFACTURING,2024-2025,823022.93,679332.66
LIFTKING MANUFACTURING,2025-2026,894144.86,704793.88
LIMEN GROUP CONST,2017-2018,984373.39,1014356.61
LIMEN GROUP CONST,2018-2019,1119213.01,1139831.03
LIMEN GROUP CONST,2019-2020,1097777.07,1088967.30
LIMEN GROUP CONST,2020-2021,1094777.68,1042332.75
LIMEN GROUP CONST,2021-2022,141666.64,128474.63
LIMEN GROUP CONST,2022-2023,1723610.75,1556333.23
LIMEN GROUP CONST,2023-2024,1728332.97,1498384.08
LIMEN GROUP CONST,2024-2025,675277.64,566315.40
LIONBRIDGE,2022-2023,2644.97,2377.83
LIONBRIDGE,2023-2024,46067.93,39771.30
LIONBRIDGE,2024-2025,103432.50,85321.88
LIONBRIDGE,2025-2026,10478.97,0.00
LLOYD S REGISTER CANADA,2017-2018,5398659.98,5564124.79
LLOYD S REGISTER CANADA,2018-2019,5398659.98,5497341.97
LLOYD S REGISTER CANADA,2019-2020,5429473.78,5385979.92
LLOYD S REGISTER CANADA,2020-2021,5398659.98,5140039.13
LLOYD S REGISTER CANADA,2021-2022,5398659.98,5036959.10
LLOYD S REGISTER CANADA,2022-2023,5425066.50,4898537.73
LLOYD S REGISTER CANADA,2023-2024,5413878.12,4693586.65
LLOYD S REGISTER CANADA,2024-2025,5447499.46,4517359.42
LLOYD S REGISTER CANADA,2025-2026,843652.10,666119.69
LOCATION DE MOTONEIGES HAUTE MATAWINIE,2017-2018,69893.31,71819.37
LOCATION DE MOTONEIGES HAUTE MATAWINIE,2019-2020,1270820.60,1241890.42
LOCATION DE MOTONEIGES HAUTE MATAWINIE,2020-2021,4744221.92,4513484.11
LOCATION DE MOTONEIGES HAUTE MATAWINIE,2021-2022,1010787.26,954201.72
LOCATION DE MOTONEIGES HAUTE MATAWINIE,2022-2023,119346.11,107292.26
LOCATION DE MOTONEIGES HAUTE MATAWINIE,2023-2024,280463.36,247538.90
LOCATION DE MOTONEIGES HAUTE MATAWINIE,2024-2025,11313.09,9254.84
LOCATION DE MOTONEIGES HAUTE MATAWINIE,2025-2026,12244.84,9837.23
LOCKHEED MARTIN,2017-2018,566394369.89,583750054.64
LOCKHEED MARTIN,2018-2019,588328399.58,599068450.00
LOCKHEED MARTIN,2019-2020,374079130.36,371142667.46
LOCKHEED MARTIN,2020-2021,352500123.50,335603989.25
LOCKHEED MARTIN,2021-2022,366834543.28,342134294.02
LOCKHEED MARTIN,2022-2023,379086271.95,342286926.50
LOCKHEED MARTIN,2023-2024,380826708.78,330191196.45
LOCKHEED MARTIN,2024-2025,375277818.63,311227667.54
LOCKHEED MARTIN,2025-2026,376165022.20,252697930.83
LOGISTIK UNICORP,2017-2018,11388706.82,11738182.64
LOGISTIK UNICORP,2018-2019,12086386.88,12309187.79
LOGISTIK UNICORP,2019-2020,11561546.47,11490674.37
LOGISTIK UNICORP,2020-2021,4034414.38,3841525.62
LOGISTIK UNICORP,2021-2022,6416550.97,5970377.77
LOGISTIK UNICORP,2022-2023,86544256.82,77885312.44
LOGISTIK UNICORP,2023-2024,153544499.22,133079121.41
LOGISTIK UNICORP,2024-2025,150822122.90,125067036.76
LOGISTIK UNICORP,2025-2026,151263584.81,101910428.28
LOWE MARTIN COMPANY,2017-2018,67447.48,69463.94
LOWE MARTIN COMPANY,2018-2019,58193.53,59123.80
LOWE MARTIN COMPANY,2019-2020,14250.52,14233.33
LOWE MARTIN COMPANY,2020-2021,50045.71,47205.83
LOWE MARTIN COMPANY,2021-2022,45007.35,40995.50
LOWE MARTIN COMPANY,2022-2023,22795.64,20679.85
LOWE MARTIN COMPANY,2023-2024,22968.73,19609.65
LOWE MARTIN COMPANY,2024-2025,184551.35,151291.42
LOWE MARTIN COMPANY,2025-2026,35809.70,24050.41
LRO STAFFING,2017-2018,97404.08,100458.40
LRO STAFFING,2018-2019,97581.14,99172.78
LRO STAFFING,2019-2020,137727.28,136926.13
LRO STAFFING,2020-2021,160646.06,152929.03
LRO STAFFING,2021-2022,74566.95,70606.02
LRO STAFFING,2022-2023,73053.74,65675.37
LRO STAFFING,2023-2024,367766.93,319305.45
LRO STAFFING,2024-2025,472228.27,393204.80
LRO STAFFING,2025-2026,290652.14,207565.56
LUMINA IT,2018-2019,228706.82,231484.05
LUMINA IT,2019-2020,251881.41,250409.72
LUMINA IT,2020-2021,39139.52,37264.55
LUMINA IT,2021-2022,725301.36,671922.79
LUMINA IT,2022-2023,764707.06,690032.09
LUMINA IT,2023-2024,3936253.58,3412548.28
LUMINA IT,2024-2025,3463042.76,2877927.89
LUXTON CONSTRUCTION,2019-2020,148920.43,146948.59
LUXTON CONSTRUCTION,2020-2021,135736.30,127999.25
LUXTON CONSTRUCTION,2021-2022,2539431.72,2369881.18
LUXTON CONSTRUCTION,2022-2023,1858896.71,1678452.81
LUXTON CONSTRUCTION,2023-2024,171455.63,149993.61
LUXTON CONSTRUCTION PLAINS,2020-2021,512822.27,486402.56
LUXTON CONSTRUCTION PLAINS,2021-2022,2493427.66,2333535.34
LUXTON CONSTRUCTION PLAINS,2022-2023,3081725.69,2779760.27
LUXTON CONSTRUCTION PLAINS,2023-2024,1019515.45,884822.11
LUXTON CONSTRUCTION PLAINS,2024-2025,319976.24,268795.86
LYNLEY CONTRACTING SERVICES,2017-2018,3994145.97,4115617.19
LYNLEY CONTRACTING SERVICES,2018-2019,6208690.29,6302326.12
LYNLEY CONTRACTING SERVICES,2019-2020,1526836.73,1517607.06
LYNLEY CONTRACTING SERVICES,2020-2021,1691846.40,1612174.89
LYNLEY CONTRACTING SERVICES,2021-2022,499730.36,472133.46
M D CHARLTON,2017-2018,136581.91,140743.39
M D CHARLTON,2018-2019,2734188.62,2768299.24
M D CHARLTON,2019-2020,187277.90,186231.87
M D CHARLTON,2020-2021,613690.74,586544.46
M D CHARLTON,2021-2022,990312.37,919642.09
M D CHARLTON,2022-2023,1812904.51,1633443.44
M D CHARLTON,2023-2024,1207016.79,1039543.09
M D CHARLTON,2024-2025,306048.41,252594.75
M D CHARLTON,2025-2026,230254.31,184182.37
M SULLIVAN SON,2017-2018,1103190.38,1137531.28
M SULLIVAN SON,2019-2020,4691898.68,4580134.11
M SULLIVAN SON,2020-2021,35870050.01,34145763.66
M SULLIVAN SON,2021-2022,41438413.45,38662111.45
M SULLIVAN SON,2022-2023,32486403.33,29337228.81
M SULLIVAN SON,2023-2024,13585150.84,11937452.76
M SULLIVAN SON,2024-2025,645273.82,535108.89
M SULLIVAN SON,2025-2026,645273.82,433376.95
MACDONALD DETTWILER AND ASSOCIATES,2017-2018,39049808.59,40257555.12
MACDONALD DETTWILER AND ASSOCIATES,2018-2019,44093355.99,44864996.91
MACDONALD DETTWILER AND ASSOCIATES,2019-2020,41321925.63,40983607.14
MACDONALD DETTWILER AND ASSOCIATES,2020-2021,46282849.85,44059339.10
MACDONALD DETTWILER AND ASSOCIATES,2021-2022,40677370.10,38012034.68
MACDONALD DETTWILER AND ASSOCIATES,2022-2023,22442308.91,20275246.86
MACDONALD DETTWILER AND ASSOCIATES,2023-2024,32115568.95,27812724.11
MACDONALD DETTWILER AND ASSOCIATES,2024-2025,31409746.35,26078583.20
MACDONALD DETTWILER AND ASSOCIATES,2025-2026,23122855.93,15141198.92
MACEWEN PETROLEUM,2017-2018,2650129.74,2731656.02
MACEWEN PETROLEUM,2018-2019,2973665.17,3026192.50
MACEWEN PETROLEUM,2019-2020,3393109.98,3367324.42
MACEWEN PETROLEUM,2020-2021,1581381.11,1508452.18
MACEWEN PETROLEUM,2021-2022,2006951.03,1875483.67
MACEWEN PETROLEUM,2022-2023,2191251.47,1977389.97
MACEWEN PETROLEUM,2023-2024,910952.30,791832.81
MACEWEN PETROLEUM,2024-2025,821767.68,681435.70
MACEWEN PETROLEUM,2025-2026,802437.77,423948.50
MACK TRUCKS,2017-2018,150374402.56,154983263.41
MACK TRUCKS,2018-2019,152961679.87,155749155.06
MACK TRUCKS,2019-2020,153439895.62,152217423.33
MACK TRUCKS,2020-2021,141781107.37,134968922.80
MACK TRUCKS,2021-2022,19498275.28,18492979.24
MACK TRUCKS,2023-2024,918164.67,790693.95
MACK TRUCKS,2024-2025,1269432.21,1052707.30
MACK TRUCKS,2025-2026,358223.34,290179.67
MACKINNON AND OLDING,2017-2018,5777357.98,5959366.27
MACKINNON AND OLDING,2018-2019,4661112.61,4752319.42
MACKINNON AND OLDING,2019-2020,5733402.58,5696643.20
MACKINNON AND OLDING,2020-2021,7068686.45,6711933.38
MACKINNON AND OLDING,2021-2022,4150503.52,3819321.60
MACKINNON AND OLDING,2022-2023,8396535.54,7564188.85
MACKINNON AND OLDING,2023-2024,5630224.65,4886249.20
MACKINNON AND OLDING,2024-2025,5448985.91,4513842.12
MACKINNON AND OLDING,2025-2026,4257011.58,1964783.91
MADSEN DIESEL TURBINE,2022-2023,7515.95,6756.84
MADSEN DIESEL TURBINE,2023-2024,4167.93,3679.84
MADSEN DIESEL TURBINE,2025-2026,2737611.57,877544.22
MAGELLAN AEROSPACE,2017-2018,7439430.90,7666963.41
MAGELLAN AEROSPACE,2018-2019,16932714.97,17232152.95
MAGELLAN AEROSPACE,2019-2020,10338169.94,10299760.47
MAGELLAN AEROSPACE,2020-2021,5869743.04,5588317.41
MAGELLAN AEROSPACE,2021-2022,6025587.64,5624589.37
MAGELLAN AEROSPACE,2022-2023,5728896.30,5172903.28
MAGELLAN AEROSPACE,2023-2024,7972256.90,6889030.16
MAGELLAN AEROSPACE,2024-2025,11137397.47,9256682.64
MAGELLAN AEROSPACE,2025-2026,10279040.64,5224199.19
MAGNET FORENSICS,2019-2020,17264.07,16893.47
MAGNET FORENSICS,2022-2023,19005.98,17140.50
MAGNET FORENSICS,2023-2024,24713.16,21246.21
MAGNET FORENSICS,2024-2025,13451.46,11292.89
MAGNET FORENSICS,2025-2026,15808.70,9812.15
MAKWA RESOURCING,2018-2019,50419.16,50849.15
MAKWA RESOURCING,2019-2020,352612.30,348040.25
MAKWA RESOURCING,2020-2021,98212.86,93266.00
MAKWA RESOURCING,2021-2022,145830.54,136060.14
MAKWA RESOURCING,2022-2023,213141.41,192550.35
MAKWA RESOURCING,2025-2026,125264.76,79033.65
MALATEST,2021-2022,44082.46,40296.94
MALATEST,2022-2023,87448.13,79132.46
MAN ENERGY SOLUTIONS CANADA,2017-2018,3417869.68,3522624.79
MAN ENERGY SOLUTIONS CANADA,2018-2019,3417869.68,3480344.85
MAN ENERGY SOLUTIONS CANADA,2019-2020,3427233.71,3399729.81
MAN ENERGY SOLUTIONS CANADA,2020-2021,3417869.68,3254137.88
MAN ENERGY SOLUTIONS CANADA,2021-2022,3453672.73,3222507.04
MAN ENERGY SOLUTIONS CANADA,2022-2023,3417869.68,3086163.26
MAN ENERGY SOLUTIONS CANADA,2023-2024,3427233.71,2971251.79
MAN ENERGY SOLUTIONS CANADA,2024-2025,3481173.94,2886124.97
MAN ENERGY SOLUTIONS CANADA,2025-2026,3511396.21,2371249.61
MANITEX LIFTKING,2017-2018,3486891.35,3599164.78
MANITEX LIFTKING,2018-2019,1223426.04,1245789.01
MANITEX LIFTKING,2019-2020,945222.31,942084.16
MANITOBA HYDRO,2017-2018,1548115.89,1594532.11
MANITOBA HYDRO,2018-2019,1177009.72,1197915.64
MANITOBA HYDRO,2019-2020,340998.54,339321.83
MANITOBA HYDRO,2020-2021,1141357.10,1084562.56
MANITOBA HYDRO,2021-2022,1351125.89,1253772.82
MANITOBA HYDRO,2022-2023,466718.55,423583.91
MANITOBA HYDRO,2023-2024,964707.89,836217.60
MANITOBA HYDRO,2024-2025,940694.94,780093.98
MANITOBA HYDRO,2025-2026,1101341.77,652024.77
MANPOWER SERVICES CANADA,2018-2019,62114.82,63109.81
MANPOWER SERVICES CANADA,2019-2020,78028.44,77512.52
MANPOWER SERVICES CANADA,2020-2021,104929.70,99743.69
MANPOWER SERVICES CANADA,2021-2022,20706.68,19245.60
MANPOWER SERVICES CANADA,2022-2023,38040.38,34317.42
MANPOWER SERVICES CANADA,2023-2024,5898.07,5207.37
MANPOWER SERVICES CANADA,2025-2026,21482.77,17258.77
MAPLE LEAF ROPES,2017-2018,458492.25,473563.81
MAPLE LEAF ROPES,2018-2019,53714.42,54893.30
MAPLE LEAF ROPES,2019-2020,2389576.54,2389271.80
MAPLE LEAF ROPES,2020-2021,15065.14,14474.14
MAPLE LEAF ROPES,2021-2022,11426.37,10362.35
MAPLE LEAF ROPES,2022-2023,30198.99,27259.69
MAPLE LEAF ROPES,2023-2024,11435.32,9807.54
MAPLE LEAF ROPES,2024-2025,129092.89,106504.94
MAPLE LEAF ROPES,2025-2026,228577.33,162482.60
MAPLE RIDGE MECHANICAL CONTRACTING,2019-2020,1275397.33,1253014.98
MAPLE RIDGE MECHANICAL CONTRACTING,2020-2021,1494036.87,1423838.80
MAPLESOFT CONSULTING,2017-2018,482876.09,497725.96
MAPLESOFT CONSULTING,2018-2019,428064.51,436197.00
MAPLESOFT CONSULTING,2019-2020,386919.64,383814.57
MAPLESOFT CONSULTING,2020-2021,578245.44,550603.97
MAPLESOFT CONSULTING,2021-2022,355868.57,334915.87
MAPLESOFT CONSULTING,2022-2023,475.16,427.17
MAPLESOFT CONSULTING,2023-2024,9153.00,7935.22
MAPLESOFT CONSULTING,2024-2025,10131.46,8396.81
MAPLESOFT CONSULTING,2025-2026,21127.10,13981.63
MARINE RECYCLING,2017-2018,6425792.19,6619066.81
MARINE RECYCLING,2018-2019,11273689.40,11477388.35
MARINE RECYCLING,2019-2020,1615412.41,1618931.33
MARINE RECYCLING,2025-2026,654045.00,0.00
MARINENAV,2022-2023,10476.50,9418.38
MARINENAV,2025-2026,472098.91,194802.27
MARITIME FENCE,2017-2018,42460.37,43630.45
MARITIME FENCE,2018-2019,113516.71,115571.55
MARITIME FENCE,2019-2020,35586.75,35183.19
MARITIME FENCE,2020-2021,602557.75,578016.13
MARITIME FENCE,2021-2022,790814.75,727131.43
MARITIME FENCE,2022-2023,14065.65,12737.70
MARITIME FUELS,2018-2019,134131.93,137147.25
MARITIME FUELS,2019-2020,918652.37,904410.22
MARITIME FUELS,2020-2021,926634.78,883807.55
MARITIME FUELS,2021-2022,4610802.96,4275192.62
MARITIME FUELS,2022-2023,7830354.15,7076426.94
MARITIME FUELS,2023-2024,4679746.07,4105894.39
MARKLAND PAVING,2020-2021,7420317.90,7070599.98
MARKLAND PAVING,2021-2022,4698071.10,4433731.15
MARKLAND PAVING,2024-2025,16995193.61,14086951.64
MARKLAND PAVING,2025-2026,5696980.39,4609739.55
MARSHALL AEROSPACE,2019-2020,1061599.49,1049672.11
MARSHALL AEROSPACE,2020-2021,1350117.82,1285440.92
MARSHALL AEROSPACE,2021-2022,1350117.82,1259662.26
MARSHALL AEROSPACE,2022-2023,1350117.82,1219088.03
MARTEC,2017-2018,2592396.09,2672667.76
MARTEC,2018-2019,2260259.62,2301152.29
MARTEC,2019-2020,1528757.74,1512643.74
MARTEC,2020-2021,3108080.28,2959045.87
MARTEC,2021-2022,2972413.63,2767241.99
MARTEC,2022-2023,2924428.55,2639919.41
MARTEC,2023-2024,2953661.77,2561985.68
MARTEC,2024-2025,3525002.74,2921160.44
MARTEC,2025-2026,3734467.07,2508132.06
MAVERIN,2018-2019,32555.62,32900.94
MAVERIN,2019-2020,64844.38,64730.88
MAVERIN,2020-2021,158893.26,151144.44
MAVERIN,2021-2022,252023.78,235384.62
MAVERIN,2022-2023,35934.00,32405.19
MAVERIN,2025-2026,474203.71,231148.06
MAVERIN BUSINESS SERVICES,2018-2019,191244.91,193534.71
MAVERIN BUSINESS SERVICES,2019-2020,900134.64,890706.20
MAVERIN BUSINESS SERVICES,2020-2021,1358476.34,1293518.84
MAVERIN BUSINESS SERVICES,2021-2022,790675.83,739125.81
MAVERIN BUSINESS SERVICES,2022-2023,503384.79,455035.71
MAVERIN BUSINESS SERVICES,2023-2024,364641.95,316127.56
MAXIM 2000,2017-2018,10602311.16,10940685.43
MAXIM 2000,2018-2019,2807991.29,2859318.50
MAXIM 2000,2019-2020,2815684.41,2793088.26
MAXIM 2000,2020-2021,792392.06,748525.33
MAXSYS STAFFING AND CONSULTING,2017-2018,1526681.52,1573092.41
MAXSYS STAFFING AND CONSULTING,2018-2019,1299779.04,1324013.27
MAXSYS STAFFING AND CONSULTING,2019-2020,489137.68,485963.54
MAXSYS STAFFING AND CONSULTING,2020-2021,902021.64,859581.00
MAXSYS STAFFING AND CONSULTING,2021-2022,1316587.83,1226144.78
MAXSYS STAFFING AND CONSULTING,2022-2023,1104425.35,997968.02
MAXSYS STAFFING AND CONSULTING,2023-2024,1244500.88,1079706.85
MAXSYS STAFFING AND CONSULTING,2024-2025,1441230.19,1193154.13
MAXSYS STAFFING AND CONSULTING,2025-2026,3065078.99,1876434.04
MCCOLMAN SONS DEMOLITION,2017-2018,1215537.34,1253641.66
MCCOLMAN SONS DEMOLITION,2018-2019,1710304.49,1736776.65
MCCOLMAN SONS DEMOLITION,2019-2020,1016490.17,1018375.21
MCCOLMAN SONS DEMOLITION,2020-2021,291031.65,277542.26
MCDONALD BROS CONSTRUCTION,2017-2018,70657.31,73001.48
MCELHANNEY ASSOCIATES,2017-2018,36985.47,38169.12
MCELHANNEY ASSOCIATES,2018-2019,14018.74,14275.74
MCELHANNEY ASSOCIATES,2023-2024,7264.55,6215.81
MCELHANNEY ASSOCIATES,2024-2025,395233.99,329189.16
MCGILL UNIVERSITY,2017-2018,182711.65,188264.57
MCGILL UNIVERSITY,2018-2019,461151.59,468948.94
MCGILL UNIVERSITY,2019-2020,356467.40,354643.30
MCGILL UNIVERSITY,2020-2021,496397.32,472215.94
MCGILL UNIVERSITY,2021-2022,1343804.72,1254437.89
MCGILL UNIVERSITY,2022-2023,220939.59,199623.07
MCGILL UNIVERSITY,2023-2024,22438.32,19810.63
MCGILL UNIVERSITY,2024-2025,1002660.65,840478.61
MCGILL UNIVERSITY,2025-2026,492710.99,324860.88
MCKESSON CANADA,2017-2018,282383.34,290868.43
MCKESSON CANADA,2018-2019,289933.47,293574.36
MCKESSON CANADA,2019-2020,455357.51,451333.40
MCKESSON CANADA,2020-2021,727321.39,691707.98
MCKESSON CANADA,2021-2022,656350.52,613193.91
MCKESSON CANADA,2022-2023,726860.10,655471.17
MCKESSON CANADA,2023-2024,724021.03,626650.88
MCKESSON CANADA,2024-2025,1143335.51,948551.47
MCKESSON CANADA,2025-2026,1424105.43,872698.83
MCKINSEY AND COMPANY,2019-2020,24860.00,24675.12
MCKINSEY AND COMPANY,2020-2021,281466.09,265494.11
MCKINSEY AND COMPANY,2021-2022,19528761.94,18218057.01
MCKINSEY AND COMPANY,2022-2023,6604857.24,5953631.13
MCKINSEY AND COMPANY,2023-2024,363862.06,321251.08
MCMASTER UNIVERSITY,2018-2019,129815.02,131712.02
MCMASTER UNIVERSITY,2019-2020,289959.51,287408.95
MCMASTER UNIVERSITY,2020-2021,596878.85,569761.89
MCMASTER UNIVERSITY,2021-2022,450571.02,422716.50
MCMASTER UNIVERSITY,2022-2023,285174.42,257132.92
MCMASTER UNIVERSITY,2023-2024,260922.05,225937.76
MCMASTER UNIVERSITY,2024-2025,754778.72,627727.92
MCMASTER UNIVERSITY,2025-2026,964081.25,626298.44
MCW CONSULTANTS,2017-2018,151479.29,156249.24
MCW CONSULTANTS,2018-2019,145662.46,148028.94
MCW CONSULTANTS,2019-2020,318311.27,315398.46
MCW CONSULTANTS,2020-2021,211189.54,201477.33
MCW CONSULTANTS,2022-2023,25083.46,22626.23
MCW CONSULTANTS,2023-2024,215904.26,185290.59
MCW CONSULTANTS,2024-2025,29919.81,24811.72
MCW CUSTOM ENERGY SOLUTIONS,2017-2018,69597.46,71730.57
MCW CUSTOM ENERGY SOLUTIONS,2018-2019,776393.02,785348.33
MCW CUSTOM ENERGY SOLUTIONS,2019-2020,1984546.83,1968543.51
MCW CUSTOM ENERGY SOLUTIONS,2020-2021,1985720.45,1890595.23
MCW CUSTOM ENERGY SOLUTIONS,2021-2022,2284176.02,2125990.97
MCW CUSTOM ENERGY SOLUTIONS,2022-2023,2798677.79,2527064.33
MCW CUSTOM ENERGY SOLUTIONS,2023-2024,2806345.40,2432970.59
MCW CUSTOM ENERGY SOLUTIONS,2024-2025,20723363.79,16948342.64
MCW CUSTOM ENERGY SOLUTIONS,2025-2026,202071995.78,135462729.73
MDOS CONSULTING,2020-2021,238706.37,225160.81
MDOS CONSULTING,2021-2022,1405287.47,1311135.64
MDOS CONSULTING,2022-2023,1848647.14,1668169.29
MDOS CONSULTING,2023-2024,1261180.51,1102310.69
MDOS CONSULTING,2024-2025,486704.75,404891.54
MDOS CONSULTING,2025-2026,215405.59,144670.08
MEAD AUTOMATION SOLUTIONS,2018-2019,1779732.70,1806592.51
MEAD AUTOMATION SOLUTIONS,2019-2020,719157.30,721491.56
MEAD AUTOMATION SOLUTIONS,2020-2021,448383.85,428815.28
MEAD AUTOMATION SOLUTIONS,2021-2022,910194.58,846262.61
MEAD AUTOMATION SOLUTIONS,2022-2023,819556.07,741061.13
MEAL KIT SUPPLY CANADA,2017-2018,1685044.66,1737235.74
MEAL KIT SUPPLY CANADA,2018-2019,7594374.50,7768875.80
MEAL KIT SUPPLY CANADA,2024-2025,217016.35,178064.63
MEAL KIT SUPPLY CANADA,2025-2026,449247.65,307995.09
MED ENG HOLDINGS,2017-2018,977401.25,1005512.28
MED ENG HOLDINGS,2018-2019,2268554.32,2305828.80
MED ENG HOLDINGS,2019-2020,1031816.56,1018225.34
MED ENG HOLDINGS,2020-2021,2959237.68,2818689.71
MED ENG HOLDINGS,2021-2022,2104846.86,1967131.29
MED ENG HOLDINGS,2022-2023,1791114.57,1617335.12
MED ENG HOLDINGS,2023-2024,2014515.52,1746117.26
MED ENG HOLDINGS,2024-2025,2032395.59,1685413.10
MED ENG HOLDINGS,2025-2026,1823711.00,1230469.47
MEDAVIE,2018-2019,2870194.33,2922428.25
MEDAVIE,2019-2020,2909947.71,2886595.09
MEDAVIE,2020-2021,2901997.03,2762977.92
MEDAVIE,2021-2022,3054954.34,2846282.17
MEDAVIE,2022-2023,4702946.02,4246522.12
MEDAVIE,2023-2024,4715830.80,4088405.38
MEDAVIE,2024-2025,4554922.81,3779237.33
MEDAVIE,2025-2026,238520.30,193423.89
MEDI SELECT,2017-2018,382811.91,394544.80
MEDI SELECT,2018-2019,336649.78,343223.36
MEDI SELECT,2021-2022,24417.04,22143.32
MEDIA Q,2018-2019,101700.00,103558.97
MEGA POWER INSTALLATIONS,2017-2018,790536.69,814201.96
MEGA POWER INSTALLATIONS,2018-2019,542287.04,552555.70
MEGA POWER INSTALLATIONS,2019-2020,381295.59,375595.34
MEGA POWER INSTALLATIONS,2020-2021,786750.00,748050.88
MEGA POWER INSTALLATIONS,2021-2022,476000.00,438707.01
MEGA POWER INSTALLATIONS,2022-2023,182500.00,164332.31
MEGA POWER INSTALLATIONS,2023-2024,189000.00,163742.78
MEGA POWER INSTALLATIONS,2024-2025,45000.00,37670.04
MEGA POWER INSTALLATIONS,2025-2026,190000.00,81734.44
MEGA TECH,2017-2018,56121.73,57901.75
MEGA TECH,2018-2019,57116.28,58133.30
MEGA TECH,2020-2021,26564.57,25453.20
MEGA TECH,2021-2022,6427.86,6096.45
MEGA TECH,2023-2024,14366.58,12291.09
MEGALEXIS COMMUNICATIONS,2021-2022,15242.55,13823.16
MELTWATER,2019-2020,58150.95,57126.33
MELTWATER,2020-2021,88052.14,83834.04
MELTWATER,2021-2022,88052.14,82152.80
MELTWATER,2022-2023,88052.14,79506.63
MELTWATER,2023-2024,97177.29,84154.94
MELTWATER,2024-2025,104028.24,86366.51
MELTWATER,2025-2026,88052.14,59137.33
MERCEDES BENZ CANADA,2017-2018,1027382.53,1057755.20
MERCEDES BENZ CANADA,2018-2019,5306952.14,5437422.60
MERCEDES BENZ CANADA,2019-2020,738317.53,726748.89
MERCEDES BENZ CANADA,2020-2021,1998260.89,1900961.05
MERCEDES BENZ CANADA,2021-2022,6628866.38,6072802.02
MERCEDES BENZ CANADA,2022-2023,4885463.11,4419575.78
MERCEDES BENZ CANADA,2025-2026,36268.60,0.00
MERCER CANADA,2017-2018,63295.69,65039.94
MERCER CANADA,2018-2019,312201.74,317908.46
MERCER CANADA,2019-2020,313057.08,310544.77
MERCER CANADA,2020-2021,235220.49,224632.93
MERCURY MARINE,2018-2019,866106.59,876959.11
MERCURY MARINE,2019-2020,904203.45,905947.65
MERCURY MARINE,2020-2021,202164.46,191412.05
MERCURY MARINE,2021-2022,185319.00,170053.50
MERCURY MARINE,2023-2024,306503.75,262762.85
MERCURY MARINE,2024-2025,177703.29,146614.38
MERCURY MARINE,2025-2026,285719.74,76391.18
MERIDIAN MEDICAL TECHNOLOGIES,2017-2018,28427.19,29298.46
MERIDIAN MEDICAL TECHNOLOGIES,2019-2020,27338.19,26885.31
MERIDIAN MEDICAL TECHNOLOGIES,2020-2021,3586522.31,3414689.65
MERIDIAN MEDICAL TECHNOLOGIES,2021-2022,3594534.38,3353706.79
MERIDIAN MEDICAL TECHNOLOGIES,2022-2023,4171478.81,3764320.51
MERIDIAN MEDICAL TECHNOLOGIES,2023-2024,5379021.41,4663123.40
MERIDIAN MEDICAL TECHNOLOGIES,2024-2025,5339833.06,4428185.45
MERIDIAN MEDICAL TECHNOLOGIES,2025-2026,4456220.36,3347013.45
MESSA COMPUTING,2017-2018,18207.32,18783.68
MESSA COMPUTING,2018-2019,43488.64,44280.08
MESSA COMPUTING,2019-2020,44090.98,43737.14
MESSA COMPUTING,2020-2021,82235.14,78160.03
MESSA COMPUTING,2021-2022,194986.69,181916.27
MESSA COMPUTING,2022-2023,806241.62,727228.28
MESSA COMPUTING,2023-2024,1070809.95,927587.53
MESSA COMPUTING,2024-2025,847447.83,703562.95
MESSA COMPUTING,2025-2026,567795.50,400450.61
METALCRAFT MARINE,2017-2018,4512951.45,4651269.97
METALCRAFT MARINE,2018-2019,2275022.10,2329511.16
METALCRAFT MARINE,2020-2021,784999.28,748404.74
METALCRAFT MARINE,2021-2022,1364403.51,1272990.84
METALCRAFT MARINE,2022-2023,1364403.51,1231987.28
METALCRAFT MARINE,2023-2024,1368141.60,1186114.96
METALCRAFT MARINE,2024-2025,1364403.51,1131464.54
METOCEAN TELEMATICS,2021-2022,158976.00,150081.80
METOCEAN TELEMATICS,2023-2024,110400.00,95076.20
METOCEAN TELEMATICS,2025-2026,2097565.07,440697.79
MGIS,2017-2018,534976.68,551439.69
MGIS,2018-2019,370985.18,377803.74
MGIS,2019-2020,1181750.33,1171150.94
MGIS,2020-2021,1196398.80,1138554.94
MGIS,2021-2022,1338580.69,1248558.19
MGIS,2022-2023,1343841.48,1213602.09
MGIS,2023-2024,916288.89,796231.51
MGIS,2024-2025,705604.55,585139.61
MGIS,2025-2026,983413.85,747393.49
MICHAEL WAGER CONSULTING,2017-2018,4083044.39,4206968.86
MICHAEL WAGER CONSULTING,2018-2019,5592574.43,5690509.35
MICHAEL WAGER CONSULTING,2019-2020,6557727.60,6508209.08
MICHAEL WAGER CONSULTING,2020-2021,7958537.58,7579119.52
MICHAEL WAGER CONSULTING,2021-2022,7234668.30,6751637.38
MICHAEL WAGER CONSULTING,2022-2023,7018215.81,6336961.72
MICHAEL WAGER CONSULTING,2023-2024,3657904.66,3173561.70
MICHAEL WAGER CONSULTING,2024-2025,1662785.53,1385914.80
MICHAEL WAGER CONSULTING,2025-2026,1157500.31,639907.15
MICHELIN,2017-2018,1159825.74,1192620.84
MICHELIN,2018-2019,2038257.18,2074301.35
MICHELIN,2019-2020,1595958.09,1583182.04
MICHELIN,2020-2021,201771.83,192971.64
MICHELIN,2021-2022,206669.96,191958.82
MICHELIN,2022-2023,1436443.50,1292056.25
MICHELIN,2023-2024,3470331.34,3002281.87
MICHELIN,2024-2025,2438185.81,2023168.07
MICHELIN,2025-2026,4562782.99,3030896.17
MICRONOSTYX,2020-2021,46986.00,44279.38
MICROSOFT CANADA,2017-2018,6609809.11,6812417.85
MICROSOFT CANADA,2018-2019,6633143.34,6754390.42
MICROSOFT CANADA,2019-2020,694538.99,679380.25
MICROSOFT CANADA,2020-2021,5053703.80,4800177.34
MICROSOFT CANADA,2021-2022,14614389.09,13639471.55
MICROSOFT CANADA,2022-2023,11196157.26,10112968.08
MICROSOFT CANADA,2023-2024,11290696.82,9804095.51
MICROSOFT CANADA,2024-2025,17645050.77,14594447.41
MICROSOFT CANADA,2025-2026,27952840.71,17555933.90
MID CANADA MOD CENTER,2025-2026,22004.18,13565.15
MID VALLEY CONSTRUCTION,2017-2018,2401945.65,2473054.62
MID VALLEY CONSTRUCTION,2018-2019,2952107.18,3007970.51
MID VALLEY CONSTRUCTION,2019-2020,4590639.43,4571715.00
MID VALLEY CONSTRUCTION,2020-2021,5807947.12,5549658.14
MID VALLEY CONSTRUCTION,2021-2022,2809877.20,2626806.57
MID VALLEY CONSTRUCTION,2022-2023,3521562.39,3177618.36
MID VALLEY CONSTRUCTION,2023-2024,9162989.84,7885919.14
MID VALLEY CONSTRUCTION,2024-2025,22191241.80,18426747.69
MID VALLEY CONSTRUCTION,2025-2026,18386813.03,12336293.61
MIL AERO ELECTRONICS ATLANTIC,2018-2019,1521165.97,1540843.93
MIL AERO ELECTRONICS ATLANTIC,2019-2020,1985922.77,1977423.57
MIL AERO ELECTRONICS ATLANTIC,2020-2021,1216930.13,1158633.53
MIL AERO ELECTRONICS ATLANTIC,2021-2022,42110.79,38641.36
MIL AERO ELECTRONICS ATLANTIC,2022-2023,1241051.55,1120720.92
MIL AERO ELECTRONICS ATLANTIC,2023-2024,779986.10,671770.32
MIL AERO ELECTRONICS ATLANTIC,2024-2025,1099697.02,911950.29
MILLBROOK TACTICAL,2017-2018,506041.06,520538.91
MILLBROOK TACTICAL,2018-2019,872752.45,886702.83
MILLBROOK TACTICAL,2019-2020,497120.44,493248.67
MILLBROOK TACTICAL,2020-2021,1549239.42,1472843.50
MILLBROOK TACTICAL,2021-2022,800086.31,737357.51
MILLBROOK TACTICAL,2022-2023,2134742.46,1927605.31
MILLBROOK TACTICAL,2023-2024,2582428.39,2222647.72
MILLBROOK TACTICAL,2024-2025,1950431.28,1625969.40
MILLBROOK TACTICAL,2025-2026,1132555.87,741413.54
MILLER PAVING,2017-2018,11676582.48,12033890.95
MILLER PAVING,2018-2019,8014760.43,8191188.97
MILLER PAVING,2019-2020,102129.82,101796.02
MILLER PAVING,2020-2021,11586.70,11031.64
MILLER WASTE SYSTEMS,2017-2018,547521.12,564151.33
MILLER WASTE SYSTEMS,2018-2019,999709.52,1016680.81
MILLER WASTE SYSTEMS,2019-2020,500444.97,496267.58
MILLER WASTE SYSTEMS,2020-2021,1002661.73,955409.58
MILLER WASTE SYSTEMS,2021-2022,988310.53,920603.30
MILLER WASTE SYSTEMS,2022-2023,154323.71,139630.79
MILLER WASTE SYSTEMS,2023-2024,197644.07,169697.64
MILLER WASTE SYSTEMS,2024-2025,302853.90,250416.59
MILLER WASTE SYSTEMS,2025-2026,551207.37,405236.19
MILTEX SOLUTIONS CANADA,2017-2018,894562.96,922614.77
MILTEX SOLUTIONS CANADA,2018-2019,1338606.79,1362133.49
MILTEX SOLUTIONS CANADA,2019-2020,456108.15,454330.87
MILTEX SOLUTIONS CANADA,2020-2021,975772.43,925616.17
MILTEX SOLUTIONS CANADA,2021-2022,3265818.11,3031946.50
MILTEX SOLUTIONS CANADA,2022-2023,4921045.34,4442905.15
MILTEX SOLUTIONS CANADA,2023-2024,6382411.12,5525525.82
MILTEX SOLUTIONS CANADA,2024-2025,5132805.41,4255739.24
MILTEX SOLUTIONS CANADA,2025-2026,2051852.12,1378059.04
MINDWIRE SYSTEMS,2017-2018,9946716.70,10264656.30
MINDWIRE SYSTEMS,2018-2019,1564121.65,1596225.26
MINDWIRE SYSTEMS,2019-2020,1136174.44,1126497.27
MINDWIRE SYSTEMS,2020-2021,1139603.85,1084980.08
MINDWIRE SYSTEMS,2021-2022,952266.15,890170.71
MINDWIRE SYSTEMS,2022-2023,4736978.23,4275877.32
MINDWIRE SYSTEMS,2023-2024,5110623.16,4429838.27
MINDWIRE SYSTEMS,2024-2025,4811270.00,3990445.46
MINDWIRE SYSTEMS,2025-2026,4905506.11,3315718.19
MINE EODCLR,2017-2018,69300.00,71493.69
MINE EODCLR,2020-2021,2188727.05,2086780.44
MINE EODCLR,2021-2022,35487.03,33115.31
MINE EODCLR,2022-2023,234132.26,211000.34
MINE EODCLR,2023-2024,1758714.41,1516822.83
MINE EODCLR,2024-2025,5352515.39,4434684.49
MINE EODCLR,2025-2026,3245125.78,2264630.78
MINISTRY OF FINANCE,2024-2025,25000.00,20574.27
MIREMS,2017-2018,124545.20,128374.46
MIREMS,2018-2019,124913.43,127196.72
MISHKUMI TECHNOLOGIES,2017-2018,1305859.03,1343812.68
MISHKUMI TECHNOLOGIES,2018-2019,1898537.94,1934825.04
MISHKUMI TECHNOLOGIES,2019-2020,422349.80,418899.23
MISHKUMI TECHNOLOGIES,2020-2021,315805.57,298325.98
MITSUBISHI MOTOR SALES,2018-2019,1632502.17,1651699.70
MITSUBISHI MOTOR SALES,2019-2020,126756.66,125062.68
MITSUBISHI MOTOR SALES,2021-2022,240490.05,220259.46
MITSUBISHI MOTOR SALES,2023-2024,1042627.84,892258.77
MITSUBISHI MOTOR SALES,2024-2025,199630.51,167061.22
MITSUBISHI MOTOR SALES,2025-2026,389069.14,259723.92
MKDS TRAINING,2017-2018,32734.29,33669.67
MKDS TRAINING,2018-2019,188103.98,190846.02
MKDS TRAINING,2019-2020,357334.64,349375.88
MKDS TRAINING,2020-2021,2912402.23,2773001.89
MKDS TRAINING,2021-2022,160865.80,152319.51
MKDS TRAINING,2023-2024,46022.79,39454.91
MKDS TRAINING,2024-2025,16492.75,13458.89
MKDS TRAINING,2025-2026,39663.03,6460.96
MLS OVERSEAS,2017-2018,15209072.53,15661621.99
MLS OVERSEAS,2018-2019,14895790.34,15171938.78
MLS OVERSEAS,2019-2020,12781005.81,12718574.14
MLS OVERSEAS,2020-2021,5553453.31,5279782.69
MLS OVERSEAS,2021-2022,5858549.81,5535188.83
MLS OVERSEAS,2022-2023,1713436.18,1554341.84
MLS OVERSEAS,2023-2024,2434.43,2110.54
MLS OVERSEAS,2024-2025,2427.78,2013.30
MLS OVERSEAS,2025-2026,1603.00,1288.82
MNP,2017-2018,541182.04,557470.02
MNP,2018-2019,188875.16,192562.04
MNP,2019-2020,172119.93,170089.61
MNP,2020-2021,38771.97,36538.52
MNP,2021-2022,40000.00,36275.20
MNP,2022-2023,23334.50,20977.74
MNP,2023-2024,57662.81,49373.62
MNP,2024-2025,84962.69,71106.84
MOBILE RESOURCE GROUP,2017-2018,206251.54,212087.51
MOBILE RESOURCE GROUP,2018-2019,438449.28,447046.06
MOBILE RESOURCE GROUP,2019-2020,70369.62,70094.96
MOBILE RESOURCE GROUP,2020-2021,236189.63,225155.03
MOBILE RESOURCE GROUP,2021-2022,363135.76,338583.56
MOBILE RESOURCE GROUP,2022-2023,712036.96,642829.91
MOBILE RESOURCE GROUP,2023-2024,274470.87,238894.21
MOBILE RESOURCE GROUP,2025-2026,146807.75,49349.66
MOBILE VALVE,2017-2018,2372853.25,2445290.76
MOBILE VALVE,2018-2019,4552992.29,4638720.81
MOBILE VALVE,2019-2020,2156689.23,2139833.36
MOBILE VALVE,2020-2021,2608480.39,2482800.50
MOBILE VALVE,2021-2022,3335745.17,3123692.93
MOBILE VALVE,2022-2023,5983365.42,5394009.70
MOBILE VALVE,2023-2024,5053377.44,4396669.70
MOBILE VALVE,2024-2025,2850819.06,2369811.20
MOBILE VALVE,2025-2026,4817783.97,3402936.58
MOBILITY LAB,2017-2018,4520300.71,4650024.14
MOBILITY LAB,2018-2019,2461082.71,2517693.55
MOBILITY LAB,2019-2020,96376.73,95139.75
MOBILITY LAB,2020-2021,98630.65,93327.12
MOBILITY LAB,2021-2022,911608.44,852455.04
MOBILITY LAB,2022-2023,185888.72,167553.58
MOBILITY LAB,2023-2024,6535155.37,5637398.79
MOBILITY LAB,2024-2025,1966734.80,1619941.78
MOBILITY LAB,2025-2026,3771921.61,2222530.89
MODERN NIAGARA ALBERTA,2020-2021,1103159.97,1049411.50
MODERN NIAGARA ALBERTA,2021-2022,1296862.94,1209567.08
MODERN NIAGARA ALBERTA,2022-2023,553981.94,501406.86
MODERN NIAGARA ALBERTA,2023-2024,122710.13,106383.96
MODERN NIAGARA ALBERTA,2024-2025,892531.89,740259.72
MODIS CANADA,2017-2018,13000462.01,13397571.02
MODIS CANADA,2018-2019,16831985.84,17134255.44
MODIS CANADA,2019-2020,22057056.91,21881506.12
MODIS CANADA,2020-2021,29461254.71,28055833.09
MODIS CANADA,2021-2022,52595217.36,48761012.34
MODIS CANADA,2022-2023,34913578.77,31509259.87
MODIS CANADA,2023-2024,42853177.00,37116120.13
MODIS CANADA,2024-2025,36829800.47,30567149.83
MODIS CANADA,2025-2026,20317008.33,14836273.95
MOMENTUM SOLUTIONS,2017-2018,6203556.27,6397181.27
MOMENTUM SOLUTIONS,2018-2019,32352758.02,32979318.87
MOMENTUM SOLUTIONS,2019-2020,5832182.02,5804906.90
MOMENTUM SOLUTIONS,2020-2021,837240.00,789730.26
MOMENTUM SOLUTIONS,2021-2022,1359154.93,1241843.80
MOMENTUM SOLUTIONS,2022-2023,7283407.51,6569750.86
MOMENTUM SOLUTIONS,2023-2024,13762689.59,11927272.38
MOMENTUM SOLUTIONS,2024-2025,18210272.74,15090619.46
MOMENTUM SOLUTIONS,2025-2026,1923600.00,0.00
MONTREAL BRONZE,2017-2018,303956.65,312625.44
MONTREAL BRONZE,2018-2019,954227.70,970475.89
MONTREAL BRONZE,2019-2020,408618.66,404999.57
MONTREAL BRONZE,2020-2021,1043338.16,993314.48
MONTREAL BRONZE,2021-2022,1223554.50,1132527.63
MONTREAL BRONZE,2022-2023,3141307.00,2831591.91
MONTREAL BRONZE,2023-2024,4862817.39,4221327.18
MONTREAL BRONZE,2024-2025,6378941.56,5308121.31
MONTREAL BRONZE,2025-2026,1467889.43,877575.14
MORNEAU SHEPELL,2017-2018,5401.04,5572.01
MORPHO CANADA,2017-2018,1404437.37,1447116.98
MORPHO CANADA,2018-2019,876562.63,897607.74
MORRISON HERSHFIELD,2021-2022,14454.42,13108.43
MORRISON HERSHFIELD,2022-2023,72272.11,65258.06
MORRISON HERSHFIELD,2023-2024,48511.42,42309.65
MOTOR COACH INDUSTRIES,2017-2018,7673.98,7921.00
MOTOR COACH INDUSTRIES,2018-2019,14525.00,14889.06
MOTOR COACH INDUSTRIES,2019-2020,391541.75,382214.93
MOTOR COACH INDUSTRIES,2020-2021,4928025.49,4691950.22
MOTOR COACH INDUSTRIES,2021-2022,4509480.86,4218286.58
MOTOR COACH INDUSTRIES,2023-2024,360009.37,308632.72
MOTOR COACH INDUSTRIES,2024-2025,3643731.19,3026124.69
MOTOR COACH INDUSTRIES,2025-2026,51550.59,41261.27
MOTOROLA SOLUTIONS CANADA,2017-2018,6520735.37,6704517.18
MOTOROLA SOLUTIONS CANADA,2018-2019,15147675.13,15316092.38
MOTOROLA SOLUTIONS CANADA,2019-2020,9281958.69,9156721.66
MOTOROLA SOLUTIONS CANADA,2020-2021,12407034.89,11733756.69
MOTOROLA SOLUTIONS CANADA,2021-2022,3606908.65,3286911.73
MOTOROLA SOLUTIONS CANADA,2022-2023,2301988.34,2069989.95
MOTOROLA SOLUTIONS CANADA,2023-2024,19029663.28,16419162.47
MOTOROLA SOLUTIONS CANADA,2024-2025,5383184.47,4427111.58
MOTOROLA SOLUTIONS CANADA,2025-2026,19370143.08,10247253.49
MTS ALLSTREAM,2017-2018,897.86,922.60
MTS ALLSTREAM,2018-2019,37039.10,37694.54
MTS ALLSTREAM,2019-2020,25278.16,25075.30
MTS ALLSTREAM,2020-2021,25209.10,24001.46
MULDER MEATS,2019-2020,2058846.06,2043752.01
MULDER MEATS,2020-2021,2012294.62,1904984.27
MULDER MEATS,2021-2022,299153.22,276034.50
MULDER MEATS,2022-2023,2537601.68,2295650.73
MULDER MEATS,2023-2024,3069900.30,2658235.06
MULDER MEATS,2024-2025,2248140.55,1861109.06
MULDER MEATS,2025-2026,2461738.21,1985532.07
MULTINATIONAL LOGISTIC SERVICES,2017-2018,2281123.20,2357088.97
MULTINATIONAL LOGISTIC SERVICES,2018-2019,2020583.64,2057182.52
MULTINATIONAL LOGISTIC SERVICES,2019-2020,1199793.48,1198686.76
MULTINATIONAL LOGISTIC SERVICES,2020-2021,703174.14,676201.45
MULTINATIONAL LOGISTIC SERVICES,2021-2022,247131.36,224118.47
MULTISHRED,2017-2018,16489.97,16996.48
MULTISHRED,2018-2019,300677.01,304980.76
MULTISHRED,2019-2020,615009.01,609166.81
MULTISHRED,2020-2021,486395.55,463130.77
MULTISHRED,2021-2022,703352.99,650250.59
MULTISHRED,2022-2023,839568.10,756576.73
MULTISHRED,2023-2024,824426.97,715629.88
MULTISHRED,2024-2025,631652.93,525775.31
MULTISHRED,2025-2026,497254.85,316846.46
MUNICIPALITY OF THE COUNTY OF KINGS,2018-2019,844203.59,851403.18
MUNICIPALITY OF THE COUNTY OF KINGS,2019-2020,901025.00,893794.18
MUNICIPALITY OF THE COUNTY OF KINGS,2020-2021,827499.75,787858.68
MUNICIPALITY OF THE COUNTY OF KINGS,2021-2022,914020.00,852782.24
MUNICIPALITY OF THE COUNTY OF KINGS,2022-2023,922990.00,833413.23
MUNICIPALITY OF THE COUNTY OF KINGS,2023-2024,1135165.33,984135.40
MUNICIPALITY OF THE COUNTY OF KINGS,2024-2025,1035000.00,858298.73
MUSTANG SURVIVAL,2017-2018,833325.60,858098.99
MUSTANG SURVIVAL,2018-2019,2310429.32,2347987.27
MUSTANG SURVIVAL,2019-2020,1709173.61,1695783.15
MUSTANG SURVIVAL,2021-2022,23479.27,21367.49
MUSTANG SURVIVAL,2023-2024,12543.05,10872.07
MUSTANG SURVIVAL,2024-2025,134091.55,109842.91
MUSTANG SURVIVAL,2025-2026,917640.98,373410.14
MWCO,2017-2018,4557268.29,4700774.21
MWCO,2018-2019,2819923.46,2871319.83
MWCO,2019-2020,1017048.02,1019251.16
N P A,2021-2022,125334.51,118137.94
NAMMO PERRY,2021-2022,2913120.00,2742396.86
NANOMETRICS,2020-2021,28738.50,27611.11
NASITTUQ,2017-2018,11643700.97,12001962.86
NASITTUQ,2018-2019,10298849.34,10487101.78
NASITTUQ,2019-2020,10327065.37,10244189.62
NASITTUQ,2020-2021,10298849.34,9805486.71
NASITTUQ,2021-2022,10298849.34,9608844.25
NASITTUQ,2022-2023,100153474.51,90412149.64
NASITTUQ,2023-2024,103135252.42,89437219.10
NASITTUQ,2024-2025,100896853.94,83671954.82
NASITTUQ,2025-2026,100766669.09,67676621.23
NATCO PHARMA CANADA,2019-2020,388482.31,379228.37
NATCO PHARMA CANADA,2020-2021,6445274.74,6136516.19
NATCO PHARMA CANADA,2021-2022,71400.00,66616.32
NATIONAL ARTS CENTRE,2019-2020,15000.00,14879.62
NATIONAL TEST PILOT SCHOOL,2017-2018,7474339.74,7702528.00
NATIONAL TEST PILOT SCHOOL,2018-2019,7955341.01,8117758.54
NATIONAL TEST PILOT SCHOOL,2019-2020,433025.18,434600.20
NATIONAL TEST PILOT SCHOOL,2023-2024,16710.72,14294.38
NATIONAL TEST PILOT SCHOOL,2025-2026,726786.58,336110.72
NATO SEASPARROW SURFACE MISSILE SYSTEM PROJECT,2017-2018,10127103.48,10437491.49
NATO SEASPARROW SURFACE MISSILE SYSTEM PROJECT,2018-2019,10127103.48,10312216.58
NATO SEASPARROW SURFACE MISSILE SYSTEM PROJECT,2019-2020,10154848.97,10073355.28
NATO SEASPARROW SURFACE MISSILE SYSTEM PROJECT,2020-2021,10127103.48,9641968.27
NATO SEASPARROW SURFACE MISSILE SYSTEM PROJECT,2021-2022,10127103.48,9448605.07
NATO SEASPARROW SURFACE MISSILE SYSTEM PROJECT,2022-2023,9326385.08,8424415.11
NATO SEASPARROW SURFACE MISSILE SYSTEM PROJECT,2023-2024,5183369.90,4510313.43
NATTIQ,2019-2020,143295.30,142262.42
NATTIQ,2020-2021,334245.52,318050.85
NATTIQ,2021-2022,55106.35,50424.16
NATTIQ,2022-2023,192121.64,173373.36
NATTIQ,2023-2024,285433.63,246720.67
NATTIQ,2024-2025,138187.57,114789.21
NAV CANADA,2017-2018,10606176.92,10935311.38
NAV CANADA,2018-2019,10716543.81,10913833.16
NAV CANADA,2019-2020,10489235.56,10403511.10
NAV CANADA,2020-2021,10005303.08,9525639.17
NAV CANADA,2021-2022,10016437.97,9337314.50
NAV CANADA,2022-2023,4211196.14,3814307.59
NAV CANADA,2023-2024,2138950.01,1854440.73
NAV CANADA,2024-2025,2179501.99,1806649.01
NAV CANADA,2025-2026,3776648.59,2519863.94
NAVAMAR,2019-2020,1465534.09,1443842.90
NAVAMAR,2020-2021,2476481.21,2357846.28
NAVAMAR,2021-2022,2476481.21,2310561.26
NAVAMAR,2022-2023,2476481.21,2236137.14
NAVAMAR,2023-2024,2483266.09,2152875.89
NAVAMAR,2024-2025,1024516.88,858757.50
NAVPOINT CONSULTING GROUP,2019-2020,153278.75,151414.39
NAVPOINT CONSULTING GROUP,2020-2021,37747.75,35573.30
NAVPOINT CONSULTING GROUP,2021-2022,153465.30,140360.60
NAVPOINT CONSULTING GROUP,2022-2023,10158.70,9220.80
NAVTECH,2025-2026,69929.88,34817.23
NELSON ENVIRONMENTAL REMEDIATION,2020-2021,1858.32,1752.87
NELSON ENVIRONMENTAL REMEDIATION,2021-2022,169106.89,160388.04
NEPTEC DESIGN GROUP,2018-2019,113886.83,114987.03
NEPTEC DESIGN GROUP,2019-2020,84601.64,84909.36
NEPTUNE SECURITY SERVICES,2020-2021,1451318.78,1380491.23
NEPTUNE SECURITY SERVICES,2021-2022,3561393.21,3326828.55
NEPTUNE SECURITY SERVICES,2022-2023,1566772.07,1417259.00
NEVADA AUTOMOTIVE TEST CENTER,2020-2021,2078260.87,1983466.21
NEVADA AUTOMOTIVE TEST CENTER,2021-2022,3173913.04,2961266.36
NEVADA AUTOMOTIVE TEST CENTER,2022-2023,3173913.04,2865882.76
NEVADA AUTOMOTIVE TEST CENTER,2023-2024,2373913.04,2065947.48
NEW ENGLAND BIOLABS,2018-2019,45654.82,46187.56
NEW ENGLAND BIOLABS,2019-2020,40362.21,39874.46
NEW ENGLAND BIOLABS,2020-2021,21914.55,21054.86
NEW ENGLAND BIOLABS,2021-2022,55965.56,52072.55
NEW ENGLAND BIOLABS,2023-2024,21128.94,18358.87
NEW ENGLAND BIOLABS,2025-2026,19446.00,2548.35
NEW TECHNOLOGIES,2017-2018,318883.36,329086.15
NEW TECHNOLOGIES,2018-2019,1041661.79,1059985.26
NEW TECHNOLOGIES,2019-2020,1121169.48,1111129.09
NEW TECHNOLOGIES,2020-2021,1069674.79,1018105.53
NEW TECHNOLOGIES,2021-2022,397128.11,371904.73
NEW TECHNOLOGIES,2022-2023,464547.37,418378.30
NEW TECHNOLOGIES,2023-2024,679326.13,589412.93
NEW TECHNOLOGIES,2024-2025,603493.76,500461.76
NEW TECHNOLOGIES,2025-2026,710585.43,421202.79
NEWDOCK ST JOHN S DOCKYARD,2023-2024,21800463.54,18754291.27
NEWDOCK ST JOHN S DOCKYARD,2024-2025,80159273.80,66340481.83
NEWDOCK ST JOHN S DOCKYARD,2025-2026,7511068.61,3691583.94
NEWFOUND RECRUITING,2017-2018,319070.07,328849.32
NEWFOUND RECRUITING,2018-2019,436601.51,444489.66
NEWFOUND RECRUITING,2019-2020,79342.70,79523.96
NEWFOUND RECRUITING,2020-2021,178082.82,169671.70
NEWFOUND RECRUITING,2021-2022,610910.94,565370.98
NEWFOUND RECRUITING,2022-2023,449239.07,406261.53
NEWFOUND RECRUITING,2023-2024,286786.74,246354.64
NEWFOUND RECRUITING,2024-2025,775031.84,641674.78
NEWFOUND RECRUITING,2025-2026,1910563.09,1174410.49
NEWFOUNDLAND HELICOPTERS,2020-2021,107426.95,102699.41
NEWFOUNDLAND HELICOPTERS,2021-2022,116791.07,108034.37
NEXTER SYSTEMS,2017-2018,53253.07,54938.80
NEXTER SYSTEMS,2019-2020,2069044.50,2042439.00
NEXTER SYSTEMS,2020-2021,2996830.32,2853268.26
NEXTER SYSTEMS,2021-2022,2996830.32,2796047.88
NEXTER SYSTEMS,2022-2023,197051.86,178859.13
NIKON CANADA,2017-2018,309354.75,318073.19
NIKON CANADA,2018-2019,942282.73,951428.57
NIKON CANADA,2019-2020,856888.61,837903.06
NIKON CANADA,2020-2021,439915.12,420519.57
NIKON CANADA,2021-2022,379291.38,352612.49
NIKON CANADA,2022-2023,516732.13,466506.44
NIKON CANADA,2023-2024,500099.15,429443.54
NIKON CANADA,2024-2025,999390.63,821677.85
NIKON CANADA,2025-2026,786089.84,568851.27
NIMBLE INFORMATION STRATEGIES,2022-2023,51357.03,46170.01
NIMBLE INFORMATION STRATEGIES,2025-2026,33900.00,11999.65
NISHA TECHONOLOGIES,2017-2018,17084339.49,17565320.64
NISHA TECHONOLOGIES,2018-2019,28314176.36,28782266.26
NISHA TECHONOLOGIES,2019-2020,37950650.21,37670050.06
NISHA TECHONOLOGIES,2020-2021,4234739.81,4034157.76
NISHA TECHONOLOGIES,2021-2022,2673721.10,2479199.52
NISHA TECHONOLOGIES,2022-2023,1164628.36,1049788.95
NISHA TECHONOLOGIES,2023-2024,6639792.18,5712800.11
NISHA TECHONOLOGIES,2024-2025,3343216.34,2755576.82
NISHA TECHONOLOGIES,2025-2026,4578768.55,2640673.47
NISSAN CANADA,2017-2018,202614.35,208773.62
NISSAN CANADA,2018-2019,280743.23,284357.71
NISSAN CANADA,2020-2021,220896.95,209427.56
NISSAN CANADA,2021-2022,632869.94,593573.10
NITAM SOLUTIONS,2018-2019,21899.40,22086.16
NITAM SOLUTIONS,2019-2020,13961.35,13628.78
NITAM SOLUTIONS,2020-2021,218.15,205.58
NITAM SOLUTIONS,2021-2022,105760.29,96065.55
NITAM SOLUTIONS,2022-2023,22707.78,20414.31
NITAM SOLUTIONS,2023-2024,503145.10,431460.15
NITAM SOLUTIONS,2024-2025,171198.43,140290.80
NITAM SOLUTIONS,2025-2026,846963.77,364192.34
NKE INSTRUMENTATION,2019-2020,19145.22,18767.70
NOKIA CANADA,2018-2019,420292.27,424329.82
NOKIA CANADA,2019-2020,1147058.38,1131866.70
NOKIA CANADA,2020-2021,2912813.99,2766354.44
NOKIA CANADA,2021-2022,3532545.16,3212554.67
NOKIA CANADA,2022-2023,3161850.28,2847969.07
NOKIA CANADA,2023-2024,3396687.63,2928860.47
NOKIA CANADA,2024-2025,917310.57,765480.87
NOKIA CANADA,2025-2026,40676.40,25572.20
NOLINOR AVIATION,2018-2019,364595.71,368435.40
NOLINOR AVIATION,2024-2025,250274.83,207842.60
NOLINOR AVIATION,2025-2026,1508040.69,841064.78
NORDLYS ENVIRONMENTAL,2018-2019,1268983.92,1288248.90
NORDLYS ENVIRONMENTAL,2019-2020,844283.66,845520.42
NORDLYS ENVIRONMENTAL,2021-2022,1681213.04,1556260.76
NORDLYS ENVIRONMENTAL,2022-2023,3404468.85,3074823.35
NORDLYS ENVIRONMENTAL,2023-2024,2585394.85,2241416.76
NORDLYS ENVIRONMENTAL,2024-2025,1532870.72,1280453.10
NORDLYS ENVIRONMENTAL PARTNERSHIP,2017-2018,3951338.83,4073319.15
NORDLYS ENVIRONMENTAL PARTNERSHIP,2018-2019,2619848.24,2673550.26
NORDLYS ENVIRONMENTAL PARTNERSHIP,2019-2020,30797.52,30909.54
NORR,2017-2018,130262.38,134345.41
NORTAK SOFTWARE,2022-2023,95732.60,86398.22
NORTAK SOFTWARE,2023-2024,36223.15,31891.11
NORTH ATLANTIC PETROLEUM,2017-2018,657321.72,679566.32
NORTH ATLANTIC PETROLEUM,2018-2019,756747.20,771247.28
NORTH ATLANTIC PETROLEUM,2019-2020,24293.08,24263.77
NORTH ATLANTIC PETROLEUM,2020-2021,444457.16,423267.15
NORTH ATLANTIC PETROLEUM,2021-2022,135933.46,127673.58
NORTH ATLANTIC PETROLEUM,2022-2023,56762.53,51179.32
NORTH ATLANTIC PETROLEUM,2023-2024,64377.29,56368.70
NORTH BAY HYDRO,2017-2018,3479914.65,3587734.45
NORTH BAY HYDRO,2018-2019,2277684.50,2335811.73
NORTH BAY HYDRO,2020-2021,1469563.94,1399165.01
NORTH BAY HYDRO,2021-2022,1469563.94,1371105.70
NORTH CARIBOO AIR,2021-2022,74297.74,69385.91
NORTH CARIBOO AIR,2022-2023,98903.75,88914.56
NORTH CARIBOO AIR,2024-2025,106673.98,87051.18
NORTH COUNTRY LOGISTICS,2020-2021,2016379.17,1926043.29
NORTH COUNTRY LOGISTICS,2021-2022,1761520.83,1660858.10
NORTHERN CONTRACTING,2025-2026,197828.79,122402.77
NORTHERN MICRO,2017-2018,11980678.22,12339377.77
NORTHERN MICRO,2018-2019,12611911.57,12819764.50
NORTHERN MICRO,2019-2020,13046907.49,12898184.55
NORTHERN MICRO,2020-2021,26509420.35,25129150.46
NORTHERN MICRO,2021-2022,65970159.46,61201784.71
NORTHERN MICRO,2022-2023,28198727.87,25379190.62
NORTHERN MICRO,2023-2024,33007882.92,28410416.26
NORTHERN MICRO,2024-2025,6945262.36,5736151.37
NORTHERN MICRO,2025-2026,62168894.66,21374713.12
NORTHROP GRUMMAN,2017-2018,6491153.49,6690102.40
NORTHROP GRUMMAN,2018-2019,9768082.53,9938536.93
NORTHROP GRUMMAN,2019-2020,10942542.07,10854728.20
NORTHROP GRUMMAN,2020-2021,12159298.37,11574947.33
NORTHROP GRUMMAN,2021-2022,11379368.47,10622905.37
NORTHROP GRUMMAN,2022-2023,31538992.40,28434540.83
NORTHROP GRUMMAN,2023-2024,36689603.25,31856247.55
NORTHROP GRUMMAN,2024-2025,11787842.63,9762228.58
NORTHROP GRUMMAN,2025-2026,18596109.18,11607050.11
NORTHSIDE DEVELOPMENT,2017-2018,502216.66,517609.22
NORTHSIDE DEVELOPMENT,2018-2019,502216.66,511396.67
NORTHSIDE DEVELOPMENT,2019-2020,503592.59,499551.21
NORTHSIDE DEVELOPMENT,2020-2021,477317.52,451704.39
NORTHSIDE DEVELOPMENT,2021-2022,1062141.99,990980.31
NORTHSIDE DEVELOPMENT,2022-2023,1062141.99,959060.43
NORTHSIDE DEVELOPMENT,2023-2024,1065051.96,923350.38
NORTHSIDE DEVELOPMENT,2024-2025,1062141.99,880806.88
NORTHSIDE DEVELOPMENT,2025-2026,177508.66,143947.56
NORTHWEST FUELS,2019-2020,84825.05,84559.53
NORTRAX CANADA,2017-2018,7328838.13,7544373.06
NORTRAX CANADA,2018-2019,447154.29,456541.19
NORTRAX CANADA,2019-2020,270290.22,268129.65
NOTRA,2017-2018,2861920.45,2951211.05
NOTRA,2018-2019,8941154.46,9148084.57
NOTRA,2019-2020,3080481.06,3040003.96
NOTRA,2020-2021,312687.96,297712.94
NOTRA,2021-2022,1356843.98,1272792.71
NOTRA,2022-2023,809016.49,730459.62
NOTRA,2023-2024,673228.44,580265.49
NOTRA,2024-2025,1347830.83,1120057.51
NOTRA,2025-2026,1779157.67,872274.20
NOVA NETWORKS,2017-2018,394922.78,406932.65
NOVA NETWORKS,2018-2019,561898.74,570977.01
NOVA NETWORKS,2019-2020,237840.66,234444.81
NOVA NETWORKS,2020-2021,500225.45,473187.90
NOVA NETWORKS,2021-2022,252008.78,235636.78
NOVA NETWORKS,2022-2023,480298.90,433011.42
NOVA NETWORKS,2023-2024,7561222.48,6481121.02
NOVA NETWORKS,2024-2025,7782900.48,6397784.36
NOVA NETWORKS,2025-2026,17927016.26,12494293.06
NOVA SCOTIA POWER,2018-2019,5912656.45,5982515.28
NOVA SCOTIA POWER,2019-2020,4009408.44,3977232.53
NOVA SCOTIA POWER,2020-2021,3861749.52,3675877.34
NOVA SCOTIA POWER,2021-2022,3677211.81,3430844.98
NOVA SCOTIA POWER,2022-2023,3821335.29,3450472.27
NOVA SCOTIA POWER,2023-2024,19495641.05,16897957.03
NOVA SCOTIA POWER,2024-2025,21203320.19,17582557.60
NOVIPRO,2020-2021,35411.42,33783.97
NOVIPRO,2021-2022,43393.19,40483.20
NOVIPRO,2022-2023,59927.53,54096.01
NOVIPRO,2023-2024,10563.86,9326.76
NOVIPRO,2024-2025,56073.25,46342.09
NOVIPRO,2025-2026,11251.54,9124.24
NP AEROSPACE CANADA,2018-2019,86708.40,87848.60
NP AEROSPACE CANADA,2019-2020,18270.61,18122.18
NP AEROSPACE CANADA,2020-2021,1649388.45,1576573.85
NP AEROSPACE CANADA,2021-2022,664459.78,619942.13
NP AEROSPACE CANADA,2022-2023,109226.27,99142.00
NP AEROSPACE CANADA,2023-2024,4148059.51,3581896.50
NP AEROSPACE CANADA,2024-2025,5030038.94,4171281.20
NP AEROSPACE CANADA,2025-2026,895760.36,726401.28
NU VIEW HOMES,2018-2019,142524.45,143739.93
NU VIEW HOMES,2019-2020,2498599.59,2481611.21
NU VIEW HOMES,2020-2021,2068452.19,1969363.74
NU VIEW HOMES,2021-2022,646037.12,611940.50
NUA OFFICE,2017-2018,19380.62,19914.69
NUA OFFICE,2018-2019,31624.85,32051.86
NUA OFFICE,2019-2020,15305.69,14941.10
NUA OFFICE,2021-2022,68519.81,62139.24
NUMBER TEN ARCHITECTURAL GROUP,2017-2018,264909.10,273041.12
NUMBER TEN ARCHITECTURAL GROUP,2018-2019,261798.75,266524.95
NUMBER TEN ARCHITECTURAL GROUP,2019-2020,272241.63,270207.34
NUMBER TEN ARCHITECTURAL GROUP,2020-2021,211314.37,201132.07
NUMBER TEN ARCHITECTURAL GROUP,2021-2022,160074.93,150111.71
NUMBER TEN ARCHITECTURAL GROUP,2022-2023,132223.57,119269.96
NUMBER TEN ARCHITECTURAL GROUP,2023-2024,415425.18,358230.38
NUMBER TEN ARCHITECTURAL GROUP,2024-2025,430361.48,356825.47
NUMBER TEN ARCHITECTURAL GROUP,2025-2026,580930.29,331433.81
NUNA EAST,2021-2022,96702.62,89888.02
NUR CONSTRUCTION,2017-2018,81267.40,83684.05
NUR CONSTRUCTION,2018-2019,272778.82,277191.92
NUR CONSTRUCTION,2019-2020,532113.17,526315.39
NUR CONSTRUCTION,2020-2021,2127726.44,2030566.62
NUR CONSTRUCTION,2021-2022,1571246.35,1476043.00
NUR CONSTRUCTION,2022-2023,929770.08,839634.11
NUR CONSTRUCTION,2023-2024,471649.56,408898.17
NUR CONSTRUCTION,2024-2025,470360.90,390058.13
OCEAN NAVIGATION,2025-2026,497633.95,147255.80
OCEAN PACIFIC MARINE SUPPLY,2025-2026,22295.51,4691.29
OCLC CANADA,2017-2018,9689.62,9986.60
OCLC CANADA,2018-2019,9689.62,9866.74
OCLC CANADA,2019-2020,4061.68,4068.48
OGILVY MONTREAL,2019-2020,29662.50,29199.75
OMNITECH ELECTRONICS,2017-2018,896199.39,924125.64
OMNITECH ELECTRONICS,2018-2019,1037713.64,1054026.94
OMNITECH ELECTRONICS,2019-2020,2406282.08,2377411.14
OMNITECH ELECTRONICS,2020-2021,626502.83,597717.58
OMNITECH ELECTRONICS,2021-2022,192646.03,179044.62
OMNITECH ELECTRONICS,2022-2023,2792752.17,2514793.96
OMNITECH ELECTRONICS,2023-2024,3281752.11,2870119.53
OMNITECH ELECTRONICS,2024-2025,76869.62,64178.35
OMNITECH ELECTRONICS,2025-2026,2568000.48,1224146.45
ONIX NETWORKING CANADA,2018-2019,22544.63,22736.90
ONIX NETWORKING CANADA,2019-2020,458407.46,454728.70
ONIX NETWORKING CANADA,2020-2021,457154.99,435255.14
ONIX NETWORKING CANADA,2021-2022,13582.91,12318.06
ONIX NETWORKING CANADA,2022-2023,330517.36,298440.44
ONIX NETWORKING CANADA,2023-2024,331422.89,287328.19
ONIX NETWORKING CANADA,2024-2025,328347.88,272319.10
ONIX NETWORKING CANADA,2025-2026,297564.24,199849.24
ONX ENTERPRISE SOLUTIONS,2017-2018,111165.03,114364.93
ONX ENTERPRISE SOLUTIONS,2018-2019,1934402.26,1956777.63
ONX ENTERPRISE SOLUTIONS,2019-2020,1604729.27,1581965.16
ONX ENTERPRISE SOLUTIONS,2020-2021,73664.50,70105.79
ONX ENTERPRISE SOLUTIONS,2021-2022,64084.17,60085.73
ONX ENTERPRISE SOLUTIONS,2022-2023,2008486.46,1805631.07
ONX ENTERPRISE SOLUTIONS,2023-2024,3343030.19,2873930.38
ONX ENTERPRISE SOLUTIONS,2024-2025,1858522.16,1533789.27
ONX ENTERPRISE SOLUTIONS,2025-2026,1023845.45,0.00
OPEN GEOSPATIAL CONSORTIUM,2023-2024,40680.00,34836.82
OPEN STORAGE SOLUTIONS,2017-2018,463759.38,476737.94
OPEN STORAGE SOLUTIONS,2018-2019,1057.99,1083.50
OPEN STORAGE SOLUTIONS,2019-2020,196330.81,192459.40
OPEN STORAGE SOLUTIONS,2020-2021,7463.45,7039.93
OPEN STORAGE SOLUTIONS,2021-2022,54483.15,50832.88
OPEN STORAGE SOLUTIONS,2022-2023,156602.55,140785.83
OPEN STORAGE SOLUTIONS,2023-2024,35735.59,31078.87
OPEN STORAGE SOLUTIONS,2024-2025,40618.17,33620.04
OPEN STORAGE SOLUTIONS,2025-2026,80266.11,46592.26
OPENFRAME TECHNOLOGIES,2017-2018,321560.26,331415.84
OPENFRAME TECHNOLOGIES,2018-2019,296209.34,301262.46
OPENFRAME TECHNOLOGIES,2019-2020,354872.68,351805.11
OPENFRAME TECHNOLOGIES,2020-2021,536195.56,510847.98
OPENFRAME TECHNOLOGIES,2021-2022,599427.50,559955.89
OPENFRAME TECHNOLOGIES,2022-2023,681835.64,615395.88
OPENFRAME TECHNOLOGIES,2023-2024,1133187.64,979365.56
OPENFRAME TECHNOLOGIES,2024-2025,1217813.75,1009901.45
OPENFRAME TECHNOLOGIES,2025-2026,1339769.29,908556.56
OPENTEXT,2017-2018,306323.89,315632.54
OPENTEXT,2018-2019,289970.75,295115.53
OPENTEXT,2019-2020,297977.52,295632.60
OPENTEXT,2020-2021,281633.29,268301.35
OPENTEXT,2021-2022,167397.05,156178.39
OPENTEXT,2022-2023,496591.59,447592.81
OPENTEXT,2023-2024,590001.84,514184.16
OPENTEXT,2024-2025,442567.13,366397.85
OPENTEXT,2025-2026,294513.22,197915.06
OPROMA,2021-2022,60378.80,55020.51
OPSIS,2017-2018,2768275.16,2851613.00
OPSIS,2018-2019,2561511.01,2608034.11
OPSIS,2019-2020,5711981.24,5666142.01
OPSIS,2020-2021,2368811.62,2255717.80
OPSIS,2021-2022,1432230.98,1334992.03
OPSIS,2022-2023,27917.50,25097.85
OPSIS,2023-2024,1484563.44,1301491.87
OPTIMUM SOLUTIONS,2019-2020,551756.90,538613.63
OPTIMUM SOLUTIONS,2020-2021,5967864.36,5682763.20
OPTIMUM SOLUTIONS,2021-2022,7080246.48,6631409.66
OPTIMUM SOLUTIONS,2022-2023,1875064.64,1700266.19
OPTIV CANADA FEDERAL,2018-2019,31552.36,31821.45
OPTIV CANADA FEDERAL,2019-2020,131660.22,129400.26
OPTIV CANADA FEDERAL,2020-2021,3614.66,3409.54
OPTIV CANADA FEDERAL,2021-2022,339075.28,315672.99
OPTIV CANADA FEDERAL,2022-2023,84887.10,76788.80
OPTIV CANADA FEDERAL,2024-2025,161949.35,134006.93
OPTIV CANADA FEDERAL,2025-2026,635655.80,313698.34
ORACLE CANADA,2017-2018,2259781.47,2322060.57
ORACLE CANADA,2018-2019,9352806.15,9524121.63
ORACLE CANADA,2019-2020,6993554.58,6969127.80
ORACLE CANADA,2020-2021,7414769.07,7071000.98
ORACLE CANADA,2021-2022,9374073.00,8747198.25
ORACLE CANADA,2022-2023,9118202.29,8233293.63
ORACLE CANADA,2023-2024,8895665.08,7711387.33
ORACLE CANADA,2024-2025,9771453.22,8101816.46
ORACLE CANADA,2025-2026,9930516.88,6664187.94
ORANGUTECH,2017-2018,244571.01,251564.72
ORANGUTECH,2018-2019,165066.26,168093.25
ORANGUTECH,2019-2020,169250.70,167906.07
ORANGUTECH,2020-2021,233691.60,221795.75
ORANGUTECH,2021-2022,607243.73,568679.18
ORANGUTECH,2022-2023,95872.38,86538.30
ORANGUTECH,2023-2024,548447.30,474461.35
ORANGUTECH,2024-2025,268303.90,222254.41
ORANGUTECH,2025-2026,391045.11,232317.87
ORBIS RISK CONSULTING,2018-2019,94920.00,96262.05
ORBIS RISK CONSULTING,2019-2020,98310.00,96823.26
ORBIS RISK CONSULTING,2021-2022,163622.00,148385.51
ORBIS RISK CONSULTING,2022-2023,56274.00,50628.35
ORBIS RISK CONSULTING,2023-2024,83061.64,71122.81
ORBIS RISK CONSULTING,2024-2025,120191.86,99178.56
ORBIS RISK CONSULTING,2025-2026,49612.50,25970.05
OSHKOSH,2020-2021,947673.38,899901.19
OSHKOSH,2021-2022,1505523.67,1420152.77
OSI,2017-2018,918134.00,946274.11
OSI,2018-2019,918134.00,934916.56
OSI,2019-2020,920649.44,913261.14
OSI,2020-2021,918134.00,874151.13
OSI,2021-2022,918134.00,856620.61
OSI,2022-2023,918134.00,829028.52
OSI,2023-2024,920649.44,798160.13
OSI,2024-2025,918134.00,761384.78
OSI,2025-2026,918134.00,616634.53
OTIS ELEVATOR,2017-2018,130063.11,134055.25
OTIS ELEVATOR,2018-2019,33392.96,34042.95
OTIS ELEVATOR,2019-2020,28000.00,27775.30
OTIS ELEVATOR,2020-2021,22954.34,21865.32
OTIS ELEVATOR,2021-2022,36626.83,34554.64
OTIS ELEVATOR,2022-2023,8645.43,7772.25
OTIS ELEVATOR,2023-2024,76863.10,66093.32
OTIS ELEVATOR,2025-2026,66438.10,40570.25
OTTAWA BUSINESS INTERIORS,2018-2019,35023.22,35599.49
OTTAWA BUSINESS INTERIORS,2021-2022,19135.99,17665.49
OXFORD NANOPORE TECHNOLOGIES,2019-2020,20419.69,20128.56
OXFORD NANOPORE TECHNOLOGIES,2021-2022,54982.81,50032.27
OXFORD NANOPORE TECHNOLOGIES,2024-2025,23663.50,19440.33
OXFORD UNIVERSITY PRESS,2017-2018,94138.05,97037.91
OXFORD UNIVERSITY PRESS,2018-2019,180713.47,182953.89
OXFORD UNIVERSITY PRESS,2019-2020,91205.42,90331.65
OXFORD UNIVERSITY PRESS,2020-2021,613817.85,580296.98
OXFORD UNIVERSITY PRESS,2021-2022,702797.34,640523.89
OXFORD UNIVERSITY PRESS,2022-2023,472072.78,424970.95
OXFORD UNIVERSITY PRESS,2023-2024,118913.30,103011.78
OXFORD UNIVERSITY PRESS,2024-2025,185437.66,153268.01
OXFORD UNIVERSITY PRESS,2025-2026,256535.03,143960.64
P C MCNEILL CONTRACTING,2017-2018,988830.00,1019449.19
P C MCNEILL CONTRACTING,2018-2019,1089175.17,1105629.40
P C MCNEILL CONTRACTING,2019-2020,1473888.83,1459897.60
P C MCNEILL CONTRACTING,2020-2021,407192.64,388409.04
P C MCNEILL CONTRACTING,2021-2022,1024034.19,957662.37
P C MCNEILL CONTRACTING,2022-2023,1609377.39,1452825.56
P C MCNEILL CONTRACTING,2023-2024,1109540.68,961920.02
P C MCNEILL CONTRACTING,2024-2025,1106509.14,917599.42
PACIFIC GEOMATICS,2017-2018,272651.97,280187.72
PACIFIC GEOMATICS,2018-2019,418093.92,423780.94
PACIFIC GEOMATICS,2020-2021,89936.53,85618.25
PACIFIC GEOMATICS,2021-2022,316448.06,292563.82
PACIFIC GEOMATICS,2022-2023,181710.95,163889.34
PACIFIC GEOMATICS,2023-2024,335170.39,288696.44
PACIFIC GEOMATICS,2024-2025,23217.55,19174.98
PACIFIC GEOMATICS,2025-2026,132604.37,95401.01
PACIFIC INDUSTRIAL MARINE,2017-2018,2168104.91,2228432.47
PACIFIC INDUSTRIAL MARINE,2018-2019,1368394.09,1403315.94
PACIFIC INDUSTRIAL MARINE,2019-2020,324605.66,320105.54
PACIFIC INDUSTRIAL MARINE,2020-2021,510694.25,486229.63
PACIFIC INDUSTRIAL MARINE,2021-2022,109134.66,103507.87
PACIFIC INDUSTRIAL MARINE,2025-2026,110932.50,18607.89
PACIFIC SAFETY PRODUCTS,2017-2018,2748084.14,2832324.22
PACIFIC SAFETY PRODUCTS,2018-2019,3093258.03,3149194.47
PACIFIC SAFETY PRODUCTS,2019-2020,2606240.52,2586133.34
PACIFIC SAFETY PRODUCTS,2020-2021,2614988.10,2488789.21
PACIFIC SAFETY PRODUCTS,2021-2022,955167.68,903333.03
PACIFIC SAFETY PRODUCTS,2025-2026,210913.20,50084.14
PAD CAR MECHANICAL,2018-2019,545839.49,554556.11
PAD CAR MECHANICAL,2019-2020,1039048.28,1029871.10
PAD CAR MECHANICAL,2020-2021,1034050.50,975372.61
PAL AEROSPACE,2017-2018,479443.01,493997.02
PAL AEROSPACE,2018-2019,202936.34,207171.46
PAL AEROSPACE,2019-2020,189023.75,188972.08
PAL AEROSPACE,2020-2021,233769.94,220633.92
PAL AEROSPACE,2021-2022,402130.37,375905.87
PAL AEROSPACE,2022-2023,138521.68,124681.34
PAL AEROSPACE,2023-2024,168505.55,147117.16
PAL AEROSPACE,2025-2026,1627707.42,786294.41
PALADIN GROUP,2017-2018,62317.69,64080.46
PALADIN GROUP,2018-2019,382199.32,387916.92
PALADIN GROUP,2019-2020,864174.17,852215.24
PALADIN GROUP,2020-2021,569727.76,542864.43
PALADIN GROUP,2021-2022,669061.54,621143.48
PALADIN GROUP,2022-2023,711400.71,641862.45
PALADIN GROUP,2023-2024,849507.19,733836.33
PALADIN GROUP,2024-2025,355954.40,294482.96
PALADIN GROUP,2025-2026,356878.64,241415.01
PALFINGER MARINE,2017-2018,36214.50,37416.36
PALFINGER MARINE,2020-2021,10855894.06,10369276.88
PALFINGER MARINE,2021-2022,14785079.60,13794504.85
PALFINGER MARINE,2024-2025,4165942.71,3409049.79
PALFINGER MARINE,2025-2026,1912178.25,1004326.41
PANASONIC,2017-2018,55942.46,57484.07
PANASONIC,2018-2019,42107.76,42466.87
PANASONIC,2019-2020,58554.09,57159.29
PANASONIC,2021-2022,58840.91,54927.10
PANASONIC,2022-2023,302221.22,271697.14
PANASONIC,2023-2024,319770.56,276902.77
PANASONIC,2024-2025,193294.17,159747.66
PANASONIC,2025-2026,410560.99,43497.13
PARKER JOHNSTON INDUSTRIES,2017-2018,6031531.16,6207548.21
PARKER JOHNSTON INDUSTRIES,2018-2019,502746.55,515576.80
PARKLAND,2017-2018,363219.64,373828.86
PARKLAND,2018-2019,405682.01,414147.19
PARKLAND,2019-2020,1644390.13,1611181.59
PARKLAND,2020-2021,870397.83,832049.32
PARKLAND,2021-2022,36138209.59,32834184.91
PARKLAND,2022-2023,14971893.20,13480679.64
PARKLAND,2023-2024,15361461.03,13178695.74
PARKLAND,2024-2025,20301134.48,16617379.85
PARKLAND,2025-2026,9031221.83,6679477.65
PARKLAND REFINING,2017-2018,6003632.88,6171468.45
PARKLAND REFINING,2018-2019,34779542.29,35274079.89
PARKLAND REFINING,2019-2020,10463985.41,10391112.39
PARKLAND REFINING,2020-2021,5444082.31,5165554.25
PARKLAND REFINING,2021-2022,4276453.81,4034977.10
PARLEVIEW,2019-2020,1460960.24,1448558.23
PARLEVIEW,2020-2021,1514916.16,1442344.65
PARLEVIEW,2021-2022,1514916.16,1413419.40
PARLEVIEW,2022-2023,1514916.16,1367892.59
PARLEVIEW,2023-2024,4335254.73,3727563.06
PARLEVIEW,2024-2025,10168078.00,8445241.01
PARLEVIEW,2025-2026,3868867.13,3117515.85
PARSONS CANADA,2018-2019,38279.85,39256.76
PATLON AIRCRAFT INDUSTRIES,2017-2018,3593455.89,3703849.83
PATLON AIRCRAFT INDUSTRIES,2018-2019,3660963.80,3731575.13
PATLON AIRCRAFT INDUSTRIES,2019-2020,3337490.17,3307683.72
PATLON AIRCRAFT INDUSTRIES,2020-2021,4635353.97,4414466.26
PATLON AIRCRAFT INDUSTRIES,2021-2022,5377341.80,5002159.60
PATLON AIRCRAFT INDUSTRIES,2022-2023,6511872.04,5878879.25
PATLON AIRCRAFT INDUSTRIES,2023-2024,11378918.95,9831193.15
PATLON AIRCRAFT INDUSTRIES,2024-2025,6311252.80,5213882.33
PATLON AIRCRAFT INDUSTRIES,2025-2026,6923112.42,4955527.32
PATTISON SIGN GROUP,2018-2019,119830.54,121551.23
PATTISON SIGN GROUP,2019-2020,19771.81,19843.73
PCL CONSTRUCTORS,2017-2018,304177.42,312714.28
PCL CONSTRUCTORS,2018-2019,1929145.98,1962778.15
PCL CONSTRUCTORS,2019-2020,2582202.65,2542795.73
PCL CONSTRUCTORS,2020-2021,6783006.60,6457639.87
PCL CONSTRUCTORS,2021-2022,3945030.28,3648447.35
PCL CONSTRUCTORS,2022-2023,8522078.44,7692703.20
PCL CONSTRUCTORS,2023-2024,33060981.76,28611519.30
PCL CONSTRUCTORS,2024-2025,35571380.28,29455718.93
PCL CONSTRUCTORS,2025-2026,33546474.95,22443059.55
PEERLESS GARMENTS,2017-2018,4270121.75,4401089.63
PEERLESS GARMENTS,2018-2019,10515048.51,10753044.36
PEERLESS GARMENTS,2019-2020,4101964.05,4070705.58
PEERLESS GARMENTS,2020-2021,3094936.79,2944187.66
PEERLESS GARMENTS,2021-2022,3858857.75,3593931.40
PEERLESS GARMENTS,2022-2023,1979843.14,1789263.52
PEERLESS GARMENTS,2023-2024,4422891.26,3808957.91
PEERLESS GARMENTS,2024-2025,7162039.28,5942866.40
PEERLESS GARMENTS,2025-2026,6731366.91,4452760.07
PENNANT CANADA,2017-2018,7117225.87,7336506.57
PENNANT CANADA,2018-2019,6333622.31,6451819.80
PENNANT CANADA,2019-2020,5874576.61,5827432.54
PENNANT CANADA,2020-2021,5858525.85,5577875.30
PENNANT CANADA,2021-2022,5858525.85,5466014.76
PENNANT CANADA,2022-2023,5858525.85,5289952.19
PENNANT CANADA,2023-2024,3802037.74,3319044.99
PENNANT CANADA,2024-2025,727972.58,603183.11
PENNANT CANADA,2025-2026,1435511.51,943706.62
PENNECON,2017-2018,483002.51,497806.17
PENNECON,2018-2019,523537.51,533156.44
PENNECON,2019-2020,484325.80,480439.04
PENNECON,2020-2021,531167.50,505384.10
PENNECON,2021-2022,925088.10,863108.79
PENNECON,2022-2023,937222.00,846216.10
PENNECON,2023-2024,968098.42,839941.33
PENNECON,2024-2025,925088.10,767151.63
PENNECON,2025-2026,1691263.72,996021.53
PEPCO,2017-2018,1689421.25,1737054.17
PEPCO,2018-2019,2537384.34,2573294.60
PEPCO,2019-2020,1038901.52,1034808.63
PEPIN FORTIN CONSTRUCTION,2023-2024,50589.00,43369.48
PERSISTENT SYSTEMS,2017-2018,3937397.83,4050096.47
PERSISTENT SYSTEMS,2018-2019,5881434.91,5959205.04
PERSISTENT SYSTEMS,2019-2020,291764.40,289206.11
PERSISTENT SYSTEMS,2020-2021,608124.96,578125.36
PERSISTENT SYSTEMS,2021-2022,490097.56,460628.33
PERSISTENT SYSTEMS,2022-2023,440025.32,396723.50
PERSISTENT SYSTEMS,2023-2024,1728289.15,1481345.95
PERSISTENT SYSTEMS,2024-2025,300444.34,245648.60
PERSISTENT SYSTEMS,2025-2026,3028569.04,2325174.73
PETRO AIR SERVICES,2017-2018,1808363.65,1863506.62
PETRO AIR SERVICES,2018-2019,1992757.45,2028825.03
PETRO AIR SERVICES,2019-2020,2875186.26,2852157.74
PETRO AIR SERVICES,2020-2021,2181557.62,2073894.06
PETRO AIR SERVICES,2021-2022,3152547.79,2924518.32
PETRO AIR SERVICES,2022-2023,2202285.05,1983306.76
PETRO AIR SERVICES,2023-2024,1380422.38,1193835.84
PETRO AIR SERVICES,2024-2025,3310888.57,2730325.44
PETRO AIR SERVICES,2025-2026,910423.85,584110.56
PETROVALUE PRODUCTS,2017-2018,4371566.47,4509948.56
PETROVALUE PRODUCTS,2019-2020,1075845.44,1064977.36
PETROVALUE PRODUCTS,2020-2021,2783706.99,2641187.83
PETROVALUE PRODUCTS,2021-2022,1905144.98,1805184.23
PETROVALUE PRODUCTS,2023-2024,19819131.17,17133246.09
PETROVALUE PRODUCTS,2024-2025,16637906.90,13834649.09
PETROVALUE PRODUCTS,2025-2026,386911.15,0.00
PFIZER CANADA,2017-2018,70110.59,72259.43
PFIZER CANADA,2018-2019,70110.59,71392.14
PFIZER CANADA,2019-2020,264066.16,260986.69
PFIZER CANADA,2020-2021,345462.89,328913.62
PFIZER CANADA,2021-2022,345462.89,322317.48
PFIZER CANADA,2022-2023,345462.89,311935.50
PFIZER CANADA,2023-2024,346409.37,300320.77
PFIZER CANADA,2024-2025,345462.89,286483.44
PFIZER CANADA,2025-2026,57734.89,46819.11
PHASELOCK SYSTEMS INTERNATIONAL,2017-2018,42912.24,44144.88
PHASELOCK SYSTEMS INTERNATIONAL,2018-2019,118027.79,119904.80
PHASELOCK SYSTEMS INTERNATIONAL,2019-2020,114180.52,112497.23
PHASELOCK SYSTEMS INTERNATIONAL,2020-2021,325990.34,311886.19
PHASELOCK SYSTEMS INTERNATIONAL,2021-2022,4249.19,3926.14
PHASELOCK SYSTEMS INTERNATIONAL,2022-2023,29122.34,26209.36
PHASELOCK SYSTEMS INTERNATIONAL,2023-2024,38548.55,33397.29
PHASELOCK SYSTEMS INTERNATIONAL,2024-2025,101229.85,83395.59
PHASELOCK SYSTEMS INTERNATIONAL,2025-2026,130779.41,78773.47
PIONEER CONSTRUCTION,2018-2019,299700.00,305100.63
PITNEY BOWES,2017-2018,47353.46,48846.07
PITNEY BOWES,2018-2019,9453.48,9640.69
PITNEY BOWES,2019-2020,37944.61,37781.44
PITNEY BOWES,2020-2021,12308.77,11640.19
PITNEY BOWES,2021-2022,68000.99,63292.45
PITNEY BOWES,2022-2023,38487.25,34749.64
PITNEY BOWES,2023-2024,57000.57,49242.46
PITNEY BOWES,2024-2025,68127.62,56072.74
PITNEY BOWES,2025-2026,20385.49,13691.24
PIVOTAL POWER,2017-2018,156550.17,161351.69
PIVOTAL POWER,2018-2019,17627.74,18077.60
PIVOTAL POWER,2020-2021,1520571.63,1452926.16
PIVOTAL POWER,2021-2022,1180915.45,1110695.87
PIVOTAL POWER,2024-2025,926310.63,758716.08
PIVOTAL POWER,2025-2026,12874678.52,8579248.69
PLANET LABS,2017-2018,21290.85,21877.56
PLANET LABS,2018-2019,48510.00,49747.99
PLANET LABS,2019-2020,107392.86,107284.42
PLANET LABS,2020-2021,37094.93,35615.66
PLANET LABS,2021-2022,42000.00,39580.60
PLANET LABS,2023-2024,112310.70,96282.93
PLANET LABS,2024-2025,56477.40,47628.35
PLEIAD CANADA,2017-2018,79052.92,81262.36
PLEIAD CANADA,2018-2019,200043.58,203676.66
PLEIAD CANADA,2019-2020,207646.67,206029.80
PLEIAD CANADA,2020-2021,154347.77,146587.98
PLEIAD CANADA,2021-2022,113691.73,107007.60
PLEIAD CANADA,2022-2023,39993.53,35954.22
PLEIAD CANADA,2023-2024,39619.77,34067.93
PLEIAD CANADA,2024-2025,11199.19,9424.09
PLEIAD CANADA,2025-2026,10998.20,6645.94
PMG TECHNOLOGIES,2024-2025,125564.80,103518.98
PMG TECHNOLOGIES,2025-2026,52190.97,28601.78
PODOLINSKY EQUIPMENT,2017-2018,887890.47,915853.76
PODOLINSKY EQUIPMENT,2018-2019,1063.53,1090.67
PODOLINSKY EQUIPMENT,2019-2020,459231.12,451374.84
PODOLINSKY EQUIPMENT,2020-2021,363013.13,343994.86
PODOLINSKY EQUIPMENT,2021-2022,589318.13,555446.16
PODOLINSKY EQUIPMENT,2022-2023,554623.84,499439.94
PODOLINSKY EQUIPMENT,2023-2024,1250911.49,1088488.66
PODOLINSKY EQUIPMENT,2024-2025,1136657.66,946046.52
PODOLINSKY EQUIPMENT,2025-2026,2425170.75,1450813.13
POLARIS INDUSTRIES,2017-2018,995410.99,1028386.14
POLARIS INDUSTRIES,2018-2019,760273.66,768889.18
POLARIS INDUSTRIES,2019-2020,321527.09,321442.08
POLARIS INDUSTRIES,2020-2021,175256.02,166222.55
POLARIS INDUSTRIES,2021-2022,139840.36,130813.54
POLARIS INDUSTRIES,2022-2023,8376.79,7603.41
POLARIS INDUSTRIES,2023-2024,1938759.21,1670710.34
POLARIS INDUSTRIES,2024-2025,1289380.26,1077291.95
POLARIS INDUSTRIES,2025-2026,690116.25,138396.87
POMERLEAU,2017-2018,50442061.98,51993338.46
POMERLEAU,2018-2019,47164693.47,48041156.80
POMERLEAU,2019-2020,145384586.94,143802964.99
POMERLEAU,2020-2021,107001569.27,101856134.35
POMERLEAU,2021-2022,60757672.05,56715241.06
POMERLEAU,2022-2023,68542318.24,61851948.70
POMERLEAU,2023-2024,97505917.27,84801659.50
POMERLEAU,2024-2025,59135611.83,49197662.38
POMERLEAU,2025-2026,17195883.92,11628900.71
PORTAGE PERSONNEL,2022-2023,159164.28,143433.15
PORTAGE PERSONNEL,2023-2024,66824.70,58895.74
PORTAGE PERSONNEL,2024-2025,123221.86,101272.01
PORTAGE PERSONNEL,2025-2026,186875.85,150303.58
PRA,2017-2018,29196.96,30004.79
PRA,2018-2019,13008.54,13340.53
PRECISIONIT,2017-2018,378194.78,389733.64
PRECISIONIT,2018-2019,387911.77,394997.31
PRECISIONIT,2019-2020,245389.04,244213.58
PRECISIONIT,2020-2021,194501.84,185268.03
PRECISIONIT,2021-2022,210843.42,196532.51
PRECISIONIT,2022-2023,219688.63,198367.71
PRECISIONIT,2023-2024,271922.87,235245.55
PRECISIONIT,2024-2025,392020.01,325915.97
PRECISIONIT,2025-2026,219688.63,147546.65
PRICEWATERHOUSE COOPERS,2017-2018,11735671.01,12094497.34
PRICEWATERHOUSE COOPERS,2018-2019,11508202.31,11722336.21
PRICEWATERHOUSE COOPERS,2019-2020,8529936.99,8472451.86
PRICEWATERHOUSE COOPERS,2020-2021,6004435.40,5713174.67
PRICEWATERHOUSE COOPERS,2021-2022,2371396.01,2222434.38
PRICEWATERHOUSE COOPERS,2022-2023,457653.50,413758.73
PRICEWATERHOUSE COOPERS,2023-2024,4237624.37,3645648.93
PRICEWATERHOUSE COOPERS,2024-2025,5805245.25,4809897.63
PRICEWATERHOUSE COOPERS,2025-2026,16138069.67,10839887.54
PRIMEX PROJECT MANAGEMENT,2017-2018,2959990.88,3049912.58
PRIMEX PROJECT MANAGEMENT,2018-2019,4395961.98,4473321.73
PRIMEX PROJECT MANAGEMENT,2019-2020,6371850.12,6316635.49
PRIMEX PROJECT MANAGEMENT,2020-2021,4413310.71,4203069.12
PRIMEX PROJECT MANAGEMENT,2021-2022,1027148.80,967208.43
PRIMEX PROJECT MANAGEMENT,2022-2023,1677283.70,1511906.44
PRIMEX PROJECT MANAGEMENT,2023-2024,3303563.64,2857507.01
PRIMEX PROJECT MANAGEMENT,2024-2025,3578591.05,2965905.58
PRIMEX PROJECT MANAGEMENT,2025-2026,871816.48,688301.90
PRINTERS PLUS,2017-2018,621514.52,640152.72
PRINTERS PLUS,2018-2019,782241.39,794747.75
PRINTERS PLUS,2019-2020,523096.89,515661.41
PRINTERS PLUS,2020-2021,152792.35,146150.08
PRINTERS PLUS,2021-2022,230465.58,215369.07
PRINTERS PLUS,2022-2023,22682.37,20515.55
PRINTERS PLUS,2023-2024,34563.62,29705.35
PRINTERS PLUS,2024-2025,17984.65,14939.97
PRINTERS PLUS,2025-2026,160724.67,118647.78
PROCOM CONSULTANTS,2017-2018,1958653.91,2017221.36
PROCOM CONSULTANTS,2018-2019,2354359.37,2397142.93
PROCOM CONSULTANTS,2019-2020,2780664.61,2761110.74
PROCOM CONSULTANTS,2020-2021,2156668.61,2053311.17
PROCOM CONSULTANTS,2021-2022,2612236.10,2440515.68
PROCOM CONSULTANTS,2022-2023,2274076.10,2053375.57
PROCOM CONSULTANTS,2023-2024,2620363.99,2269445.07
PROCOM CONSULTANTS,2024-2025,3190961.77,2643222.34
PROCOM CONSULTANTS,2025-2026,3246663.49,2208079.40
PROLOGIC SYSTEMS,2017-2018,113263.98,116942.64
PROLOGIC SYSTEMS,2018-2019,16937.81,17082.26
PROLOGIC SYSTEMS,2019-2020,297440.79,294950.00
PROLOGIC SYSTEMS,2020-2021,246741.50,234982.76
PROLOGIC SYSTEMS,2021-2022,75872.41,71525.37
PROLOGIC SYSTEMS,2022-2023,30085.21,27218.01
PROLOGIC SYSTEMS,2024-2025,220265.25,181692.27
PROMAXIS,2017-2018,13050355.75,13448493.99
PROMAXIS,2018-2019,13926612.86,14183003.63
PROMAXIS,2019-2020,12718914.31,12614177.46
PROMAXIS,2020-2021,11611478.19,11056364.94
PROMAXIS,2021-2022,14066842.99,13107781.16
PROMAXIS,2022-2023,17824848.58,16089865.41
PROMAXIS,2023-2024,15703778.96,13628416.14
PROMAXIS,2024-2025,14324308.73,11879795.98
PROMAXIS,2025-2026,14286661.11,9586086.44
PRONEX EXCAVATION,2022-2023,9038506.37,8166226.88
PROQUEST,2017-2018,216689.21,223306.13
PROQUEST,2018-2019,1282000.21,1304339.18
PROQUEST,2019-2020,1547685.19,1534318.09
PROQUEST,2020-2021,2143919.67,2038431.32
PROQUEST,2021-2022,3117446.50,2869632.71
PROQUEST,2022-2023,3023707.52,2725740.66
PROQUEST,2023-2024,1932282.85,1675585.57
PROQUEST,2024-2025,2185736.46,1812148.38
PROQUEST,2025-2026,2170832.93,1459577.00
PROSCI CANADA,2017-2018,40103.70,41249.80
PROSCI CANADA,2019-2020,52492.80,51385.18
PROSCI CANADA,2020-2021,164623.20,156144.28
PROSCI CANADA,2021-2022,73653.40,67860.05
PROSCI CANADA,2022-2023,116821.89,105143.87
PROSCI CANADA,2023-2024,216218.72,187394.21
PROSCI CANADA,2024-2025,164323.80,135264.98
PROSCI CANADA,2025-2026,61415.50,0.00
PROTAK CONSULTING GROUP,2017-2018,545458.69,562087.27
PROTAK CONSULTING GROUP,2018-2019,906202.36,922116.89
PROTAK CONSULTING GROUP,2019-2020,1069493.89,1061252.35
PROTAK CONSULTING GROUP,2020-2021,754669.38,717504.53
PROTAK CONSULTING GROUP,2021-2022,1273111.51,1186147.41
PROTAK CONSULTING GROUP,2022-2023,1013551.54,914857.75
PROTAK CONSULTING GROUP,2023-2024,1007832.64,872574.90
PROTAK CONSULTING GROUP,2024-2025,913253.93,757678.24
PROTAK CONSULTING GROUP,2025-2026,480310.96,367436.79
PURELOGIC,2017-2018,2511790.39,2582797.15
PURELOGIC,2018-2019,2803346.67,2835048.99
PURELOGIC,2019-2020,10484354.29,10355873.51
PURELOGIC,2020-2021,31350674.68,29695269.70
PURELOGIC,2021-2022,28808612.08,26328718.98
PURELOGIC,2022-2023,43459354.87,39117919.58
PURELOGIC,2023-2024,42219845.73,36357331.77
PURELOGIC,2024-2025,33794781.05,27947711.81
PURELOGIC,2025-2026,74743886.90,20213577.09
PURESPIRIT SOLUTIONS,2017-2018,660924.22,680925.56
PURESPIRIT SOLUTIONS,2018-2019,4662036.16,4705198.31
PURESPIRIT SOLUTIONS,2019-2020,5859693.15,5797859.05
PURESPIRIT SOLUTIONS,2020-2021,8102681.14,7668966.44
PURESPIRIT SOLUTIONS,2021-2022,2164679.48,1994806.06
PURESPIRIT SOLUTIONS,2022-2023,4335372.74,3901497.71
PURESPIRIT SOLUTIONS,2023-2024,6433799.64,5526960.43
PURESPIRIT SOLUTIONS,2024-2025,10269225.22,8439107.82
PURESPIRIT SOLUTIONS,2025-2026,12314272.76,8250502.39
PUROLATOR,2017-2018,11474.50,11826.18
PUROLATOR,2018-2019,187.67,189.27
PUROLATOR,2019-2020,9812.33,9733.59
PUROLATOR,2020-2021,188.16,177.48
PUROLATOR,2021-2022,11446.52,10679.62
PUROLATOR,2022-2023,13206.76,11924.34
PUROLATOR,2023-2024,110500.00,96934.84
PUROLATOR,2024-2025,68340.00,56663.44
PUROLATOR,2025-2026,40000.00,26864.69
PV SERVICES,2019-2020,62844.25,62168.34
PV SERVICES,2020-2021,69713.67,66268.26
PV SERVICES,2025-2026,26622.90,21388.23
PYLON ELECTRONICS,2020-2021,11626571.36,11079704.29
PYLON ELECTRONICS,2021-2022,12667756.85,11819039.06
PYLON ELECTRONICS,2022-2023,12667756.85,11438343.00
PYLON ELECTRONICS,2023-2024,12702463.04,11012443.05
PYLON ELECTRONICS,2024-2025,12725744.16,10552712.55
PYLON ELECTRONICS,2025-2026,1041185.49,844331.26
QIAGEN,2020-2021,30466.67,28724.62
QIAGEN,2021-2022,70695.25,65958.79
QIAGEN,2022-2023,70695.25,63834.23
QIAGEN,2023-2024,70888.93,61457.40
QINETIQ,2017-2018,8763905.39,9037271.80
QINETIQ,2018-2019,10392731.36,10535857.97
QINETIQ,2019-2020,21778286.36,21589671.62
QINETIQ,2020-2021,21710541.69,20672383.34
QINETIQ,2021-2022,14952467.04,14065906.49
QINETIQ,2022-2023,3571863.93,3214538.24
QINETIQ,2023-2024,4116347.11,3532893.02
QINETIQ,2024-2025,5122411.73,4200963.82
QINETIQ,2025-2026,4332920.06,2873103.52
QM ENVIRONMENTAL,2017-2018,8691134.63,8945106.54
QM ENVIRONMENTAL,2018-2019,791168.40,806252.47
QM ENVIRONMENTAL,2020-2021,671394.00,645583.21
QM ENVIRONMENTAL,2021-2022,3753759.72,3525403.76
QM ENVIRONMENTAL,2022-2023,627379.58,566617.46
QM ENVIRONMENTAL,2023-2024,849748.69,747955.62
QMR,2017-2018,521604.70,537419.43
QMR,2018-2019,1268745.83,1289607.19
QMR,2019-2020,1517539.31,1506274.20
QMR,2020-2021,957552.67,912001.54
QMR,2021-2022,1181972.01,1102199.48
QMR,2022-2023,613545.45,553955.71
QMR,2023-2024,572792.34,495998.14
QMR,2024-2025,278627.71,229882.83
QMR,2025-2026,863500.07,542047.90
QUAD PRO CONSTRUCTION,2017-2018,15276372.11,15744978.64
QUAD PRO CONSTRUCTION,2018-2019,4550089.38,4663655.57
QUADBRIDGE,2019-2020,19692.30,19304.94
QUADBRIDGE,2020-2021,23750.02,22818.32
QUANTUM MANAGEMENT SERVICES,2017-2018,280437.46,288656.55
QUANTUM MANAGEMENT SERVICES,2018-2019,362215.88,369194.88
QUANTUM MANAGEMENT SERVICES,2019-2020,113582.10,113406.02
QUANTUM MANAGEMENT SERVICES,2020-2021,27881.79,26641.39
QUANTUM MANAGEMENT SERVICES,2021-2022,59280.93,55699.56
QUANTUM MANAGEMENT SERVICES,2022-2023,48983.90,44315.91
QUANTUM MANAGEMENT SERVICES,2023-2024,26119.10,22636.19
QUANTUM MANAGEMENT SERVICES,2024-2025,153348.02,125927.79
QUANTUM MANAGEMENT SERVICES,2025-2026,293250.15,234969.25
QUEEN S UNIVERSITY,2017-2018,3394734.73,3497404.77
QUEEN S UNIVERSITY,2018-2019,3857557.38,3926451.56
QUEEN S UNIVERSITY,2019-2020,2024989.49,2006733.41
QUEEN S UNIVERSITY,2020-2021,4223925.57,4023971.30
QUEEN S UNIVERSITY,2021-2022,4148494.71,3864982.99
QUEEN S UNIVERSITY,2022-2023,4848955.86,4374159.43
QUEEN S UNIVERSITY,2023-2024,2299018.57,1997123.98
QUEEN S UNIVERSITY,2024-2025,6490323.69,5414797.97
QUEEN S UNIVERSITY,2025-2026,3429768.25,2229437.14
QUINAN CONSTRUCTION,2017-2018,730800.00,753438.20
QUINAN CONSTRUCTION,2018-2019,744392.37,753997.23
QUINAN CONSTRUCTION,2021-2022,1411220.06,1297744.57
QUINAN CONSTRUCTION,2022-2023,1153879.94,1046715.07
QUINTET CONSULTING,2017-2018,190228.40,196034.43
QUINTET CONSULTING,2018-2019,31267.01,31782.17
QUINTET CONSULTING,2019-2020,181047.93,180871.62
QUINTET CONSULTING,2020-2021,41672.31,39715.59
QUINTET CONSULTING,2021-2022,138885.63,128294.03
QUINTET CONSULTING,2022-2023,304591.31,274897.45
QUINTET CONSULTING,2023-2024,80863.93,70096.36
QUINTET CONSULTING,2025-2026,34444.97,9212.28
QUORUS CONSULTING GROUP,2024-2025,88192.22,72867.19
QUORUS CONSULTING GROUP,2025-2026,128907.80,88643.11
R D CONSTRUCTION,2021-2022,1032000.00,973195.99
R D CONSTRUCTION,2024-2025,88000.00,72137.59
R D CONSTRUCTION,2025-2026,428700.00,342636.07
R E GILMORE INVESTMENTS,2025-2026,21323.10,0.00
R J MACISAAC CONSTRUCTION,2017-2018,6642969.33,6846571.28
R J MACISAAC CONSTRUCTION,2018-2019,1055595.13,1082534.25
R R INTERNATIONAL TRANSLATION,2019-2020,67634.85,67017.20
R R INTERNATIONAL TRANSLATION,2020-2021,183889.55,174894.03
R R INTERNATIONAL TRANSLATION,2024-2025,30375.80,24936.74
R2I,2022-2023,2049288.22,1842311.89
R2I,2023-2024,2530618.64,2208758.83
RACEROCKS 3D,2017-2018,24780.00,25462.86
RACEROCKS 3D,2018-2019,2125891.95,2156102.57
RACEROCKS 3D,2019-2020,3165284.71,3144735.43
RACEROCKS 3D,2020-2021,2732900.04,2601981.46
RACEROCKS 3D,2021-2022,2732900.04,2549800.47
RACEROCKS 3D,2022-2023,2732900.04,2467670.35
RACEROCKS 3D,2023-2024,2740387.44,2375788.11
RACEROCKS 3D,2024-2025,2478328.53,2058580.52
RADIATION SOLUTIONS,2017-2018,2669588.63,2758161.47
RADIATION SOLUTIONS,2018-2019,412542.38,420105.87
RADIATION SOLUTIONS,2024-2025,10239.59,8356.01
RADIATION SOLUTIONS,2025-2026,677467.21,444011.85
RAFA LABORATORIES,2019-2020,10975.54,10714.09
RAFA LABORATORIES,2020-2021,74186.49,70632.61
RAFA LABORATORIES,2021-2022,2718686.49,2483469.79
RAFA LABORATORIES,2022-2023,84265.14,76047.36
RAFA LABORATORIES,2023-2024,46109.82,39975.07
RAFA LABORATORIES,2024-2025,5885666.71,4833353.89
RAFA LABORATORIES,2025-2026,45983.84,30883.54
RAINHOUSE MANUFACTURING CANADA,2019-2020,716209.60,699148.95
RAINHOUSE MANUFACTURING CANADA,2020-2021,2904627.83,2765482.69
RAMPART INTERNATIONAL,2017-2018,1027327.83,1058431.96
RAMPART INTERNATIONAL,2018-2019,1883612.58,1917792.73
RAMPART INTERNATIONAL,2019-2020,3286919.56,3221433.92
RAMPART INTERNATIONAL,2020-2021,1144455.31,1088293.05
RAMPART INTERNATIONAL,2021-2022,1796425.89,1679086.34
RAMPART INTERNATIONAL,2022-2023,1440075.72,1298271.36
RAMPART INTERNATIONAL,2023-2024,2179575.44,1893025.64
RAMPART INTERNATIONAL,2024-2025,815665.54,673547.24
RAMPART INTERNATIONAL,2025-2026,4211628.77,2730754.55
RANDSTAD,2017-2018,382263.47,394094.52
RANDSTAD,2018-2019,1649455.87,1676098.18
RANDSTAD,2019-2020,1959515.81,1943905.31
RANDSTAD,2020-2021,1944344.10,1851201.00
RANDSTAD,2021-2022,1944344.10,1814076.41
RANDSTAD,2022-2023,484754.28,439999.56
RANDSTAD,2023-2024,2778409.09,2403317.31
RANDSTAD,2024-2025,3227547.05,2677107.13
RANDSTAD,2025-2026,3110795.45,2089263.52
RAYMOND CHABOT GRANT THORNTON,2019-2020,19237.41,18779.16
RAYMOND CHABOT GRANT THORNTON,2020-2021,436082.07,415305.46
RAYMOND CHABOT GRANT THORNTON,2021-2022,670540.37,624200.41
RAYMOND CHABOT GRANT THORNTON,2022-2023,682312.98,616107.14
RAYMOND CHABOT GRANT THORNTON,2023-2024,745502.94,647554.28
RAYMOND CHABOT GRANT THORNTON,2024-2025,377878.73,315723.70
RAYMOND CHABOT GRANT THORNTON,2025-2026,74580.00,60087.93
RAYTHEON,2017-2018,63948783.17,65878877.09
RAYTHEON,2018-2019,92226675.46,93856579.90
RAYTHEON,2019-2020,104756157.27,103899145.96
RAYTHEON,2020-2021,61244178.06,58305874.40
RAYTHEON,2021-2022,42847256.37,39954360.14
RAYTHEON,2022-2023,46387963.86,41885121.27
RAYTHEON,2023-2024,45789715.19,39715581.84
RAYTHEON,2024-2025,45167553.02,37446821.90
RAYTHEON,2025-2026,45748173.55,30746850.33
RENK,2018-2019,1568774.52,1588404.51
RENK,2019-2020,3172218.09,3146760.72
RENK,2020-2021,3163550.83,3012002.08
RENK,2021-2022,3163550.83,2951598.40
RENK,2022-2023,3163550.83,2856526.21
RENK,2023-2024,3172218.09,2750165.15
RENK,2024-2025,2383497.20,1986888.98
RENOKREW,2018-2019,1690723.89,1710225.56
RENOKREW,2019-2020,2821759.86,2816925.85
REPUBLIC ARCHITECTURE,2017-2018,1614629.48,1660039.93
REPUBLIC ARCHITECTURE,2018-2019,2014458.86,2053788.08
REPUBLIC ARCHITECTURE,2019-2020,1644961.08,1633266.54
REPUBLIC ARCHITECTURE,2020-2021,1814603.89,1729230.80
REPUBLIC ARCHITECTURE,2021-2022,2656765.18,2477734.17
REPUBLIC ARCHITECTURE,2022-2023,2642932.85,2386635.08
REPUBLIC ARCHITECTURE,2023-2024,1460597.43,1268434.03
REPUBLIC ARCHITECTURE,2024-2025,813934.74,675553.95
REPUBLIC ARCHITECTURE,2025-2026,126512.68,88849.09
REVISION MILITARY,2017-2018,4979655.85,5133218.92
REVISION MILITARY,2018-2019,2825060.72,2885697.26
REVISION MILITARY,2019-2020,734082.81,730777.18
REVISION MILITARY,2022-2023,20938.50,18823.73
REVOLUTION EVENTS,2020-2021,759608.67,726855.27
REVOLUTION EVENTS,2021-2022,1483052.05,1388377.67
REVOLUTION EVENTS,2022-2023,759942.46,687175.51
REVOLUTION EVENTS,2023-2024,198251.21,173713.27
REVOLUTION EVENTS,2025-2026,311813.33,252036.63
RGT CLOUTHIER,2017-2018,3774865.10,3891599.71
RGT CLOUTHIER,2018-2019,6162048.71,6269132.60
RGT CLOUTHIER,2019-2020,5152494.68,5126454.15
RGT CLOUTHIER,2020-2021,4578472.22,4373194.38
RGT CLOUTHIER,2021-2022,4133459.30,3866674.06
RGT CLOUTHIER,2022-2023,3312427.55,2991094.16
RGT CLOUTHIER,2023-2024,1424352.26,1249237.43
RHEA,2018-2019,10840.59,10933.04
RHEA,2019-2020,285109.88,282794.90
RHEA,2020-2021,479060.92,456158.42
RHEA,2021-2022,449534.02,419481.89
RHEA,2022-2023,729557.35,658444.00
RHEA,2023-2024,674838.80,578013.48
RHEINMETALL,2017-2018,36009715.76,37099298.06
RHEINMETALL,2018-2019,63167698.02,64256131.46
RHEINMETALL,2019-2020,63072716.08,62663640.01
RHEINMETALL,2020-2021,38753392.89,36883737.59
RHEINMETALL,2021-2022,47970487.22,44711121.40
RHEINMETALL,2022-2023,44521341.42,40193627.66
RHEINMETALL,2023-2024,41410304.31,35985030.86
RHEINMETALL,2024-2025,25818777.58,21411774.42
RHEINMETALL,2025-2026,14314642.48,10901944.90
RICOH,2017-2018,516014.64,531771.78
RICOH,2018-2019,622956.13,634056.19
RICOH,2019-2020,677808.87,673380.44
RICOH,2020-2021,794136.47,756519.75
RICOH,2021-2022,766146.52,715114.48
RICOH,2022-2023,1325123.02,1196623.63
RICOH,2023-2024,1097884.71,949383.32
RICOH,2024-2025,1009071.04,836835.59
RICOH,2025-2026,1411607.29,908439.64
RIGHTWAY SANITATION SERVICES,2017-2018,1831223.91,1887850.01
RIGHTWAY SANITATION SERVICES,2018-2019,1952270.13,1997722.72
RIGHTWAY SANITATION SERVICES,2019-2020,950294.42,951250.69
RIGHTWAY SANITATION SERVICES,2020-2021,1206410.48,1147903.02
RIGHTWAY SANITATION SERVICES,2021-2022,2089355.26,1978344.39
RIGHTWAY SANITATION SERVICES,2022-2023,67412.12,60838.69
RIGHTWAY SANITATION SERVICES,2023-2024,72382.84,61937.65
RIGHTWAY SANITATION SERVICES,2024-2025,75491.03,63203.38
RIGHTWAY SANITATION SERVICES,2025-2026,377310.68,249530.48
RIKJAK CONSTRUCTION,2017-2018,247200.94,254675.70
RIKJAK CONSTRUCTION,2018-2019,2383727.15,2428904.03
RIKJAK CONSTRUCTION,2019-2020,1394265.11,1388134.27
RIKJAK CONSTRUCTION,2020-2021,1818928.55,1741057.30
RIKJAK CONSTRUCTION,2021-2022,339589.25,320490.91
RIKJAK CONSTRUCTION,2022-2023,2115230.53,1906906.17
RIKJAK CONSTRUCTION,2023-2024,1042408.74,897814.82
RIKJAK CONSTRUCTION,2024-2025,3484638.82,2900056.33
RIKJAK CONSTRUCTION,2025-2026,800089.19,394835.99
RISK SCIENCES INTERNATIONAL,2020-2021,225219.17,214826.91
RMS SOFTWARE,2017-2018,754288.93,777407.31
RMS SOFTWARE,2018-2019,754288.93,768076.56
RMS SOFTWARE,2019-2020,756355.48,750285.65
RMS SOFTWARE,2020-2021,754288.93,718155.00
RMS SOFTWARE,2021-2022,766936.18,715359.06
RMS SOFTWARE,2022-2023,774524.53,699356.43
RMS SOFTWARE,2023-2024,756355.48,655724.93
RMS SOFTWARE,2024-2025,865654.44,717278.02
RMS SOFTWARE,2025-2026,876535.69,576319.11
ROBERT ALLAN,2025-2026,19950.00,9363.00
ROBERTSON MARTIN ARCHITECTS,2017-2018,48671.56,50096.34
ROBERTSON MARTIN ARCHITECTS,2018-2019,255096.95,258929.46
ROBERTSON MARTIN ARCHITECTS,2019-2020,182812.82,181723.77
ROBERTSON MARTIN ARCHITECTS,2020-2021,126099.11,120058.38
ROBERTSON MARTIN ARCHITECTS,2021-2022,7860.33,7333.70
ROCHE DIAGNOSTICS,2020-2021,72313.41,68347.77
ROCHE DIAGNOSTICS,2021-2022,75678.88,70506.96
ROCHE DIAGNOSTICS,2023-2024,29729.19,25773.82
ROCHE DIAGNOSTICS,2024-2025,13710.88,11562.62
ROCKWELL COLLINS CANADA,2017-2018,1507400.76,1553648.15
ROCKWELL COLLINS CANADA,2018-2019,1681609.51,1712355.44
ROCKWELL COLLINS CANADA,2019-2020,105261.06,104115.26
ROCKWELL COLLINS CANADA,2020-2021,3888961.30,3678845.93
ROCKWELL COLLINS CANADA,2021-2022,131711.30,122886.87
ROCKWELL COLLINS CANADA,2022-2023,131711.30,118928.63
ROCKWELL COLLINS CANADA,2023-2024,362014.68,312880.68
ROCKWELL COLLINS CANADA,2024-2025,669643.56,549556.61
ROCKWELL COLLINS CANADA,2025-2026,1227721.83,929913.18
ROGERS,2017-2018,346984.49,357683.39
ROGERS,2019-2020,12305.70,12093.40
ROGERS,2020-2021,36849.47,35084.38
ROGERS,2021-2022,263568.92,244548.72
ROGERS,2022-2023,119936.69,108815.14
ROGERS,2024-2025,613.62,500.74
ROGERS,2025-2026,13384.54,9401.40
ROHDE SCHWARZ CANADA,2017-2018,1388888.57,1430168.83
ROHDE SCHWARZ CANADA,2018-2019,1718166.17,1738894.02
ROHDE SCHWARZ CANADA,2019-2020,785512.81,774540.87
ROHDE SCHWARZ CANADA,2020-2021,88665.22,84417.74
ROHDE SCHWARZ CANADA,2021-2022,1080451.90,1004438.25
ROHDE SCHWARZ CANADA,2022-2023,34646.70,31384.39
ROHDE SCHWARZ CANADA,2023-2024,390703.81,344482.13
ROHDE SCHWARZ CANADA,2024-2025,23171276.01,18908894.20
ROHDE SCHWARZ CANADA,2025-2026,11584385.35,6142102.82
ROLLING TIDES CONSTRUCTION,2017-2018,304835.54,313315.48
ROLLING TIDES CONSTRUCTION,2018-2019,521917.56,528600.15
ROLLING TIDES CONSTRUCTION,2019-2020,2041933.83,2022744.85
ROLLING TIDES CONSTRUCTION,2020-2021,1423028.44,1356032.40
ROLLING TIDES CONSTRUCTION,2021-2022,715178.28,666190.94
ROLLING TIDES CONSTRUCTION,2022-2023,332571.88,299633.66
ROLLING TIDES CONSTRUCTION,2023-2024,428124.81,374111.79
ROLLING TIDES CONSTRUCTION,2024-2025,362194.98,298044.04
ROLLING TIDES CONSTRUCTION,2025-2026,2044533.23,1074690.55
ROLLS ROYCE CANADA,2017-2018,719047.16,741085.40
ROLLS ROYCE CANADA,2018-2019,719047.16,732190.60
ROLLS ROYCE CANADA,2019-2020,721017.15,715230.91
ROLLS ROYCE CANADA,2020-2021,719047.16,684601.46
ROLLS ROYCE CANADA,2021-2022,719047.16,670872.24
ROLLS ROYCE CANADA,2022-2023,719047.16,649263.17
ROLLS ROYCE CANADA,2023-2024,1969.99,1739.29
RONA,2017-2018,22543.40,23164.63
RONA,2018-2019,27045.65,27735.86
RONA,2019-2020,42199.48,41745.61
RONA,2021-2022,34863.66,32222.91
RONA,2022-2023,48037.48,43475.92
RONA,2023-2024,13755.89,11895.75
RONA,2024-2025,20238.30,16515.44
RONA,2025-2026,140906.87,81506.51
ROOF TILE MANAGEMENT,2019-2020,1256092.80,1229366.88
ROOF TILE MANAGEMENT,2020-2021,4057290.91,3862927.86
ROOF TILE MANAGEMENT,2021-2022,533561.54,506052.07
ROSBOROUGH BOATS,2018-2019,496575.06,504843.48
ROSBOROUGH BOATS,2020-2021,95593.76,91395.71
ROSBOROUGH BOATS,2021-2022,467242.49,428757.96
ROSBOROUGH BOATS,2022-2023,1140403.39,1029726.52
ROSBOROUGH BOATS,2023-2024,721301.20,630019.26
ROSCOE CONSTRUCTION,2017-2018,1646084.16,1694172.84
ROSCOE CONSTRUCTION,2018-2019,4085898.56,4158322.34
ROSCOE CONSTRUCTION,2019-2020,6590949.23,6541695.41
ROSCOE CONSTRUCTION,2020-2021,3236200.29,3080827.64
ROSCOE CONSTRUCTION,2021-2022,2123637.69,1975084.44
ROSCOE CONSTRUCTION,2022-2023,2742762.16,2471279.69
ROSCOE CONSTRUCTION,2023-2024,2860474.73,2487822.58
ROSCOE CONSTRUCTION,2024-2025,1609248.77,1337927.20
ROSCOE CONSTRUCTION,2025-2026,1356911.44,1054689.50
RUSH TRUCK CENTRES OF CANADA,2019-2020,856902.73,841234.88
RUSH TRUCK CENTRES OF CANADA,2020-2021,398130.76,377593.23
RUSH TRUCK CENTRES OF CANADA,2021-2022,2876861.07,2677841.21
RUSH TRUCK CENTRES OF CANADA,2022-2023,648835.28,588931.84
RUSH TRUCK CENTRES OF CANADA,2023-2024,44981.00,38839.10
RUSH TRUCK CENTRES OF CANADA,2024-2025,1750633.43,1438309.21
RUSH TRUCK CENTRES OF CANADA,2025-2026,4337772.46,2613139.27
RUSSEL METALS,2017-2018,782473.10,806526.15
RUSSEL METALS,2018-2019,913604.82,930569.60
RUSSEL METALS,2019-2020,398839.12,395894.79
RUSSEL METALS,2020-2021,208972.92,199389.85
RUSSEL METALS,2021-2022,363089.25,336143.52
RUSSEL METALS,2022-2023,652028.62,588257.96
RUSSEL METALS,2023-2024,676396.86,586521.75
RUSSEL METALS,2024-2025,1016359.04,843566.83
RUSSEL METALS,2025-2026,817099.97,472675.52
RYCOM,2024-2025,178548.67,149114.46
RYCOM,2025-2026,16795.00,11563.33
S P GLOBAL MARKET INTELLIGENCE,2018-2019,37087.37,37566.02
S P GLOBAL MARKET INTELLIGENCE,2019-2020,183440.35,181867.50
S P GLOBAL MARKET INTELLIGENCE,2020-2021,46485.27,44258.41
S P GLOBAL MARKET INTELLIGENCE,2021-2022,58853.31,54722.11
S P GLOBAL MARKET INTELLIGENCE,2022-2023,201436.18,181886.14
S P GLOBAL MARKET INTELLIGENCE,2023-2024,131367.06,113361.96
S P GLOBAL MARKET INTELLIGENCE,2024-2025,295770.35,245264.97
S P GLOBAL MARKET INTELLIGENCE,2025-2026,366105.95,269732.31
SAAB,2017-2018,25222618.98,25993639.88
SAAB,2018-2019,34028694.29,34632018.61
SAAB,2019-2020,35759138.32,35473413.36
SAAB,2020-2021,30869821.72,29393520.58
SAAB,2021-2022,27621926.59,25799618.78
SAAB,2022-2023,19696033.84,17792607.42
SAAB,2023-2024,17102866.72,14835093.37
SAAB,2024-2025,10337427.99,8572561.67
SAAB,2025-2026,10337427.99,6942793.73
SABA SOFTWARE,2018-2019,1184.92,1195.03
SABA SOFTWARE,2019-2020,109207.42,107584.63
SABA SOFTWARE,2020-2021,1350481.53,1285787.21
SABA SOFTWARE,2021-2022,1350481.53,1260001.61
SABA SOFTWARE,2022-2023,1243183.00,1122954.97
SAFFCO,2017-2018,1237262.00,1276536.98
SAFFCO,2018-2019,2980054.88,3021203.98
SAFFCO,2019-2020,1149034.01,1139083.40
SAFFCO,2020-2021,3720804.68,3550555.37
SAFFCO,2021-2022,2281788.33,2140616.21
SAFFCO,2022-2023,226330.93,204385.01
SAFFCO,2023-2024,3199300.76,2751766.91
SAFFCO,2024-2025,4112499.61,3412205.00
SAFFCO,2025-2026,2657000.00,1806758.89
SALESFORCE CANADA,2022-2023,295640.31,265780.89
SALESFORCE CANADA,2023-2024,2084969.91,1805451.42
SALESFORCE CANADA,2024-2025,3765069.02,3126407.73
SALESFORCE CANADA,2025-2026,4025069.68,2547462.57
SALISH SEA INDUSTRIAL SERVICES,2019-2020,435288.00,432096.00
SALISH SEA INDUSTRIAL SERVICES,2020-2021,690295.51,659434.94
SALISH SEA INDUSTRIAL SERVICES,2021-2022,386868.91,365974.73
SALISH SEA INDUSTRIAL SERVICES,2023-2024,2636335.02,2255655.00
SALISH SEA INDUSTRIAL SERVICES,2024-2025,730827.27,613931.03
SALISH SEA INDUSTRIAL SERVICES,2025-2026,3494303.42,1839867.86
SAMSON ASSOCIES,2017-2018,208223.28,214633.76
SAMSON ASSOCIES,2018-2019,210473.08,214459.41
SAMSON ASSOCIES,2019-2020,78740.06,78166.54
SAMSON ASSOCIES,2020-2021,243396.97,231970.68
SAMSON ASSOCIES,2021-2022,530129.85,493703.86
SAMSON ASSOCIES,2022-2023,385556.77,348222.27
SAMSON ASSOCIES,2023-2024,719536.05,622677.74
SAMSON ASSOCIES,2024-2025,690787.59,573089.91
SAMSON ASSOCIES,2025-2026,17643.16,14307.41
SANDOZ CANADA,2017-2018,1546.18,1588.79
SANDOZ CANADA,2018-2019,17101.74,17414.34
SANDOZ CANADA,2019-2020,17148.59,17010.98
SANDOZ CANADA,2020-2021,17101.74,16282.49
SANDOZ CANADA,2021-2022,17101.74,15955.95
SANDOZ CANADA,2022-2023,55230.97,49652.69
SANDOZ CANADA,2023-2024,374343.22,324538.11
SANDOZ CANADA,2024-2025,373320.43,309584.97
SANDOZ CANADA,2025-2026,373320.43,250728.39
SANEXEN SERVICES ENVIRONMENTAUX,2017-2018,14349012.92,14803320.03
SANEXEN SERVICES ENVIRONMENTAUX,2018-2019,358200.00,365442.45
SANEXEN SERVICES ENVIRONMENTAUX,2019-2020,4246389.02,4190368.17
SANEXEN SERVICES ENVIRONMENTAUX,2020-2021,5465266.40,5203454.80
SANEXEN SERVICES ENVIRONMENTAUX,2021-2022,6186383.39,5775281.50
SANEXEN SERVICES ENVIRONMENTAUX,2022-2023,2066319.90,1874429.13
SANI SPORT,2020-2021,49622.50,47391.98
SANI SPORT,2025-2026,57600.25,38380.74
SANTE MONTFORT,2017-2018,12794883.15,13187036.57
SANTE MONTFORT,2018-2019,12794883.15,13028760.54
SANTE MONTFORT,2019-2020,12829937.63,12726976.08
SANTE MONTFORT,2020-2021,12794883.15,12181948.93
SANTE MONTFORT,2021-2022,12794883.15,11937648.12
SANTE MONTFORT,2022-2023,12794883.15,11553131.61
SANTE MONTFORT,2023-2024,12829937.63,11122957.58
SANTE MONTFORT,2024-2025,12794883.15,10610465.68
SANTE MONTFORT,2025-2026,12794883.15,8593262.72
SAP,2017-2018,6737067.46,6940394.44
SAP,2018-2019,6633928.65,6753397.17
SAP,2019-2020,6824604.59,6777381.70
SAP,2020-2021,5400581.16,5141357.50
SAP,2021-2022,1201482.59,1122593.79
SAP,2022-2023,1263134.71,1139830.81
SAP,2023-2024,3073526.90,2661407.75
SAP,2024-2025,14853085.36,12317435.94
SAP,2025-2026,9715009.70,6381398.43
SAPPER LABS CYBER SOLUTIONS,2020-2021,1286767.94,1219097.77
SAPPER LABS CYBER SOLUTIONS,2021-2022,3980256.75,3713586.44
SAPPER LABS CYBER SOLUTIONS,2022-2023,2758917.69,2495985.43
SAS INSTITUTE,2017-2018,41472.69,42744.88
SAS INSTITUTE,2018-2019,41407.45,42162.87
SAS INSTITUTE,2019-2020,42669.00,42324.37
SAS INSTITUTE,2020-2021,7143.00,6731.53
SAS INSTITUTE,2021-2022,25384.32,23020.53
SCA SHIPPING CONSULTANTS ASSOCIATED,2017-2018,22122410.58,22814306.54
SCA SHIPPING CONSULTANTS ASSOCIATED,2018-2019,27500506.31,28000687.98
SCA SHIPPING CONSULTANTS ASSOCIATED,2019-2020,23866968.37,23790397.22
SCA SHIPPING CONSULTANTS ASSOCIATED,2020-2021,2248282.79,2130176.85
SCA SHIPPING CONSULTANTS ASSOCIATED,2021-2022,25205515.33,23355234.40
SCA SHIPPING CONSULTANTS ASSOCIATED,2022-2023,47732695.05,43105797.34
SCA SHIPPING CONSULTANTS ASSOCIATED,2023-2024,30915026.55,26837020.61
SCA SHIPPING CONSULTANTS ASSOCIATED,2024-2025,35739493.83,29513024.59
SCA SHIPPING CONSULTANTS ASSOCIATED,2025-2026,26273107.04,20271098.07
SCANSA CONSTRUCTION,2023-2024,1191677.85,1032203.90
SCANSA CONSTRUCTION,2024-2025,727299.09,607646.73
SDL INTERNATIONAL CANADA,2020-2021,47432.88,45217.55
SDL INTERNATIONAL CANADA,2022-2023,120.97,108.75
SDL INTERNATIONAL CANADA,2023-2024,44567.90,38635.47
SDL INTERNATIONAL CANADA,2024-2025,48593.34,40297.22
SDL INTERNATIONAL CANADA,2025-2026,68078.35,47426.90
SEACOAST MARINE ELECTRONICS,2025-2026,325374.16,90647.69
SEAFIRST CONSTRUCTION,2017-2018,508461.46,523609.69
SEAFIRST CONSTRUCTION,2018-2019,217093.91,220410.82
SEAFIRST CONSTRUCTION,2019-2020,751592.99,748569.62
SEAFIRST CONSTRUCTION,2020-2021,540408.16,515058.56
SEAFIRST CONSTRUCTION,2021-2022,415425.15,388170.78
SEAFIRST CONSTRUCTION,2022-2023,352669.99,319097.68
SEAFIRST CONSTRUCTION,2023-2024,2631011.58,2267884.93
SEAFIRST CONSTRUCTION,2024-2025,2725728.11,2269951.42
SEAFIRST CONSTRUCTION,2025-2026,1431821.32,651912.65
SEASPAN VICTORIA SHIPYARDS,2017-2018,64593307.84,66583971.48
SEASPAN VICTORIA SHIPYARDS,2018-2019,56970013.76,58011514.86
SEASPAN VICTORIA SHIPYARDS,2019-2020,143417580.75,141884036.39
SEASPAN VICTORIA SHIPYARDS,2020-2021,177600483.61,169092597.02
SEASPAN VICTORIA SHIPYARDS,2021-2022,163703944.65,153103186.38
SEASPAN VICTORIA SHIPYARDS,2022-2023,120756856.89,109037327.16
SEASPAN VICTORIA SHIPYARDS,2023-2024,121087697.59,104977386.70
SEASPAN VICTORIA SHIPYARDS,2024-2025,121774572.51,100984345.16
SEASPAN VICTORIA SHIPYARDS,2025-2026,120784843.12,81119226.34
SED SYSTEMS,2019-2020,25307.63,24704.79
SED SYSTEMS,2020-2021,30862.97,29085.11
SEGUIN MORRIS,2019-2020,461690.55,451395.52
SEGUIN MORRIS,2020-2021,1008547.33,961855.55
SEGUIN MORRIS,2025-2026,666046.11,413791.50
SELECT GLOBAL INTERNATIONAL,2017-2018,5019560.90,5175666.11
SELECT GLOBAL INTERNATIONAL,2019-2020,15040.30,14878.54
SELECT GLOBAL INTERNATIONAL,2021-2022,265617.46,244196.26
SELECT GLOBAL INTERNATIONAL,2022-2023,1305981.62,1176531.43
SELECT GLOBAL INTERNATIONAL,2023-2024,5812650.22,5042163.47
SELECT GLOBAL INTERNATIONAL,2024-2025,5433550.18,4505902.64
SELECT GLOBAL INTERNATIONAL,2025-2026,5767845.98,3861536.71
SENSORS UNLIMITED,2019-2020,1259250.00,1245422.65
SENSORS UNLIMITED,2020-2021,828000.00,788661.17
SENSUS COMMUNICATION SOLUTIONS,2023-2024,52358.68,46005.16
SERCO,2017-2018,66963337.94,69015483.03
SERCO,2018-2019,67192205.34,68420410.19
SERCO,2019-2020,67376293.57,66835592.02
SERCO,2020-2021,67205704.00,63986356.29
SERCO,2021-2022,57923283.60,53841096.81
SERCO,2022-2023,74167030.27,66969072.83
SERCO,2023-2024,74370227.61,64475518.97
SERCO,2024-2025,74167030.27,61504800.01
SERCO,2025-2026,74778721.31,50139320.17
SERVICE STAR BUILDING CLEANING,2017-2018,2320902.76,2396132.53
SERVICE STAR BUILDING CLEANING,2018-2019,1831630.92,1867015.32
SERVICE STAR BUILDING CLEANING,2019-2020,619787.21,617489.52
SETANTA CONTRACTING,2017-2018,1172918.48,1209026.51
SETANTA CONTRACTING,2018-2019,1062384.94,1083541.64
SETANTA CONTRACTING,2019-2020,1177442.31,1159632.35
SETANTA CONTRACTING,2020-2021,1861454.80,1767971.46
SETANTA CONTRACTING,2021-2022,1969318.75,1829958.81
SETANTA CONTRACTING,2022-2023,2365692.92,2135390.24
SETANTA CONTRACTING,2023-2024,3658692.37,3160084.23
SETANTA CONTRACTING,2024-2025,2360735.82,1958789.78
SETANTA CONTRACTING,2025-2026,882695.04,588082.39
SGS AXYS ANALYTICAL SERVICES,2018-2019,46141.40,47062.69
SGS AXYS ANALYTICAL SERVICES,2019-2020,60385.50,58947.07
SGS AXYS ANALYTICAL SERVICES,2020-2021,72765.00,69425.29
SHARP ELECTRONICS,2017-2018,232357.29,239094.86
SHARP ELECTRONICS,2018-2019,5859.55,5983.86
SHAW CABLE,2017-2018,84420.00,87007.41
SHAW CABLE,2018-2019,84420.00,85963.11
SHAW CABLE,2019-2020,29142.25,29209.03
SHAW CABLE,2025-2026,23201.28,15292.92
SHELL CANADA PRODUCTS,2017-2018,44861604.92,46208668.05
SHELL CANADA PRODUCTS,2018-2019,82144080.48,83558432.76
SHELL CANADA PRODUCTS,2019-2020,7124873.72,7075247.52
SHELL CANADA PRODUCTS,2020-2021,5313096.99,5055652.83
SHELL CANADA PRODUCTS,2021-2022,8760509.92,8152512.45
SHELL CANADA PRODUCTS,2022-2023,11566774.13,10449181.02
SHELL CANADA PRODUCTS,2023-2024,19358696.08,16788876.52
SHELL CANADA PRODUCTS,2024-2025,9627023.76,8022435.53
SHELL CANADA PRODUCTS,2025-2026,4627231.34,3090025.03
SHI CANADA,2018-2019,84629.66,85573.28
SHI CANADA,2019-2020,106251.18,104773.87
SHI CANADA,2020-2021,121123.26,115250.02
SHI CANADA,2021-2022,151524.51,140159.11
SHI CANADA,2022-2023,93973.18,84939.71
SHI CANADA,2023-2024,58366.28,50493.36
SHI CANADA,2024-2025,144828.45,119908.77
SHI CANADA,2025-2026,230512.78,161650.81
SI SYSTEMS,2017-2018,2979444.55,3070458.81
SI SYSTEMS,2018-2019,8895470.87,9046395.71
SI SYSTEMS,2019-2020,16339588.12,16158009.39
SI SYSTEMS,2020-2021,22964069.98,21858511.18
SI SYSTEMS,2021-2022,26652929.48,24811930.76
SI SYSTEMS,2022-2023,27939393.58,25239015.22
SI SYSTEMS,2023-2024,19488683.53,16893273.71
SI SYSTEMS,2024-2025,22112497.98,18326230.30
SI SYSTEMS,2025-2026,40063865.15,28767413.22
SIEMENS,2017-2018,463898.00,477406.16
SIEMENS,2018-2019,74323.01,75217.12
SIEMENS,2019-2020,257776.14,256118.95
SIEMENS,2020-2021,206509.90,198554.28
SIEMENS,2021-2022,141162.30,128455.94
SIEMENS,2022-2023,46667.16,42146.13
SIEMENS,2023-2024,88500.26,77131.60
SIEMENS,2024-2025,127843.19,105073.98
SIEMENS,2025-2026,863533.60,129634.51
SIERRA SYSTEMS GROUP,2017-2018,7280151.38,7503282.48
SIERRA SYSTEMS GROUP,2018-2019,5635585.88,5741938.50
SIERRA SYSTEMS GROUP,2019-2020,5938562.77,5883237.87
SIERRA SYSTEMS GROUP,2020-2021,3672490.30,3496534.96
SIERRA SYSTEMS GROUP,2021-2022,3624317.13,3368800.64
SIERRA SYSTEMS GROUP,2022-2023,3768049.34,3405345.77
SIERRA SYSTEMS GROUP,2023-2024,4550477.00,3945058.89
SIERRA SYSTEMS GROUP,2024-2025,4493055.42,3725974.65
SIERRA SYSTEMS GROUP,2025-2026,623409.08,505542.75
SIGNAL ELECTRIC,2017-2018,637363.10,655050.14
SIGNAL ELECTRIC,2018-2019,465102.80,476972.37
SIGNAL ELECTRIC,2019-2020,2215520.56,2206718.54
SIKORSKY AIRCRAFT,2017-2018,109630719.89,112990817.91
SIKORSKY AIRCRAFT,2018-2019,109630719.89,111634657.41
SIKORSKY AIRCRAFT,2019-2020,109931078.03,109048870.02
SIKORSKY AIRCRAFT,2020-2021,109630719.89,104378900.11
SIKORSKY AIRCRAFT,2021-2022,109630719.89,102285651.34
SIKORSKY AIRCRAFT,2022-2023,109630719.89,98990988.83
SIKORSKY AIRCRAFT,2023-2024,109931078.03,95305117.84
SIKORSKY AIRCRAFT,2024-2025,109630719.89,90913920.62
SIKORSKY AIRCRAFT,2025-2026,109630719.89,73629869.60
SILLIKER,2025-2026,18564.00,14913.90
SIMEX DEFENCE,2017-2018,23886250.36,24626026.13
SIMEX DEFENCE,2018-2019,21023934.64,21419289.68
SIMEX DEFENCE,2019-2020,15225391.79,15125993.55
SIMEX DEFENCE,2020-2021,9839061.73,9356078.77
SIMEX DEFENCE,2021-2022,14614584.87,13632802.96
SIMEX DEFENCE,2022-2023,15004608.82,13534462.90
SIMEX DEFENCE,2023-2024,23192749.01,20077000.54
SIMEX DEFENCE,2024-2025,24397325.56,20200542.80
SIMEX DEFENCE,2025-2026,34293403.51,21176319.12
SIMO,2018-2019,152925.88,154230.07
SIMO,2019-2020,2023173.07,2028041.72
SIMO MANAGEMENT,2017-2018,2588945.80,2666881.36
SIMO MANAGEMENT,2018-2019,1400346.42,1428516.38
SIMO MANAGEMENT,2019-2020,2225089.46,2205228.15
SIMO MANAGEMENT,2020-2021,207806.08,197143.48
SIMO MANAGEMENT,2021-2022,1720950.00,1605129.77
SIMO MANAGEMENT,2024-2025,2105503.33,1742502.26
SIMO MANAGEMENT,2025-2026,6141571.40,4122082.48
SIMPLEX GRINNELL,2017-2018,33833.51,34877.17
SIMPLEX GRINNELL,2019-2020,9775.01,9696.56
SIMPLEX GRINNELL,2021-2022,38911.36,36202.54
SIMPLEX GRINNELL,2022-2023,38613.00,34821.83
SIMPLEX GRINNELL,2025-2026,55494.56,0.00
SIMPSON BUILDING CONTRACTORS,2020-2021,2995532.45,2852986.46
SIMPSON BUILDING CONTRACTORS,2021-2022,83467.55,79164.11
SIMPSON BUILDING CONTRACTORS,2022-2023,1196248.95,1076500.93
SIMPSON BUILDING CONTRACTORS,2023-2024,786261.90,691173.21
SIMPSON BUILDING CONTRACTORS,2024-2025,1730035.07,1421491.14
SIMPSON BUILDING CONTRACTORS,2025-2026,1206239.95,923031.30
SITE ENERGY SERVICES,2017-2018,9792473.65,10092605.50
SITE ENERGY SERVICES,2018-2019,9792473.65,9971470.06
SITE ENERGY SERVICES,2019-2020,4319419.88,4326033.96
SKILLSOFT CANADA,2025-2026,93590.54,43767.98
SKOR CULINARY CONCEPTS,2017-2018,0.00,0.00
SKOR CULINARY CONCEPTS,2019-2020,813726.48,803785.06
SKOR CULINARY CONCEPTS,2020-2021,1947429.14,1854955.89
SKOR CULINARY CONCEPTS,2021-2022,611797.54,579766.59
SLR CONSULTING CANADA,2017-2018,358171.67,369092.56
SLR CONSULTING CANADA,2018-2019,475841.12,484266.66
SLR CONSULTING CANADA,2019-2020,180102.71,177955.32
SLR CONSULTING CANADA,2020-2021,38443.44,36327.91
SLR CONSULTING CANADA,2021-2022,145613.35,136044.98
SLR CONSULTING CANADA,2022-2023,144793.67,130637.26
SLR CONSULTING CANADA,2023-2024,225373.47,194978.72
SLR CONSULTING CANADA,2024-2025,850859.32,705054.89
SLR CONSULTING CANADA,2025-2026,379587.20,296347.05
SMITHS DETECTION,2017-2018,836838.79,862412.78
SMITHS DETECTION,2018-2019,813786.00,828637.60
SMITHS DETECTION,2019-2020,803063.39,796618.73
SMITHS DETECTION,2020-2021,337900.99,321099.79
SNAP ON TOOLS,2017-2018,1037403.39,1068121.94
SNAP ON TOOLS,2018-2019,1260188.76,1277726.67
SNAP ON TOOLS,2019-2020,695527.99,685101.54
SNAP ON TOOLS,2020-2021,1432711.11,1362238.42
SNAP ON TOOLS,2021-2022,779631.60,719497.90
SNAP ON TOOLS,2022-2023,785903.63,708312.69
SNAP ON TOOLS,2023-2024,1445527.55,1248180.58
SNAP ON TOOLS,2024-2025,1471328.10,1211278.15
SNAP ON TOOLS,2025-2026,3611221.49,1895138.88
SNC LAVALIN,2017-2018,155695394.28,160474322.86
SNC LAVALIN,2018-2019,97721039.75,99688835.29
SNC LAVALIN,2019-2020,67772092.22,67230009.21
SNC LAVALIN,2020-2021,68706093.38,65419042.45
SNC LAVALIN,2021-2022,70269371.87,65549937.29
SNC LAVALIN,2022-2023,69808536.02,63034543.52
SNC LAVALIN,2023-2024,69431223.96,60212510.99
SNC LAVALIN,2024-2025,2463659.02,2046541.54
SNC LAVALIN,2025-2026,1647198.40,1148197.08
SOFTCHOICE,2017-2018,837958.51,863511.39
SOFTCHOICE,2018-2019,836601.20,852884.72
SOFTCHOICE,2019-2020,490202.37,484631.39
SOFTCHOICE,2020-2021,789491.41,753356.06
SOFTCHOICE,2021-2022,386887.52,360491.59
SOFTCHOICE,2022-2023,476383.07,429549.28
SOFTCHOICE,2023-2024,1384759.00,1196446.68
SOFTCHOICE,2024-2025,1839561.13,1522982.38
SOFTCHOICE,2025-2026,4386779.82,2465358.47
SOFTSIM TECHNOLOGIES,2017-2018,70770.92,72755.02
SOFTSIM TECHNOLOGIES,2018-2019,342789.08,348751.28
SOFTSIM TECHNOLOGIES,2019-2020,1154695.61,1144514.22
SOFTSIM TECHNOLOGIES,2020-2021,1216133.71,1159582.21
SOFTSIM TECHNOLOGIES,2021-2022,1155635.09,1077470.13
SOFTSIM TECHNOLOGIES,2022-2023,1042152.70,941600.87
SOFTSIM TECHNOLOGIES,2023-2024,1887213.40,1632372.60
SOFTSIM TECHNOLOGIES,2024-2025,1677862.86,1388169.71
SOFTSIM TECHNOLOGIES,2025-2026,2520590.69,1646583.94
SOLANA NETWORKS,2019-2020,382484.87,376588.20
SOLANA NETWORKS,2020-2021,598687.81,570007.89
SOLANA NETWORKS,2021-2022,598687.81,558576.76
SOLANA NETWORKS,2022-2023,598687.81,540584.78
SOLANA NETWORKS,2023-2024,600328.05,520456.42
SOLANA NETWORKS,2024-2025,451066.16,376009.83
SOLANA NETWORKS,2025-2026,134495.91,3467.28
SOLOTECH,2017-2018,292005.39,300110.96
SOLOTECH,2018-2019,563305.72,571145.52
SOLOTECH,2019-2020,796221.74,780623.99
SOLOTECH,2020-2021,1117751.99,1058291.91
SOLOTECH,2021-2022,581723.06,533655.07
SOLOTECH,2022-2023,1693924.35,1523398.65
SOLOTECH,2023-2024,2381734.24,2049998.01
SOLOTECH,2024-2025,2613011.17,2144677.82
SOLOTECH,2025-2026,808656.29,534433.85
SOMOS,2017-2018,1753617.27,1805109.06
SOMOS,2018-2019,1918217.45,1948280.05
SOMOS,2019-2020,782212.70,775504.18
SONOBUOY TECH SYSTEMS,2017-2018,2571023.34,2649823.25
SONOBUOY TECH SYSTEMS,2018-2019,2571023.34,2618019.02
SONOBUOY TECH SYSTEMS,2019-2020,626907.06,629187.28
SONOBUOY TECH SYSTEMS,2023-2024,8850377.64,7573374.88
SONOBUOY TECH SYSTEMS,2024-2025,15802518.79,13104620.13
SOUCY INTERNATIONAL,2017-2018,11632658.39,11973819.11
SOUCY INTERNATIONAL,2018-2019,22091021.05,22494822.34
SOUCY INTERNATIONAL,2019-2020,172462.50,168354.31
SOUCY INTERNATIONAL,2020-2021,2101302.45,1982246.74
SOUTHMEDIC,2017-2018,14650.20,15159.29
SOUTHWEST RESEARCH INSTITUTE,2018-2019,6149274.33,6261431.44
SOUTHWEST RESEARCH INSTITUTE,2019-2020,9135906.01,9062306.48
SOUTHWEST RESEARCH INSTITUTE,2020-2021,21132562.90,20131336.92
SOUTHWEST RESEARCH INSTITUTE,2021-2022,22279125.18,20786462.34
SOUTHWEST RESEARCH INSTITUTE,2022-2023,22279125.18,20116921.92
SOUTHWEST RESEARCH INSTITUTE,2023-2024,16140069.10,13992687.20
SOUTHWEST RESEARCH INSTITUTE,2024-2025,16181519.16,13417783.94
SOUTHWEST RESEARCH INSTITUTE,2025-2026,17952900.95,12092178.65
SOVO TECHNOLOGIES,2018-2019,21559.57,21873.73
SOVO TECHNOLOGIES,2019-2020,49630.43,49232.14
SOVO TECHNOLOGIES,2020-2021,20100.00,19137.12
SOVO TECHNOLOGIES,2021-2022,23153.70,21602.44
SPEARHEAD MANAGEMENT CANADA,2017-2018,98710.86,101736.27
SPEARHEAD MANAGEMENT CANADA,2018-2019,98710.86,100515.19
SPEARHEAD MANAGEMENT CANADA,2020-2021,105015.54,99056.36
SPEARHEAD MANAGEMENT CANADA,2021-2022,199454.54,187803.40
SPEARHEAD MANAGEMENT CANADA,2022-2023,321928.06,290217.39
SPEARHEAD MANAGEMENT CANADA,2023-2024,320417.43,278793.86
SPEARHEAD MANAGEMENT CANADA,2024-2025,17203.82,14508.28
SPRINGCREST,2017-2018,3837.05,3942.78
SPRINGCREST,2018-2019,522444.80,529711.70
SPRINGCREST,2019-2020,513585.88,513890.57
SPRINGCREST,2020-2021,2111358.65,2022995.17
SPRINGCREST,2021-2022,1563495.07,1458743.61
SPRINGCREST,2022-2023,1563495.07,1411756.88
SPRINGCREST,2023-2024,2459309.06,2122348.60
SPRINGCREST,2024-2025,2725666.00,2268031.88
SPRINGCREST,2025-2026,1729518.68,1386952.95
SRA STAFFING SOLUTIONS,2017-2018,67197.14,69256.68
SRA STAFFING SOLUTIONS,2022-2023,81954.18,73779.35
SSCL,2018-2019,159515.89,160876.28
SSCL,2019-2020,559256.31,553975.50
SSCL,2020-2021,1603002.67,1529010.54
SSCL,2021-2022,956666.67,892571.66
SSCL,2022-2023,1163278.16,1049565.47
SSCL,2023-2024,385675.67,337753.49
SSCL,2024-2025,1008257.16,836121.59
SSCL,2025-2026,32335.39,23256.36
ST GELAIS MONTMINY ASSOCIES,2017-2018,524.52,541.12
ST ISIDORE ASPHALTE,2022-2023,2289299.02,2058081.81
ST ISIDORE ASPHALTE,2023-2024,1992711.80,1707756.60
ST ISIDORE ASPHALTE,2024-2025,650000.00,530431.78
ST JOHN AMBULANCE,2017-2018,581513.31,599396.49
ST JOHN AMBULANCE,2018-2019,326911.89,334714.58
ST JOHN AMBULANCE,2019-2020,24834.01,24242.45
ST JOHN AMBULANCE,2021-2022,15900.00,14984.08
ST JOHN AMBULANCE,2024-2025,10559.85,8617.35
ST JOHN AMBULANCE,2025-2026,11475.00,7366.90
ST JOSEPH PRINT GROUP,2017-2018,17640.62,18253.63
ST JOSEPH PRINT GROUP,2018-2019,114125.02,116366.54
ST JOSEPH PRINT GROUP,2019-2020,46706.52,45972.02
ST JOSEPH PRINT GROUP,2022-2023,29450.06,26661.93
ST JOSEPH PRINT GROUP,2023-2024,32603.89,28493.98
ST JOSEPH PRINT GROUP,2024-2025,40876.54,33946.23
ST JOSEPH PRINT GROUP,2025-2026,21074.03,5385.31
ST OPS TACTICAL TRAINING CANADA,2017-2018,1328599.13,1366195.94
ST OPS TACTICAL TRAINING CANADA,2018-2019,658173.69,665497.73
ST OPS TACTICAL TRAINING CANADA,2019-2020,305354.09,303568.53
ST OPS TACTICAL TRAINING CANADA,2020-2021,99106.30,93482.45
ST OPS TACTICAL TRAINING CANADA,2021-2022,215445.91,200875.94
ST OPS TACTICAL TRAINING CANADA,2022-2023,52673.09,47701.67
ST OPS TACTICAL TRAINING CANADA,2023-2024,186608.45,162561.25
ST OPS TACTICAL TRAINING CANADA,2024-2025,26677.62,21770.24
ST OPS TACTICAL TRAINING CANADA,2025-2026,113812.21,90681.86
STANLEY CONSTRUCTION,2017-2018,152897.91,157800.99
STANLEY CONSTRUCTION,2019-2020,3738914.05,3702440.20
STANLEY CONSTRUCTION,2020-2021,5075876.66,4826049.31
STANLEY CONSTRUCTION,2021-2022,3181768.79,2997389.10
STANLEY CONSTRUCTION,2022-2023,369140.40,333251.89
STANTEC,2017-2018,4268046.45,4394997.11
STANTEC,2018-2019,5781139.01,5889810.76
STANTEC,2019-2020,4658595.05,4621889.13
STANTEC,2020-2021,4794066.37,4566695.63
STANTEC,2021-2022,5983779.58,5578022.93
STANTEC,2022-2023,3942288.09,3560813.51
STANTEC,2023-2024,3493959.11,3031332.22
STANTEC,2024-2025,2558608.20,2121297.66
STANTEC,2025-2026,5839082.59,3761656.85
STEDFAST,2017-2018,349182.32,359880.77
STEDFAST,2018-2019,15282.32,15561.66
STEDFAST,2019-2020,100945.04,101046.60
STEDFAST,2020-2021,1348114.36,1284385.99
STEDFAST,2023-2024,981026.28,850019.52
STEDFAST,2024-2025,1008660.82,836456.33
STEDFAST,2025-2026,1217616.39,789000.63
STERIS CANADA,2019-2020,6526.57,6371.10
STERIS CANADA,2020-2021,123112.94,117071.40
STERIS CANADA,2021-2022,132661.01,124102.28
STERIS CANADA,2022-2023,108281.69,97772.89
STERIS CANADA,2023-2024,130761.36,113717.58
STERIS CANADA,2025-2026,84219.62,53937.33
STERLING FUELS,2017-2018,17194509.95,17708135.94
STERLING FUELS,2018-2019,9445216.34,9605772.04
STERLING FUELS,2019-2020,1187416.52,1183623.61
STERLING FUELS,2023-2024,973666.00,831271.36
STERLING FUELS,2024-2025,958376.66,792710.03
STERLING FUELS,2025-2026,4534017.46,1317780.72
STIFF SENTENCES,2018-2019,52262.50,52957.29
STIFF SENTENCES,2021-2022,221323.25,208709.35
STONEWORKS TECHNOLOGIES,2017-2018,3018045.50,3104344.31
STONEWORKS TECHNOLOGIES,2018-2019,8813365.43,8924902.39
STONEWORKS TECHNOLOGIES,2019-2020,9728806.37,9610086.85
STONEWORKS TECHNOLOGIES,2020-2021,14985150.43,14233634.74
STONEWORKS TECHNOLOGIES,2021-2022,19338278.60,17723422.62
STONEWORKS TECHNOLOGIES,2022-2023,28841062.76,25941285.72
STONEWORKS TECHNOLOGIES,2023-2024,30872495.40,26576689.62
STONEWORKS TECHNOLOGIES,2024-2025,17203264.84,14163889.11
STONEWORKS TECHNOLOGIES,2025-2026,52397119.45,14974609.24
STOPS TACTICAL TRAINING,2017-2018,1845252.52,1901808.11
STOPS TACTICAL TRAINING,2018-2019,1845252.52,1878981.85
STOPS TACTICAL TRAINING,2019-2020,1850308.01,1835459.10
STOPS TACTICAL TRAINING,2020-2021,1894102.72,1803790.21
STRONG BROS GENERAL CONTRACTING,2017-2018,2367130.06,2436816.79
STRONG BROS GENERAL CONTRACTING,2018-2019,5329007.37,5415753.60
STRONG BROS GENERAL CONTRACTING,2019-2020,4024930.31,4008909.88
STRONG BROS GENERAL CONTRACTING,2020-2021,4276050.44,4087580.82
STRONG BROS GENERAL CONTRACTING,2021-2022,1373588.52,1275774.24
STRONG BROS GENERAL CONTRACTING,2022-2023,1015193.22,914434.92
STRONG BROS GENERAL CONTRACTING,2023-2024,1301714.61,1122804.07
STRONG BROS GENERAL CONTRACTING,2024-2025,982245.36,814820.36
STRONG BROS GENERAL CONTRACTING,2025-2026,842697.06,640592.25
STRYKER CANADA,2018-2019,23722.65,24124.48
STRYKER CANADA,2019-2020,18645.00,18200.86
STRYKER CANADA,2021-2022,24131.35,21884.24
STRYKER CANADA,2022-2023,357389.68,322704.78
STRYKER CANADA,2023-2024,358368.83,310689.06
STS MAINTENANCE 4527984 CANADA,2020-2021,349302.54,329481.13
STS MAINTENANCE 4527984 CANADA,2021-2022,1856729.17,1732331.52
STS MAINTENANCE 4527984 CANADA,2022-2023,1507426.63,1362509.14
SUBARU CANADA,2017-2018,173634.83,178959.17
SUBARU CANADA,2018-2019,802759.84,811300.68
SUBARU CANADA,2019-2020,24669.75,24229.83
SUBARU CANADA,2021-2022,79800.60,73341.04
SUBARU CANADA,2022-2023,243794.25,220423.97
SUMMIT CANADA DISTRIBUTORS,2017-2018,40277.74,41399.26
SUMMIT CANADA DISTRIBUTORS,2018-2019,175098.57,178114.89
SUN LIFE ASSURANCE COMPANY,2017-2018,80935.86,83166.22
SUN LIFE ASSURANCE COMPANY,2018-2019,2330171.50,2369523.20
SUN LIFE ASSURANCE COMPANY,2019-2020,3717209.56,3687378.58
SUN LIFE ASSURANCE COMPANY,2020-2021,3707053.25,3529468.21
SUN LIFE ASSURANCE COMPANY,2021-2022,3707053.25,3458687.10
SUN LIFE ASSURANCE COMPANY,2022-2023,3707053.25,3347281.37
SUN LIFE ASSURANCE COMPANY,2023-2024,3717209.56,3222647.33
SUN LIFE ASSURANCE COMPANY,2024-2025,3707053.25,3074163.38
SUN LIFE ASSURANCE COMPANY,2025-2026,3707053.25,2489720.47
SUNCOR ENERGY,2017-2018,2002528.38,2061107.67
SUNCOR ENERGY,2018-2019,5315956.14,5439096.42
SUNCOR ENERGY,2019-2020,2266674.66,2271239.13
SUNCOR ENERGY,2020-2021,166069.36,158999.35
SUNCOR ENERGY,2021-2022,303786.48,281332.33
SUNCOR ENERGY,2022-2023,2803862.50,2530926.11
SUNCOR ENERGY,2023-2024,1789765.36,1544272.13
SUNCOR ENERGY,2024-2025,2512185.48,2074825.55
SUNCOR ENERGY,2025-2026,3064580.23,1566566.99
SUPER CHANNEL INTERNATIONAL,2017-2018,16368.20,16892.62
SUPER CHANNEL INTERNATIONAL,2018-2019,47949.30,48604.28
SUPER CHANNEL INTERNATIONAL,2019-2020,213519.22,212375.87
SUPER CHANNEL INTERNATIONAL,2020-2021,568613.97,539005.74
SUPER CHANNEL INTERNATIONAL,2021-2022,94313.74,88201.02
SUPER CHANNEL INTERNATIONAL,2022-2023,402691.17,364830.83
SUPER CHANNEL INTERNATIONAL,2023-2024,15264.66,13056.07
SUPER CHANNEL INTERNATIONAL,2024-2025,536089.94,442086.80
SUPER CHANNEL INTERNATIONAL,2025-2026,495505.07,258386.09
SUPREMEX,2017-2018,198200.98,203888.60
SUPREMEX,2019-2020,38873.72,38248.06
SUPREMEX,2020-2021,12632.60,12139.54
SUPREMEX,2022-2023,41620.79,37417.13
SUSE SOFTWARE SOLUTIONS CANADA,2022-2023,13222.86,11887.37
SUSE SOFTWARE SOLUTIONS CANADA,2023-2024,18739.69,16393.94
SUTHERLAND EXCAVATING,2017-2018,670026.01,690493.34
SUTHERLAND EXCAVATING,2018-2019,389717.85,396057.56
SUTHERLAND EXCAVATING,2019-2020,228868.24,226412.15
SUTHERLAND EXCAVATING,2020-2021,245481.73,234295.59
SUTHERLAND EXCAVATING,2021-2022,375606.21,350836.58
SUTHERLAND EXCAVATING,2022-2023,304081.96,274531.42
SUTHERLAND EXCAVATING,2023-2024,681002.48,588746.45
SUTHERLAND EXCAVATING,2024-2025,980179.28,812971.04
SUTHERLAND EXCAVATING,2025-2026,929654.28,626053.98
SYNERSOLUTIONS TECHNOLOGIES,2017-2018,88206.02,90766.20
SYNERSOLUTIONS TECHNOLOGIES,2018-2019,233809.92,237767.07
SYNERSOLUTIONS TECHNOLOGIES,2020-2021,836019.20,788578.73
SYNERSOLUTIONS TECHNOLOGIES,2021-2022,124278.53,116210.65
SYNERSOLUTIONS TECHNOLOGIES,2022-2023,82937.30,74560.70
SYNERSOLUTIONS TECHNOLOGIES,2023-2024,464980.40,401647.16
SYNERSOLUTIONS TECHNOLOGIES,2024-2025,668266.95,554722.91
SYNERSOLUTIONS TECHNOLOGIES,2025-2026,625672.82,422556.05
SYSCO,2017-2018,1623555.58,1675694.28
SYSCO,2018-2019,1217867.10,1239929.34
SYSCO,2019-2020,5652223.07,5605823.08
SYSCO,2020-2021,3059309.52,2916377.55
SYSCO,2021-2022,3367710.03,3140152.81
SYSCO,2022-2023,4241987.42,3839497.02
SYSCO,2023-2024,6421964.99,5589974.84
SYSCO,2024-2025,9107055.02,7561678.14
SYSCO,2025-2026,11956507.94,9429087.47
SYSTEMATIX SOLUTIONS,2017-2018,894695.28,920579.29
SYSTEMATIX SOLUTIONS,2018-2019,3847967.24,3918785.07
SYSTEMATIX SOLUTIONS,2019-2020,3791913.68,3761483.19
SYSTEMATIX SOLUTIONS,2020-2021,3284253.11,3131318.80
SYSTEMATIX SOLUTIONS,2022-2023,5311238.83,4792603.33
SYSTEMATIX SOLUTIONS,2023-2024,5999732.75,5201488.49
SYSTEMATIX SOLUTIONS,2024-2025,5983340.04,4961829.15
SYSTEMATIX SOLUTIONS,2025-2026,5983340.04,4018513.67
SYSTEMS FOR RESEARCH,2017-2018,117498.55,121185.54
SYSTEMS FOR RESEARCH,2018-2019,122732.19,124309.00
SYSTEMS FOR RESEARCH,2019-2020,67793.64,67404.44
SYSTEMS FOR RESEARCH,2020-2021,46587.32,44422.85
SYSTEMS FOR RESEARCH,2021-2022,23162.21,21610.38
SYSTEMS FOR RESEARCH,2022-2023,163684.67,147213.92
SYSTEMS FOR RESEARCH,2023-2024,134984.58,118495.31
SYSTEMS FOR RESEARCH,2024-2025,379637.78,310366.97
SYSTEMS FOR RESEARCH,2025-2026,42643.53,28640.13
SYSTEMSCOPE,2017-2018,233135.67,240281.10
SYSTEMSCOPE,2018-2019,233135.67,237397.15
SYSTEMSCOPE,2019-2020,27500.00,26844.93
SYSTEMSCOPE,2020-2021,39776.00,37518.88
T J NOLAN CONSTRUCTION,2017-2018,613358.46,632181.77
T J NOLAN CONSTRUCTION,2018-2019,341546.27,347838.96
T J NOLAN CONSTRUCTION,2019-2020,397927.45,394593.57
T J NOLAN CONSTRUCTION,2020-2021,1200538.20,1141450.77
T J NOLAN CONSTRUCTION,2021-2022,1888691.82,1774184.44
T J NOLAN CONSTRUCTION,2022-2023,1177614.63,1064849.33
T J NOLAN CONSTRUCTION,2023-2024,1535034.11,1318994.44
T J NOLAN CONSTRUCTION,2024-2025,893462.22,741747.58
T J NOLAN CONSTRUCTION,2025-2026,64920.00,36493.86
TACS,2018-2019,11801440.48,12102616.98
TAG HR,2017-2018,616137.81,634722.84
TAG HR,2018-2019,1646464.97,1673656.24
TAG HR,2019-2020,1701085.64,1688850.98
TAG HR,2020-2021,1286969.38,1225244.46
TAG HR,2021-2022,678273.15,633831.34
TAG HR,2022-2023,780415.10,703935.73
TAG HR,2023-2024,1725890.56,1495619.81
TAG HR,2024-2025,1245890.46,1033882.94
TAG HR,2025-2026,607395.11,442357.66
TAI,2017-2018,2468032.29,2536044.10
TAI,2018-2019,3673646.51,3767399.13
TANKATEK,2017-2018,16559.02,17032.25
TANKATEK,2020-2021,32365.46,30528.86
TANKATEK,2021-2022,251388.48,231345.41
TANKATEK,2022-2023,361617.89,325881.50
TANKATEK,2023-2024,446423.31,383753.43
TANKATEK,2024-2025,736298.63,610041.89
TANKATEK,2025-2026,2199509.02,1400360.62
TAURUS CONTRACTORS,2017-2018,1254571.16,1295221.39
TAURUS CONTRACTORS,2018-2019,74931.00,76843.26
TAYLOR FRANCIS,2017-2018,13911.57,14295.55
TAYLOR FRANCIS,2018-2019,321766.86,327130.57
TAYLOR FRANCIS,2020-2021,206955.58,195211.75
TAYLOR FRANCIS,2021-2022,310991.41,287952.98
TAYLOR FRANCIS,2022-2023,387931.08,350413.84
TAYLOR FRANCIS,2023-2024,430701.88,373810.07
TAYLOR FRANCIS,2024-2025,267996.68,222071.13
TAYLOR FRANCIS,2025-2026,201757.17,141426.62
TEAM CERTAS,2021-2022,10589617.10,9870652.56
TEAM CERTAS,2022-2023,11203507.95,10116200.38
TEAM CERTAS,2023-2024,11234202.49,9739529.64
TEAM CERTAS,2024-2025,11203507.95,9290779.39
TEAM CERTAS,2025-2026,11203507.95,7524467.87
TECHNO FEU,2017-2018,13940.30,14324.45
TECHNO FEU,2018-2019,1149833.64,1163581.15
TECHNO FEU,2019-2020,5246861.41,5200009.12
TECHNO FEU,2020-2021,1641787.95,1557127.57
TECHNO FEU,2021-2022,93067.30,86741.29
TECHNO FEU,2022-2023,1502943.19,1354530.97
TECHNO FEU,2023-2024,1870937.40,1626453.25
TECHNO FEU,2024-2025,2047378.95,1681894.43
TECHNO FEU,2025-2026,4288085.67,2874749.69
TECHNOMICS,2017-2018,282138.93,290786.27
TECHNOMICS,2018-2019,119039.44,121929.32
TECSIS,2017-2018,19904.80,20535.01
TEEL TECHNOLOGIES CANADA,2017-2018,316794.77,326500.14
TEEL TECHNOLOGIES CANADA,2018-2019,312169.76,317921.34
TEEL TECHNOLOGIES CANADA,2019-2020,140430.52,139411.15
TEEL TECHNOLOGIES CANADA,2020-2021,83810.90,79223.22
TEEL TECHNOLOGIES CANADA,2021-2022,11061.01,10031.01
TEEL TECHNOLOGIES CANADA,2022-2023,45927.13,41288.53
TEEL TECHNOLOGIES CANADA,2023-2024,67959.06,58810.42
TEEL TECHNOLOGIES CANADA,2025-2026,136521.92,21906.82
TEKNION,2017-2018,436741.58,450018.28
TEKNION,2018-2019,534333.29,542478.98
TEKNION,2019-2020,583221.20,575412.37
TEKNION,2020-2021,600585.99,570410.44
TEKNION,2021-2022,424782.87,391185.50
TEKNION,2022-2023,466909.21,420703.38
TEKNION,2023-2024,687869.50,593214.05
TEKNION,2024-2025,898270.50,738907.88
TEKNION,2025-2026,1669527.16,789337.20
TEKSYSTEMS CANADA,2018-2019,86412.87,87577.26
TEKSYSTEMS CANADA,2019-2020,170895.93,171221.82
TEKSYSTEMS CANADA,2021-2022,247979.17,228607.13
TEKSYSTEMS CANADA,2022-2023,1067772.26,963443.33
TEKSYSTEMS CANADA,2023-2024,1649405.04,1427120.49
TEKSYSTEMS CANADA,2024-2025,6904485.11,5685684.63
TEKSYSTEMS CANADA,2025-2026,13278229.60,8970916.89
TELECOM COMPUTER SERVICES,2017-2018,4223670.09,4355891.00
TELECOM COMPUTER SERVICES,2018-2019,2597622.35,2642830.28
TELECOM COMPUTER SERVICES,2019-2020,745080.78,737608.58
TELECOM COMPUTER SERVICES,2020-2021,8290503.08,7899630.06
TELECOM COMPUTER SERVICES,2021-2022,6090753.61,5632384.04
TELECOM COMPUTER SERVICES,2022-2023,4157825.93,3741475.14
TELECOM COMPUTER SERVICES,2023-2024,7656138.75,6618807.47
TELECOM COMPUTER SERVICES,2024-2025,11519653.53,9418989.10
TELECOM COMPUTER SERVICES,2025-2026,73723873.30,11705102.70
TELECOMMUNICATION SUPPORT SERVICES,2017-2018,1643508.46,1693533.10
TELECOMMUNICATION SUPPORT SERVICES,2018-2019,2433548.33,2477733.44
TELECOMMUNICATION SUPPORT SERVICES,2019-2020,977740.14,971990.10
TELECOMMUNICATION SUPPORT SERVICES,2020-2021,795799.82,757677.32
TELECOMMUNICATION SUPPORT SERVICES,2021-2022,645360.95,606052.62
TELEDYNE,2017-2018,38735.00,39922.20
TELEDYNE,2018-2019,51734.73,52757.52
TELEDYNE,2019-2020,34177.39,33871.80
TELEDYNE,2022-2023,19874.58,17912.40
TELEDYNE,2023-2024,48490.22,41493.67
TELEDYNE,2024-2025,14675.72,12264.73
TELEDYNE,2025-2026,6681.86,5335.48
TELEPHONICS,2017-2018,1469173.51,1513668.30
TELEPHONICS,2018-2019,1045241.37,1064246.46
TELEPHONICS,2019-2020,1037733.12,1029405.21
TELEPHONICS,2020-2021,742472.63,708465.19
TELEPHONICS,2021-2022,903341.70,842819.37
TELEPHONICS,2022-2023,903341.70,815671.81
TELEPHONICS,2023-2024,163343.98,144215.17
TELESAT,2017-2018,5553738.41,5722613.84
TELESAT,2018-2019,3377171.15,3447615.51
TELESAT,2019-2020,1604434.85,1591559.10
TELESAT,2020-2021,1600051.15,1523401.28
TELESAT,2021-2022,1182334.83,1105352.31
TELESAT,2022-2023,269477.41,244579.99
TELESAT,2024-2025,719006.57,590911.11
TELESAT,2025-2026,4268299.88,2313555.22
TELUS CANADA,2017-2018,932510.60,958953.30
TELUS CANADA,2018-2019,629559.84,638657.44
TELUS CANADA,2019-2020,683575.60,676612.14
TELUS CANADA,2020-2021,827711.04,788129.77
TELUS CANADA,2021-2022,686352.49,640427.86
TELUS CANADA,2022-2023,729619.98,656017.39
TELUS CANADA,2023-2024,511147.43,441420.32
TELUS CANADA,2024-2025,582362.16,476680.07
TELUS CANADA,2025-2026,1161091.72,681621.08
TENAQUIP,2017-2018,550351.36,566449.23
TENAQUIP,2018-2019,1052931.90,1073051.80
TENAQUIP,2019-2020,690468.52,682652.16
TENAQUIP,2020-2021,1153970.70,1093695.37
TENAQUIP,2021-2022,3221290.29,2936229.24
TENAQUIP,2022-2023,1040931.08,938782.52
TENAQUIP,2023-2024,2461324.42,2123358.89
TENAQUIP,2024-2025,2338420.50,1924865.45
TENAQUIP,2025-2026,5582802.75,3593086.91
TERAMACH TECHNOLOGIES,2017-2018,228636.93,235843.27
TERAMACH TECHNOLOGIES,2018-2019,2654138.79,2678712.35
TERAMACH TECHNOLOGIES,2019-2020,1187679.60,1178806.36
TERAMACH TECHNOLOGIES,2020-2021,2758464.72,2604507.08
TERAMACH TECHNOLOGIES,2021-2022,378648.56,349694.12
TERAMACH TECHNOLOGIES,2022-2023,338577.33,305878.53
TERAMACH TECHNOLOGIES,2023-2024,1297210.71,1113470.70
TERAMACH TECHNOLOGIES,2024-2025,192514.89,162113.29
TERAMACH TECHNOLOGIES,2025-2026,16933.53,11372.85
TERRA SENSE ANALYTICS,2018-2019,158637.12,160497.93
TERRA SENSE ANALYTICS,2019-2020,179437.06,176056.98
TERRA SENSE ANALYTICS,2020-2021,847273.99,807366.30
TERRA SENSE ANALYTICS,2021-2022,443008.79,417664.05
TERRA SENSE ANALYTICS,2022-2023,3773684.33,3404620.11
TERRA SENSE ANALYTICS,2023-2024,3863008.86,3352937.60
TERRA SENSE ANALYTICS,2024-2025,3232405.87,2680550.59
TERRA SENSE ANALYTICS,2025-2026,433939.42,351895.62
TERVITA,2017-2018,67142.11,69272.18
TERVITA,2018-2019,60053.08,61125.99
TERVITA,2019-2020,23156.58,23142.84
TERVITA,2020-2021,15211.48,14348.29
TERVITA,2021-2022,11471.43,10657.06
TES CONTRACT SERVICES,2017-2018,1063347.85,1095938.65
TES CONTRACT SERVICES,2018-2019,800878.17,817117.53
TES CONTRACT SERVICES,2019-2020,590618.14,585130.92
TES CONTRACT SERVICES,2020-2021,667005.27,635052.62
TES CONTRACT SERVICES,2021-2022,358053.83,336500.78
TES CONTRACT SERVICES,2022-2023,177318.68,160109.79
TES CONTRACT SERVICES,2023-2024,88902.24,78091.19
TESTFORCE SYSTEMS,2017-2018,1344309.39,1384695.14
TESTFORCE SYSTEMS,2018-2019,2456890.13,2497711.60
TESTFORCE SYSTEMS,2019-2020,2315696.20,2290497.27
TESTFORCE SYSTEMS,2020-2021,1578074.82,1497280.27
TESTFORCE SYSTEMS,2021-2022,1737962.16,1614223.53
TESTFORCE SYSTEMS,2022-2023,943107.57,850303.02
TESTFORCE SYSTEMS,2023-2024,1115153.20,957371.70
TESTFORCE SYSTEMS,2024-2025,1318808.67,1086568.22
TESTFORCE SYSTEMS,2025-2026,3293613.36,1193736.03
TESTVONICS,2017-2018,17236.80,17782.43
TESTVONICS,2019-2020,3244335.00,3216569.21
TESTVONICS,2022-2023,37837.65,34016.08
TESTVONICS,2024-2025,760000.00,623824.38
TETRA TECH,2017-2018,46089.90,47360.00
TETRA TECH,2021-2022,39090.26,36305.24
TETRA TECH,2022-2023,95184.32,85894.49
TETRA TECH,2023-2024,93174.86,80464.32
TETRA TECH,2024-2025,128277.06,106467.75
TETRA TECH,2025-2026,2651.73,0.00
THALES,2017-2018,121411304.84,125128756.62
THALES,2018-2019,125405388.68,127686373.21
THALES,2019-2020,133117368.27,132033708.69
THALES,2020-2021,130485260.50,124219188.42
THALES,2021-2022,152415432.30,142138178.00
THALES,2022-2023,160399339.10,144824385.92
THALES,2023-2024,168256947.05,145858007.72
THALES,2024-2025,171324094.68,142070413.94
THALES,2025-2026,178736417.51,119410456.93
THE AIM GROUP,2017-2018,774835.08,798609.15
THE AIM GROUP,2018-2019,691727.88,704553.23
THE AIM GROUP,2019-2020,514302.84,509718.89
THE AIM GROUP,2020-2021,873869.47,831239.36
THE AIM GROUP,2021-2022,1339009.17,1245692.14
THE AIM GROUP,2022-2023,4240579.60,3821951.12
THE AIM GROUP,2023-2024,4987807.96,4331518.15
THE AIM GROUP,2024-2025,3758186.53,3116784.96
THE AIM GROUP,2025-2026,3049938.52,2038199.66
THE BOEING COMPANY,2017-2018,133452207.02,137542415.47
THE BOEING COMPANY,2018-2019,133872495.80,136316261.86
THE BOEING COMPANY,2019-2020,134433060.43,133360676.51
THE BOEING COMPANY,2020-2021,133175381.18,126795662.97
THE BOEING COMPANY,2021-2022,133175381.18,124252861.06
THE BOEING COMPANY,2022-2023,133175381.18,120250625.77
THE BOEING COMPANY,2023-2024,134249324.93,116384163.82
THE BOEING COMPANY,2024-2025,134116523.32,111219364.12
THE BOEING COMPANY,2025-2026,134116523.32,90074954.66
THE CANNINGTON ABORIGINAL VENTURE,2020-2021,2467028.37,2353443.31
THE DELTIC GROUP,2017-2018,424638.73,437591.36
THE DELTIC GROUP,2018-2019,366201.90,373089.86
THE DELTIC GROUP,2019-2020,345736.28,342612.30
THE DELTIC GROUP,2020-2021,514975.12,490305.43
THE DELTIC GROUP,2021-2022,514975.12,480472.68
THE DELTIC GROUP,2022-2023,598581.68,540222.71
THE DELTIC GROUP,2023-2024,570341.52,495862.17
THE DELTIC GROUP,2024-2025,281338.40,233816.34
THE DELTIC GROUP,2025-2026,208933.89,142522.61
THE HALIFAX COMPUTER CONSULTING GROUP,2017-2018,338915.59,349303.09
THE HALIFAX COMPUTER CONSULTING GROUP,2018-2019,2973645.52,3027518.39
THE HALIFAX COMPUTER CONSULTING GROUP,2019-2020,3048583.32,3024118.13
THE HALIFAX COMPUTER CONSULTING GROUP,2020-2021,3040253.86,2894611.60
THE HALIFAX COMPUTER CONSULTING GROUP,2021-2022,3069005.45,2862636.35
THE HALIFAX COMPUTER CONSULTING GROUP,2022-2023,3015960.81,2723584.09
THE HALIFAX COMPUTER CONSULTING GROUP,2023-2024,2787825.29,2416150.34
THE HALIFAX COMPUTER CONSULTING GROUP,2024-2025,1225504.09,1025815.33
THE HALIFAX COMPUTER CONSULTING GROUP,2025-2026,29091.25,23591.04
THE HALIFAX GROUP,2017-2018,368925.51,381134.47
THE HALIFAX GROUP,2021-2022,55062.71,49935.26
THE HALIFAX GROUP,2022-2023,340642.17,307582.63
THE HALIFAX GROUP,2023-2024,1371026.69,1186696.88
THE HALIFAX GROUP,2024-2025,499571.97,416513.95
THE HALIFAX GROUP,2025-2026,227716.96,183057.79
THE IT BROKER,2018-2019,286740.03,289185.42
THE IT BROKER,2019-2020,76118.92,75641.46
THE IT BROKER,2020-2021,13032.83,12317.62
THE IT BROKER,2021-2022,544660.00,516578.31
THE IT BROKER,2025-2026,14025.77,0.00
THE MASHA KRUPP TRANSLATION GROUP,2019-2020,12712.50,12758.74
THE MATHWORKS,2017-2018,578547.07,596758.88
THE MATHWORKS,2018-2019,725997.30,736045.02
THE MATHWORKS,2019-2020,1224487.32,1220228.50
THE MATHWORKS,2020-2021,521464.32,496652.64
THE MATHWORKS,2021-2022,706070.65,657870.36
THE MATHWORKS,2022-2023,1256511.08,1132142.09
THE MATHWORKS,2023-2024,1987111.24,1724720.97
THE MATHWORKS,2024-2025,1450476.30,1202506.80
THE MATHWORKS,2025-2026,1463982.90,988603.24
THE RIGHT DOOR CONSULTING,2017-2018,632850.80,651969.92
THE RIGHT DOOR CONSULTING,2018-2019,1079311.70,1098326.81
THE RIGHT DOOR CONSULTING,2019-2020,1313045.88,1300052.55
THE RIGHT DOOR CONSULTING,2020-2021,951558.23,903585.90
THE RIGHT DOOR CONSULTING,2021-2022,1195646.83,1113757.36
THE RIGHT DOOR CONSULTING,2022-2023,630256.29,569532.37
THE RIGHT DOOR CONSULTING,2023-2024,135645.87,118359.68
THE RIGHT DOOR CONSULTING,2024-2025,22374.00,18258.28
THE STEVENS COMPANY,2017-2018,215771.40,222384.63
THE STEVENS COMPANY,2018-2019,226567.96,230886.68
THE STEVENS COMPANY,2019-2020,151703.37,151152.34
THE STEVENS COMPANY,2020-2021,105219.95,99496.03
THE STEVENS COMPANY,2023-2024,157697.25,135040.94
THE STEVENS COMPANY,2024-2025,32584.48,26590.53
THE UNIVERSITY OF WESTERN ONTARIO,2017-2018,49290.00,50670.14
THE UNIVERSITY OF WESTERN ONTARIO,2018-2019,267199.47,271078.40
THE UNIVERSITY OF WESTERN ONTARIO,2019-2020,257987.31,257248.65
THE UNIVERSITY OF WESTERN ONTARIO,2020-2021,235001.25,223746.54
THE UNIVERSITY OF WESTERN ONTARIO,2021-2022,307101.21,287294.83
THE UNIVERSITY OF WESTERN ONTARIO,2022-2023,284044.77,256276.12
THE VCAN GROUP,2017-2018,843102.52,868689.64
THE VCAN GROUP,2018-2019,1035435.03,1053965.43
THE VCAN GROUP,2019-2020,1113680.82,1105264.10
THE VCAN GROUP,2020-2021,859218.98,818058.41
THE VCAN GROUP,2021-2022,859218.98,801652.80
THE VCAN GROUP,2022-2023,792305.74,715609.09
THE VCAN GROUP,2023-2024,731670.01,634323.78
THE VCAN GROUP,2024-2025,729670.91,605097.22
THE VCAN GROUP,2025-2026,729670.91,490059.49
THERMO FISHER SCIENTIFIC,2017-2018,904582.11,931539.01
THERMO FISHER SCIENTIFIC,2018-2019,771940.04,784475.38
THERMO FISHER SCIENTIFIC,2019-2020,1065430.07,1055414.27
THERMO FISHER SCIENTIFIC,2020-2021,854370.46,814328.86
THERMO FISHER SCIENTIFIC,2021-2022,945777.53,880925.39
THERMO FISHER SCIENTIFIC,2022-2023,472313.27,425309.68
THERMO FISHER SCIENTIFIC,2023-2024,533804.18,460709.70
THERMO FISHER SCIENTIFIC,2024-2025,708070.77,585021.56
THERMO FISHER SCIENTIFIC,2025-2026,1074314.49,404507.44
THINKON,2022-2023,19344.44,17390.67
THINKON,2023-2024,36404.11,31766.97
THINKON,2024-2025,20609.13,16818.05
THINKON,2025-2026,267804.82,201823.19
THINKPOINT,2020-2021,600922.77,570773.42
THINKPOINT,2021-2022,1369659.88,1283735.51
THINKPOINT,2022-2023,428016.57,386516.75
THINKPOINT,2023-2024,1815359.15,1570974.92
THINKPOINT,2024-2025,1349535.83,1120918.93
THINKPOINT,2025-2026,598665.20,416133.55
THOMAS SCHMIDT,2018-2019,91687.50,92624.36
THOMAS SCHMIDT,2019-2020,369548.41,363502.00
THOMAS SCHMIDT,2020-2021,824790.54,785341.31
THOMAS SCHMIDT,2021-2022,837394.92,780587.61
THOMAS SCHMIDT,2022-2023,1821141.23,1643489.15
THOMAS SCHMIDT,2023-2024,1721826.77,1495806.19
THOMAS SCHMIDT,2024-2025,1565911.23,1299295.34
THOMAS SCHMIDT,2025-2026,275565.80,209908.59
THOMPSON BOILER WORKS,2017-2018,24509.70,25287.72
THOMPSON BOILER WORKS,2019-2020,48271.34,47420.21
THOMPSON BOILER WORKS,2020-2021,14202.97,13384.81
THOMPSON BOILER WORKS,2021-2022,42494.89,39421.67
THOMPSON BOILER WORKS,2022-2023,61994.58,55988.97
THOMPSON BOILER WORKS,2023-2024,60327.92,52268.38
THOMPSON BOILER WORKS,2025-2026,81009.70,64332.15
THOMSON REUTERS,2017-2018,6784.78,6977.61
THOMSON REUTERS,2018-2019,113087.86,114914.24
THOMSON REUTERS,2019-2020,261763.59,259664.55
THOMSON REUTERS,2020-2021,44320.97,41865.86
THOMSON REUTERS,2021-2022,127415.00,118304.36
THOMSON REUTERS,2022-2023,297360.84,268500.84
THOMSON REUTERS,2023-2024,45550.04,40155.66
THOMSON REUTERS,2024-2025,362183.47,300305.82
THOMSON REUTERS,2025-2026,398170.17,262450.33
THORNHILL MEDICAL,2020-2021,243882.36,232314.83
THORNHILL MEDICAL,2021-2022,255796.15,238658.25
THORNHILL MEDICAL,2022-2023,255796.15,230970.97
THORNHILL MEDICAL,2023-2024,12614.60,11137.34
THYSSENKRUPP ELEVATOR,2017-2018,228262.22,235210.41
THYSSENKRUPP ELEVATOR,2018-2019,428172.85,435662.15
THYSSENKRUPP ELEVATOR,2019-2020,304187.04,303405.60
THYSSENKRUPP ELEVATOR,2020-2021,296675.83,281664.02
THYSSENKRUPP ELEVATOR,2021-2022,441030.09,411481.84
THYSSENKRUPP ELEVATOR,2022-2023,441030.09,398227.84
THYSSENKRUPP ELEVATOR,2023-2024,442238.39,383400.06
THYSSENKRUPP ELEVATOR,2024-2025,441030.09,365734.85
THYSSENKRUPP ELEVATOR,2025-2026,441030.09,296203.37
TIREE,2017-2018,52432.00,53876.87
TIREE,2020-2021,201968.75,192879.15
TIREE,2021-2022,39531.25,37493.09
TIREE,2025-2026,521867.69,236942.81
TITAN AEX,2017-2018,3555525.59,3663141.84
TITAN AEX,2018-2019,7073223.09,7202514.37
TITAN AEX,2019-2020,7092601.78,7035682.93
TITAN AEX,2020-2021,7073223.09,6734382.91
TITAN AEX,2021-2022,7073223.09,6599329.38
TITAN AEX,2022-2023,7073223.09,6386762.29
TITAN AEX,2023-2024,6947336.54,6024420.41
TITAN AEX,2024-2025,4282601.41,3551450.59
TITAN AEX,2025-2026,3359531.58,2245753.88
TITAN BOATS,2024-2025,6865275.23,5637502.93
TLD CANADA,2019-2020,194365.59,190146.85
TLD CANADA,2020-2021,1436260.94,1367457.38
TLD CANADA,2021-2022,287175.24,267935.00
TLD CANADA,2022-2023,184893.65,167353.46
TLD CANADA,2025-2026,339622.02,212160.52
TOP ACES,2017-2018,1687453.16,1737566.28
TOP ACES,2018-2019,116143255.63,118104530.38
TOP ACES,2019-2020,156617889.58,155726134.00
TOP ACES,2020-2021,71237837.32,67825214.62
TOP ACES,2021-2022,71237837.32,66465025.47
TOP ACES,2022-2023,71237837.32,64324159.92
TOP ACES,2023-2024,71433009.47,61929087.82
TOP ACES,2024-2025,71237837.32,59075696.06
TOP ACES,2025-2026,71237837.32,47844551.94
TOROMONT,2017-2018,12446474.04,12824294.25
TOROMONT,2018-2019,12639114.49,12871366.48
TOROMONT,2019-2020,10925476.54,10833387.09
TOROMONT,2020-2021,10736835.19,10221523.72
TOROMONT,2021-2022,10643686.97,9930926.64
TOROMONT,2022-2023,10584923.69,9557812.68
TOROMONT,2023-2024,10841712.26,9397724.54
TOROMONT,2024-2025,11323167.59,9387648.48
TOROMONT,2025-2026,15233784.45,8577631.94
TORONTO INDUSTRIES,2017-2018,258852.59,265985.82
TORONTO INDUSTRIES,2018-2019,3779247.88,3848328.67
TORONTO INDUSTRIES,2019-2020,3789601.99,3759190.05
TORONTO INDUSTRIES,2020-2021,3541103.50,3373573.66
TORONTO METROPOLITAN UNIVERSITY,2018-2019,91304.35,92083.02
TORONTO METROPOLITAN UNIVERSITY,2019-2020,242585.46,240177.79
TORONTO METROPOLITAN UNIVERSITY,2020-2021,633882.49,604632.68
TORONTO METROPOLITAN UNIVERSITY,2021-2022,315360.30,296544.06
TORONTO METROPOLITAN UNIVERSITY,2022-2023,25038.50,22593.11
TORONTO METROPOLITAN UNIVERSITY,2023-2024,28371.80,24597.03
TOSHIBA CANADA,2017-2018,2487757.74,2557853.91
TOSHIBA CANADA,2018-2019,3975001.62,4055474.15
TOSHIBA CANADA,2019-2020,1736624.27,1727825.50
TOSHIBA CANADA,2020-2021,14183.26,13530.07
TOTEM OFFISOURCE,2019-2020,179661.81,175382.13
TOTEM OFFISOURCE,2023-2024,141418.77,121117.85
TOTEM OFFISOURCE,2024-2025,219236.12,179669.22
TOTEM OFFISOURCE,2025-2026,173564.73,76788.12
TOURE CLEANING SERVICES,2017-2018,251994.28,259717.71
TOURE CLEANING SERVICES,2018-2019,517048.82,522338.48
TOURE CLEANING SERVICES,2019-2020,2761260.91,2739365.16
TOURE CLEANING SERVICES,2020-2021,2711566.05,2581669.46
TOURE CLEANING SERVICES,2021-2022,2273258.11,2132403.14
TOURE CLEANING SERVICES,2022-2023,69621.13,63099.08
TOURE CLEANING SERVICES,2023-2024,994827.57,862469.11
TOYOTA,2017-2018,2890405.86,2972038.36
TOYOTA,2018-2019,4103438.37,4181788.11
TOYOTA,2019-2020,304489.70,300703.59
TOYOTA,2020-2021,251823.99,239477.04
TOYOTA,2021-2022,958567.96,892544.66
TOYOTA,2022-2023,2378759.12,2152486.31
TOYOTA,2023-2024,2507051.38,2182247.68
TOYOTA,2024-2025,320050.82,267914.67
TOYOTA,2025-2026,22207.71,0.00
TPG TECHNOLOGY CONSULTANTS,2017-2018,1349692.48,1390427.40
TPG TECHNOLOGY CONSULTANTS,2018-2019,3548832.42,3613456.36
TPG TECHNOLOGY CONSULTANTS,2019-2020,3365074.24,3338069.18
TPG TECHNOLOGY CONSULTANTS,2020-2021,3355880.05,3195117.84
TPG TECHNOLOGY CONSULTANTS,2021-2022,3355880.05,3131041.89
TPG TECHNOLOGY CONSULTANTS,2022-2023,3355880.05,3030189.76
TPG TECHNOLOGY CONSULTANTS,2023-2024,2176131.88,1889127.70
TPG TECHNOLOGY CONSULTANTS,2024-2025,551325.58,464304.17
TPG TECHNOLOGY CONSULTANTS,2025-2026,106086.82,10289.38
TRAINOR MECHANICAL CONTRACTORS,2017-2018,1634672.63,1685095.14
TRAINOR MECHANICAL CONTRACTORS,2018-2019,216088.24,218668.17
TRAINOR MECHANICAL CONTRACTORS,2019-2020,167911.76,168522.50
TRAINOR MECHANICAL CONTRACTORS,2020-2021,155000.00,148679.27
TRAINOR MECHANICAL CONTRACTORS,2021-2022,95299.48,86425.19
TRAINOR MECHANICAL CONTRACTORS,2022-2023,14594545.33,13174323.75
TRAINOR MECHANICAL CONTRACTORS,2023-2024,3443654.85,2977169.04
TRAINOR MECHANICAL CONTRACTORS,2024-2025,2145316.44,1793733.87
TRAINOR MECHANICAL CONTRACTORS,2025-2026,5743168.83,3693491.24
TRANE CANADA,2017-2018,22588.70,23303.75
TRANE CANADA,2018-2019,569757.97,578556.74
TRANE CANADA,2019-2020,9483.74,9403.82
TRANE CANADA,2020-2021,44898.93,42529.36
TRANE CANADA,2021-2022,46873.91,43226.05
TRANE CANADA,2022-2023,62034.41,56036.95
TRANE CANADA,2023-2024,982768.18,852528.22
TRANE CANADA,2024-2025,61889.14,51237.32
TRANE CANADA,2025-2026,186725.28,77960.30
TRANSPOLAR TECHNOLOGY,2017-2018,29412.11,30315.84
TRANSPOLAR TECHNOLOGY,2018-2019,51102.78,51641.21
TRANSPOLAR TECHNOLOGY,2019-2020,20004.68,19643.83
TRANSPOLAR TECHNOLOGY,2020-2021,17659.90,16738.02
TRANSPOLAR TECHNOLOGY,2021-2022,49717.73,46425.85
TRANSPOLAR TECHNOLOGY,2022-2023,51410.21,46427.17
TRANSPOLAR TECHNOLOGY,2023-2024,26637.60,23229.16
TRANSPOLAR TECHNOLOGY,2024-2025,955.78,792.60
TRANSPOLAR TECHNOLOGY,2025-2026,955.78,641.92
TRANSWEST AIR,2017-2018,2313254.52,2383055.10
TRANSWEST AIR,2018-2019,1989723.47,2026227.41
TRANSWEST AIR,2019-2020,1206904.47,1205661.43
TRANSWEST AIR,2021-2022,15940.14,14886.34
TREMCAR INDUSTRIES,2017-2018,332951.97,343049.73
TREMCAR INDUSTRIES,2018-2019,408240.62,414179.07
TREMCAR INDUSTRIES,2019-2020,302740.86,302232.73
TREMCAR INDUSTRIES,2020-2021,1003256.76,955196.11
TREMCAR INDUSTRIES,2021-2022,1003256.76,936040.29
TREMCAR INDUSTRIES,2022-2023,1003256.76,905890.05
TREMCAR INDUSTRIES,2024-2025,15297.23,12771.26
TRI STAR INDUSTRIES,2017-2018,150517.50,154731.36
TRI STAR INDUSTRIES,2019-2020,654476.02,645145.08
TRI STAR INDUSTRIES,2020-2021,232702.58,219297.81
TRI STAR INDUSTRIES,2021-2022,153862.26,139534.59
TRI STAR INDUSTRIES,2022-2023,1754991.38,1584668.35
TRI STAR INDUSTRIES,2023-2024,4287666.51,3710868.71
TRI STAR INDUSTRIES,2024-2025,3215298.99,2680847.80
TRI STAR INDUSTRIES,2025-2026,595426.13,479474.36
TRI WAVE CONSTRUCTION,2017-2018,193662.00,198998.76
TRI WAVE CONSTRUCTION,2018-2019,273390.49,279408.71
TRI WAVE CONSTRUCTION,2019-2020,24344.90,23994.79
TRI WAVE CONSTRUCTION,2020-2021,638840.77,609060.01
TRI WAVE CONSTRUCTION,2021-2022,333501.51,307520.04
TRI WAVE CONSTRUCTION,2022-2023,367500.00,332986.54
TRI WAVE CONSTRUCTION,2023-2024,422104.90,365908.30
TRI WAVE CONSTRUCTION,2024-2025,423264.53,351002.33
TRM TECHNOLOGIES,2017-2018,2770240.01,2853880.67
TRM TECHNOLOGIES,2018-2019,2653867.94,2707854.15
TRM TECHNOLOGIES,2019-2020,1624974.22,1613102.04
TRM TECHNOLOGIES,2020-2021,1299295.40,1237053.13
TRM TECHNOLOGIES,2021-2022,1549473.21,1439126.09
TRM TECHNOLOGIES,2022-2023,2467437.84,2227637.34
TRM TECHNOLOGIES,2023-2024,2227705.65,1935925.88
TRM TECHNOLOGIES,2024-2025,1316960.86,1093574.88
TRM TECHNOLOGIES,2025-2026,1050635.04,843530.85
TROY LIFE FIRE SAFETY,2017-2018,1959976.19,2015082.69
TROY LIFE FIRE SAFETY,2018-2019,4998561.80,5089885.02
TROY LIFE FIRE SAFETY,2019-2020,502560.09,499119.32
TROY LIFE FIRE SAFETY,2020-2021,431508.84,410837.56
TROY LIFE FIRE SAFETY,2021-2022,223699.08,208188.64
TROY LIFE FIRE SAFETY,2022-2023,1250711.72,1129257.18
TROY LIFE FIRE SAFETY,2023-2024,536097.05,464457.04
TROY LIFE FIRE SAFETY,2024-2025,376563.38,312228.02
TROY LIFE FIRE SAFETY,2025-2026,511051.66,293802.27
TRUMPF,2020-2021,23000.00,21755.66
TRUMPF,2024-2025,29083.04,24106.65
TSI,2019-2020,58977.64,57572.75
TSI,2020-2021,101871.17,96223.85
TSI,2021-2022,160519.60,149210.46
TSI,2022-2023,47908.30,43409.03
TSI,2023-2024,41580.00,35542.95
TSI,2024-2025,33347.88,27458.03
TSI,2025-2026,95189.45,45163.06
TULMAR SAFETY SYSTEMS,2017-2018,4990957.18,5145165.83
TULMAR SAFETY SYSTEMS,2018-2019,1448179.54,1479651.52
TULMAR SAFETY SYSTEMS,2019-2020,759091.75,753545.31
TULMAR SAFETY SYSTEMS,2020-2021,669234.87,636659.24
TULMAR SAFETY SYSTEMS,2021-2022,2085060.20,1944045.81
TULMAR SAFETY SYSTEMS,2022-2023,2129853.44,1922301.12
TULMAR SAFETY SYSTEMS,2023-2024,2810239.57,2432271.11
TULMAR SAFETY SYSTEMS,2024-2025,953933.06,786771.10
TULMAR SAFETY SYSTEMS,2025-2026,769671.04,479076.78
TUNDRA TECHNICAL SOLUTIONS,2017-2018,124740.85,128371.55
TUNDRA TECHNICAL SOLUTIONS,2018-2019,480509.97,486271.68
TUNDRA TECHNICAL SOLUTIONS,2019-2020,229588.77,227241.55
TUNDRA TECHNICAL SOLUTIONS,2020-2021,397640.05,379030.68
TUNDRA TECHNICAL SOLUTIONS,2021-2022,68786.96,65132.22
TURNER TOWNSEND,2017-2018,136230.43,140180.68
TURNER TOWNSEND,2018-2019,14664.12,15038.36
TURNER TOWNSEND,2020-2021,40595.50,38291.88
TURNER TOWNSEND,2021-2022,10476.26,9936.12
TURNER TOWNSEND,2022-2023,9476.45,8519.33
TURNER TOWNSEND,2023-2024,100687.25,88477.33
TURTLE ISLAND STAFFING,2017-2018,692184.27,713375.24
TURTLE ISLAND STAFFING,2018-2019,638351.27,649478.45
TURTLE ISLAND STAFFING,2019-2020,876499.05,869517.36
TURTLE ISLAND STAFFING,2020-2021,911423.50,868772.34
TURTLE ISLAND STAFFING,2021-2022,433150.05,403003.17
TURTLE ISLAND STAFFING,2022-2023,839593.26,757009.37
TURTLE ISLAND STAFFING,2023-2024,771755.71,670464.56
TURTLE ISLAND STAFFING,2024-2025,254190.91,211317.68
TURTLE ISLAND STAFFING,2025-2026,169596.80,128849.35
TYCO INTEGRATED FIRE SECURITY,2017-2018,526825.76,543264.26
TYCO INTEGRATED FIRE SECURITY,2018-2019,746731.05,760117.64
TYCO INTEGRATED FIRE SECURITY,2019-2020,3866585.67,3833697.48
TYCO INTEGRATED FIRE SECURITY,2020-2021,490969.96,467506.85
TYCO INTEGRATED FIRE SECURITY,2021-2022,207653.57,195939.19
TYCO INTEGRATED FIRE SECURITY,2022-2023,120425.18,108446.07
TYCO INTEGRATED FIRE SECURITY,2023-2024,518118.54,449677.72
TYCO INTEGRATED FIRE SECURITY,2024-2025,506872.61,420287.30
TYCO INTEGRATED FIRE SECURITY,2025-2026,543937.20,359701.83
TYR TACTICAL,2017-2018,2505316.13,2577414.13
TYR TACTICAL,2018-2019,2593605.26,2628352.42
TYR TACTICAL,2019-2020,2198468.23,2178573.33
TYR TACTICAL,2020-2021,182097.75,173213.59
TYR TACTICAL,2021-2022,50170.97,46081.86
UBIQUS CANADA,2023-2024,18164.84,15606.33
UBIQUS CANADA,2024-2025,7090.66,5979.68
ULTIMATE CONSTRUCTION,2017-2018,131847.56,135742.28
ULTIMATE CONSTRUCTION,2018-2019,294083.78,299317.64
ULTIMATE CONSTRUCTION,2019-2020,1779296.95,1761161.02
ULTIMATE CONSTRUCTION,2020-2021,1899316.96,1809253.68
ULTIMATE CONSTRUCTION,2021-2022,55206.80,52360.43
ULTRA ELECTRONICS,2017-2018,8038896.02,8282432.24
ULTRA ELECTRONICS,2018-2019,1353084.22,1380521.11
ULTRA ELECTRONICS,2019-2020,4552165.06,4499521.18
ULTRA ELECTRONICS,2020-2021,13314396.21,12696298.44
ULTRA ELECTRONICS,2021-2022,5276448.55,4922248.76
ULTRA ELECTRONICS,2022-2023,3542441.92,3194192.52
ULTRA ELECTRONICS,2023-2024,2842128.24,2485457.85
ULTRA ELECTRONICS,2024-2025,6715169.38,5568716.29
UNCHARTED SOFTWARE,2018-2019,199598.59,202415.54
UNCHARTED SOFTWARE,2019-2020,96067.27,93778.87
UNCHARTED SOFTWARE,2020-2021,876613.83,834619.96
UNCHARTED SOFTWARE,2021-2022,282467.79,256364.01
UNCHARTED SOFTWARE,2022-2023,1299327.13,1173226.61
UNCHARTED SOFTWARE,2023-2024,192229.22,169717.73
UNIFORM WORKS,2018-2019,18328.13,18795.87
UNIFORM WORKS,2019-2020,23237.06,22887.17
UNIFORM WORKS,2020-2021,109.61,103.29
UNIFORM WORKS,2021-2022,22818.30,20693.46
UNIFORM WORKS,2022-2023,39060.73,35228.36
UNIFORM WORKS,2023-2024,23466.56,20034.67
UNISOURCE,2017-2018,5441376.88,5607178.91
UNISOURCE,2018-2019,7073331.60,7195837.32
UNISOURCE,2019-2020,4435369.60,4408887.54
UNISOURCE,2020-2021,5071818.96,4820514.48
UNISOURCE,2021-2022,4615943.88,4297514.43
UNISOURCE,2022-2023,14767545.29,13351281.29
UNISOURCE,2023-2024,6490531.80,5620894.01
UNISOURCE,2024-2025,5740933.07,4754762.60
UNISOURCE,2025-2026,17325419.28,10458106.15
UNISYNC GROUP,2020-2021,99410.29,93769.19
UNISYNC GROUP,2021-2022,2591768.25,2418124.26
UNISYNC GROUP,2022-2023,2591768.25,2340235.49
UNISYNC GROUP,2023-2024,2598868.98,2253098.21
UNISYNC GROUP,2024-2025,2591768.25,2149286.38
UNISYNC GROUP,2025-2026,2591768.25,1740675.96
UNISYS CANADA,2017-2018,250728.62,258341.34
UNISYS CANADA,2018-2019,322239.25,328129.45
UNISYS CANADA,2019-2020,323122.09,320529.01
UNISYS CANADA,2020-2021,71510.63,67391.28
UNITED RENTALS,2017-2018,2990138.49,3074123.05
UNITED RENTALS,2018-2019,1930872.06,1974561.15
UNITED RENTALS,2019-2020,1458436.26,1454319.15
UNITED RENTALS,2020-2021,1290754.36,1227635.91
UNITED RENTALS,2021-2022,2847307.65,2657357.77
UNITED RENTALS,2022-2023,1939607.79,1755725.44
UNITED RENTALS,2023-2024,2089135.05,1828917.65
UNITED RENTALS,2024-2025,901649.67,747898.44
UNITED RENTALS,2025-2026,2178085.41,1606896.03
UNITED STATES DEPARTMENT OF DEFENCE,2017-2018,211271.82,217747.14
UNITED STATES DEPARTMENT OF DEFENCE,2018-2019,739961.18,748331.81
UNITED STATES DEPARTMENT OF DEFENCE,2019-2020,6339188.20,6289233.77
UNITED STATES DEPARTMENT OF DEFENCE,2020-2021,6224890.78,5926689.65
UNITED STATES DEPARTMENT OF DEFENCE,2021-2022,6682964.53,6229560.74
UNITED STATES DEPARTMENT OF DEFENCE,2022-2023,6171329.67,5576217.21
UNITED STATES DEPARTMENT OF THE AIR FORCE,2017-2018,12481752.72,12845111.77
UNITED STATES DEPARTMENT OF THE AIR FORCE,2018-2019,19411738.44,19769671.86
UNITED STATES DEPARTMENT OF THE AIR FORCE,2019-2020,19121418.13,18965768.90
UNITED STATES DEPARTMENT OF THE AIR FORCE,2020-2021,17183382.00,16359372.96
UNITED STATES DEPARTMENT OF THE AIR FORCE,2021-2022,18153363.85,16939375.08
UNITED STATES DEPARTMENT OF THE AIR FORCE,2022-2023,2449244.40,2212024.30
UNITED STATES DEPARTMENT OF THE AIR FORCE,2023-2024,2353022.81,2039961.04
UNITED STATES DEPARTMENT OF THE AIR FORCE,2024-2025,1671267.72,1387955.53
UNITED STATES DEPARTMENT OF THE AIR FORCE,2025-2026,1527676.80,1026013.91
UNITED STATES DEPARTMENT OF THE ARMY,2017-2018,8977093.76,9252287.73
UNITED STATES DEPARTMENT OF THE ARMY,2018-2019,10726982.04,10913898.91
UNITED STATES DEPARTMENT OF THE ARMY,2019-2020,12336365.62,12237365.04
UNITED STATES DEPARTMENT OF THE ARMY,2020-2021,10585093.25,10081229.14
UNITED STATES DEPARTMENT OF THE ARMY,2021-2022,6708501.14,6253068.68
UNITED STATES DEPARTMENT OF THE ARMY,2022-2023,4560787.43,4118160.11
UNITED STATES DEPARTMENT OF THE ARMY,2023-2024,2502824.61,2186345.35
UNITED STATES DEPARTMENT OF THE ARMY,2024-2025,1207517.52,1001363.05
UNITED STATES DEPARTMENT OF THE ARMY,2025-2026,1207517.52,810989.45
UNITED STATES DEPARTMENT OF THE NAVY,2017-2018,18236425.26,18795193.22
UNITED STATES DEPARTMENT OF THE NAVY,2018-2019,33615568.46,34192614.93
UNITED STATES DEPARTMENT OF THE NAVY,2019-2020,43430203.19,43075739.78
UNITED STATES DEPARTMENT OF THE NAVY,2020-2021,49453277.04,47088314.61
UNITED STATES DEPARTMENT OF THE NAVY,2021-2022,47640995.10,44491393.51
UNITED STATES DEPARTMENT OF THE NAVY,2022-2023,35692863.18,32242728.15
UNITED STATES DEPARTMENT OF THE NAVY,2023-2024,18183090.58,15818724.02
UNITED STATES DEPARTMENT OF THE NAVY,2024-2025,9360919.95,7776485.02
UNITED STATES DEPARTMENT OF THE NAVY,2025-2026,7605513.79,5107993.36
UNIVERSAL HELICOPTERS,2017-2018,130160.00,134219.71
UNIVERSAL HELICOPTERS,2018-2019,38870.00,39822.59
UNIVERSAL HELICOPTERS,2019-2020,136507.55,135526.87
UNIVERSAL SHEET METAL,2022-2023,546358.06,491930.00
UNIVERSAL SHEET METAL,2023-2024,1371993.91,1183895.36
UNIVERSAL SHEET METAL,2024-2025,1203059.52,1000687.59
UNIVERSAL SHEET METAL,2025-2026,276070.91,223649.97
UNIVERSAL WEATHER AND AVIATION,2017-2018,513561.70,529818.51
UNIVERSAL WEATHER AND AVIATION,2018-2019,7050797.04,7225053.50
UNIVERSITE DE MONTREAL,2017-2018,77297.87,79619.78
UNIVERSITE DE MONTREAL,2018-2019,21615.62,22167.26
UNIVERSITE DE MONTREAL,2019-2020,24297.00,23718.23
UNIVERSITE DE MONTREAL,2021-2022,116356.16,107963.84
UNIVERSITE DE MONTREAL,2022-2023,38643.84,35076.06
UNIVERSITE DE SHERBROOKE,2017-2018,32640.00,33628.42
UNIVERSITE DE SHERBROOKE,2018-2019,189279.32,191897.02
UNIVERSITE DE SHERBROOKE,2019-2020,120127.10,120548.45
UNIVERSITE DE SHERBROOKE,2020-2021,338093.48,322986.42
UNIVERSITE DE SHERBROOKE,2021-2022,577711.18,538352.59
UNIVERSITE DE SHERBROOKE,2022-2023,154575.34,140304.24
UNIVERSITE DE SHERBROOKE,2024-2025,476413.57,401456.45
UNIVERSITE DE SHERBROOKE,2025-2026,39451.38,31020.00
UNIVERSITE LAVAL,2017-2018,9901.02,10173.87
UNIVERSITE LAVAL,2018-2019,182169.08,185279.83
UNIVERSITE LAVAL,2019-2020,307684.94,304737.87
UNIVERSITE LAVAL,2020-2021,330853.65,314844.51
UNIVERSITE LAVAL,2021-2022,351646.34,327977.42
UNIVERSITE LAVAL,2022-2023,139674.92,126351.79
UNIVERSITE LAVAL,2023-2024,44876.49,38905.82
UNIVERSITE LAVAL,2024-2025,688653.87,579273.31
UNIVERSITE LAVAL,2025-2026,44267.63,23818.48
UNIVERSITE SAINTE ANNE,2017-2018,26522.22,27253.10
UNIVERSITE SAINTE ANNE,2018-2019,136128.35,138813.06
UNIVERSITE SAINTE ANNE,2019-2020,28383.43,28198.60
UNIVERSITE SAINTE ANNE,2020-2021,8829.39,8328.36
UNIVERSITE SAINTE ANNE,2021-2022,25715.61,24248.06
UNIVERSITE SAINTE ANNE,2022-2023,44079.19,39760.74
UNIVERSITE SAINTE ANNE,2023-2024,65945.75,56983.55
UNIVERSITE SAINTE ANNE,2024-2025,83448.34,68823.63
UNIVERSITE SAINTE ANNE,2025-2026,74944.12,60451.29
UNIVERSITY OF ALBERTA,2017-2018,188333.33,194091.08
UNIVERSITY OF ALBERTA,2018-2019,101666.67,104105.85
UNIVERSITY OF ALBERTA,2019-2020,16549.90,16155.67
UNIVERSITY OF ALBERTA,2020-2021,183928.16,175331.35
UNIVERSITY OF ALBERTA,2021-2022,62880.00,58667.15
UNIVERSITY OF ALBERTA,2022-2023,99869.25,90118.82
UNIVERSITY OF ALBERTA,2023-2024,183827.16,158313.74
UNIVERSITY OF ALBERTA,2024-2025,1344210.80,1119951.72
UNIVERSITY OF ALBERTA,2025-2026,1385305.86,874486.50
UNIVERSITY OF BRITISH COLUMBIA,2017-2018,53586.16,55198.82
UNIVERSITY OF BRITISH COLUMBIA,2018-2019,309794.12,313481.89
UNIVERSITY OF BRITISH COLUMBIA,2019-2020,575438.23,570300.58
UNIVERSITY OF BRITISH COLUMBIA,2020-2021,1605605.57,1531228.56
UNIVERSITY OF BRITISH COLUMBIA,2021-2022,365881.44,345387.57
UNIVERSITY OF BRITISH COLUMBIA,2022-2023,323373.51,292620.72
UNIVERSITY OF BRITISH COLUMBIA,2023-2024,216758.42,186912.30
UNIVERSITY OF BRITISH COLUMBIA,2024-2025,237822.60,196783.46
UNIVERSITY OF BRITISH COLUMBIA,2025-2026,398610.09,210880.16
UNIVERSITY OF CALGARY,2017-2018,68132.10,70220.30
UNIVERSITY OF CALGARY,2018-2019,512960.02,519968.62
UNIVERSITY OF CALGARY,2019-2020,1005222.32,995409.23
UNIVERSITY OF CALGARY,2020-2021,1524453.21,1454993.14
UNIVERSITY OF CALGARY,2021-2022,1064250.82,993177.29
UNIVERSITY OF CALGARY,2022-2023,864454.14,780415.13
UNIVERSITY OF CALGARY,2023-2024,206924.54,182692.13
UNIVERSITY OF CALGARY,2024-2025,2069323.57,1735084.92
UNIVERSITY OF CALGARY,2025-2026,624389.26,423444.90
UNIVERSITY OF GUELPH,2018-2019,126192.86,127673.10
UNIVERSITY OF GUELPH,2019-2020,48281.14,48332.95
UNIVERSITY OF GUELPH,2021-2022,123475.50,116149.56
UNIVERSITY OF MANITOBA,2018-2019,210776.09,214096.07
UNIVERSITY OF MANITOBA,2019-2020,398490.83,394987.85
UNIVERSITY OF MANITOBA,2020-2021,407016.93,387466.35
UNIVERSITY OF MANITOBA,2021-2022,229905.80,214463.18
UNIVERSITY OF NEW BRUNSWICK,2017-2018,506565.86,520858.88
UNIVERSITY OF NEW BRUNSWICK,2018-2019,957740.94,975247.47
UNIVERSITY OF NEW BRUNSWICK,2019-2020,1190249.89,1179947.30
UNIVERSITY OF NEW BRUNSWICK,2020-2021,698452.55,664242.47
UNIVERSITY OF NEW BRUNSWICK,2021-2022,1725673.23,1620842.29
UNIVERSITY OF NEW BRUNSWICK,2022-2023,603274.50,544807.43
UNIVERSITY OF NEW BRUNSWICK,2023-2024,578999.39,501965.47
UNIVERSITY OF NEW BRUNSWICK,2024-2025,577417.42,478837.33
UNIVERSITY OF NEW BRUNSWICK,2025-2026,200704.92,111795.39
UNIVERSITY OF OTTAWA,2017-2018,60091.07,61862.49
UNIVERSITY OF OTTAWA,2018-2019,968403.03,980997.48
UNIVERSITY OF OTTAWA,2019-2020,1772130.54,1757330.14
UNIVERSITY OF OTTAWA,2020-2021,3325736.35,3166091.53
UNIVERSITY OF OTTAWA,2021-2022,1980701.38,1853357.07
UNIVERSITY OF OTTAWA,2022-2023,1156875.97,1043972.27
UNIVERSITY OF OTTAWA,2023-2024,807614.46,701029.33
UNIVERSITY OF OTTAWA,2024-2025,3855564.33,3213611.81
UNIVERSITY OF OTTAWA,2025-2026,2245206.34,1415060.88
UNIVERSITY OF SASKATCHEWAN,2019-2020,229325.81,226993.86
UNIVERSITY OF SASKATCHEWAN,2020-2021,441132.80,422561.75
UNIVERSITY OF SASKATCHEWAN,2021-2022,139703.07,129709.32
UNIVERSITY OF SASKATCHEWAN,2022-2023,79360.79,71700.92
UNIVERSITY OF SASKATCHEWAN,2023-2024,18518.06,16349.45
UNIVERSITY OF SASKATCHEWAN,2024-2025,116356.16,95948.49
UNIVERSITY OF SASKATCHEWAN,2025-2026,102452.05,71239.90
UNIVERSITY OF TORONTO,2017-2018,20338.50,20919.74
UNIVERSITY OF TORONTO,2018-2019,6022343.87,6105969.65
UNIVERSITY OF TORONTO,2019-2020,11409369.65,11316197.32
UNIVERSITY OF TORONTO,2020-2021,2143642.68,2042029.81
UNIVERSITY OF TORONTO,2021-2022,862595.98,807533.25
UNIVERSITY OF TORONTO,2022-2023,2538133.24,2289585.72
UNIVERSITY OF TORONTO,2023-2024,2097714.79,1818455.61
UNIVERSITY OF TORONTO,2024-2025,3011239.91,2502577.98
UNIVERSITY OF TORONTO,2025-2026,854471.05,469660.81
UNIVERSITY OF WATERLOO,2017-2018,364767.55,374897.93
UNIVERSITY OF WATERLOO,2018-2019,1506369.07,1532282.14
UNIVERSITY OF WATERLOO,2019-2020,1819521.22,1801577.92
UNIVERSITY OF WATERLOO,2020-2021,2684277.93,2558572.89
UNIVERSITY OF WATERLOO,2021-2022,1467951.32,1367971.67
UNIVERSITY OF WATERLOO,2022-2023,1647924.89,1488860.23
UNIVERSITY OF WATERLOO,2023-2024,192174.87,169669.75
UNIVERSITY OF WATERLOO,2024-2025,16000.00,13056.78
UNIVERSITY OF WATERLOO,2025-2026,64205.04,0.00
UNIVERSITY OF WESTERN ONTARIO,2018-2019,112204.61,113553.69
UNIVERSITY OF WESTERN ONTARIO,2019-2020,641794.62,632791.80
UNIVERSITY OF WESTERN ONTARIO,2020-2021,784962.08,748558.53
UNIVERSITY OF WESTERN ONTARIO,2021-2022,320122.40,298674.76
UNIVERSITY OF WESTERN ONTARIO,2022-2023,293095.14,264356.30
UNIVERSITY OF WESTERN ONTARIO,2023-2024,168383.83,146971.69
UNIVERSITY OF WESTERN ONTARIO,2024-2025,490921.39,408708.84
UNIVERSITY OF WESTERN ONTARIO,2025-2026,491066.24,306493.74
UQSUQ,2017-2018,1254945.30,1294148.57
UQSUQ,2018-2019,2604578.28,2655942.93
UQSUQ,2019-2020,1655173.52,1647126.45
UQSUQ,2020-2021,3135531.90,2995392.15
UQSUQ,2021-2022,1206470.36,1137430.86
UQSUQ,2022-2023,114025.26,102782.80
UQSUQ,2023-2024,673828.04,587050.35
UQSUQ,2024-2025,139625.76,116678.97
UQSUQ,2025-2026,1050017.78,844542.05
URLACHER CONSTRUCTION,2017-2018,289700.04,298925.84
URLACHER CONSTRUCTION,2018-2019,356635.52,363822.79
URLACHER CONSTRUCTION,2019-2020,1006315.95,997050.03
URLACHER CONSTRUCTION,2020-2021,683518.14,652487.41
URLACHER CONSTRUCTION,2021-2022,1090944.87,1017860.44
URLACHER CONSTRUCTION,2022-2023,669418.93,605347.40
URLACHER CONSTRUCTION,2023-2024,352120.86,305454.67
URLACHER CONSTRUCTION,2024-2025,56961.75,46892.96
URLACHER CONSTRUCTION,2025-2026,85930.79,57967.92
URTHECAST,2018-2019,552320.07,561373.31
URTHECAST,2019-2020,824256.98,815335.17
URTHECAST,2020-2021,485580.34,462938.37
UTILITIES KINGSTON,2017-2018,11891625.22,12252255.75
UTILITIES KINGSTON,2018-2019,8192674.36,8342428.08
UTILITIES KINGSTON,2019-2020,10630231.83,10544923.15
UTILITIES KINGSTON,2020-2021,10302618.50,9809075.31
UTILITIES KINGSTON,2021-2022,7137.17,6472.56
UTILITIES KINGSTON,2022-2023,5429598.09,4902616.91
UTILITIES KINGSTON,2023-2024,5318832.63,4611179.84
UTILITIES KINGSTON,2024-2025,26011924.12,21528697.66
UTILITIES KINGSTON,2025-2026,13058773.75,8583984.86
UVAIR,2017-2018,2581121.32,2655556.45
UVAIR,2018-2019,7925530.76,8097116.39
UVAIR,2019-2020,661233.70,651518.45
VAISALA CANADA,2017-2018,2437198.62,2509188.41
VAISALA CANADA,2018-2019,934452.80,953507.82
VAISALA CANADA,2019-2020,39140.94,38886.26
VAISALA CANADA,2020-2021,23029.40,21722.58
VAISALA CANADA,2021-2022,84208.53,76573.79
VAISALA CANADA,2022-2023,448895.58,404783.39
VAISALA CANADA,2023-2024,237257.51,206430.86
VAISALA CANADA,2024-2025,1182815.68,975228.06
VAISALA CANADA,2025-2026,368048.00,295681.42
VALARD CONSTRUCTION,2017-2018,214119.50,220823.33
VALARD CONSTRUCTION,2018-2019,252733.22,254888.60
VALARD CONSTRUCTION,2019-2020,1063222.53,1054690.06
VALARD CONSTRUCTION,2020-2021,1920910.24,1833579.13
VALARD CONSTRUCTION,2021-2022,1951493.76,1847715.74
VALCOM CONSULTING,2017-2018,14473851.03,14916656.58
VALCOM CONSULTING,2018-2019,13155100.31,13391717.92
VALCOM CONSULTING,2019-2020,14584351.24,14450549.34
VALCOM CONSULTING,2020-2021,16316719.66,15536617.10
VALCOM CONSULTING,2021-2022,17054462.45,15897851.71
VALCOM CONSULTING,2022-2023,17977322.99,16233432.49
VALCOM CONSULTING,2023-2024,18780612.63,16280760.96
VALCOM CONSULTING,2024-2025,18468060.92,15309133.68
VALCOM CONSULTING,2025-2026,16484488.72,11219933.39
VALLEY REFRIGERATION,2017-2018,669104.56,688690.25
VALLEY REFRIGERATION,2018-2019,798304.61,813482.29
VALLEY REFRIGERATION,2019-2020,844820.79,837512.35
VALLEY REFRIGERATION,2020-2021,1447186.36,1378834.28
VALLEY REFRIGERATION,2021-2022,495994.91,466158.47
VALLEY REFRIGERATION,2022-2023,1114193.10,1005595.58
VALLEY REFRIGERATION,2023-2024,334519.78,292496.38
VALLEY REFRIGERATION,2024-2025,594318.71,499223.78
VALLEY REFRIGERATION,2025-2026,50501.69,33268.99
VALUE MASTER BUILDERS,2017-2018,3573851.29,3683947.95
VALUE MASTER BUILDERS,2018-2019,2390569.93,2432189.78
VALUE MASTER BUILDERS,2019-2020,349784.51,346620.78
VALUE MASTER BUILDERS,2020-2021,253584.29,241196.04
VALUE MASTER BUILDERS,2021-2022,209182.66,196766.15
VALUE MASTER BUILDERS,2022-2023,647548.02,584582.37
VALUE MASTER BUILDERS,2023-2024,1806511.58,1562547.25
VALUE MASTER BUILDERS,2024-2025,2880180.58,2375829.01
VALUE MASTER BUILDERS,2025-2026,2292619.12,1418719.04
VAN HORNE CONSTRUCTION,2019-2020,593854.03,579707.98
VAN HORNE CONSTRUCTION,2020-2021,6026643.40,5746154.76
VAN HORNE CONSTRUCTION,2021-2022,4916558.97,4590404.83
VAN KAPPEL INTERNATIONAL,2019-2020,5323077.92,5247316.60
VAN KAPPEL INTERNATIONAL,2020-2021,9028407.11,8596423.58
VAN KAPPEL INTERNATIONAL,2021-2022,3865841.08,3654007.24
VAN KAPPEL INTERNATIONAL,2022-2023,5168.82,4688.55
VANCOUVER DRYDOCK COMPANY,2025-2026,4660209.59,2050574.71
VANCOUVER SHIPYARDS,2017-2018,190835460.04,196695872.51
VANCOUVER SHIPYARDS,2018-2019,179458145.60,182912104.78
VANCOUVER SHIPYARDS,2019-2020,126935287.43,125916618.93
VANCOUVER SHIPYARDS,2020-2021,478111595.07,456016940.23
VANCOUVER SHIPYARDS,2021-2022,561523862.10,523902734.87
VANCOUVER SHIPYARDS,2022-2023,627799992.17,566609912.81
VANCOUVER SHIPYARDS,2023-2024,825974307.89,716081204.33
VANCOUVER SHIPYARDS,2024-2025,836425670.71,693321141.57
VANCOUVER SHIPYARDS,2025-2026,907472224.25,609473892.03
VARD MARINE,2024-2025,139048.15,113470.09
VCI CONTROLS,2017-2018,1354411.86,1394017.59
VCI CONTROLS,2018-2019,1665941.25,1700220.95
VCI CONTROLS,2019-2020,615965.81,613080.69
VCI CONTROLS,2020-2021,47789.96,45119.90
VCI CONTROLS,2022-2023,11473.22,10407.88
VCI CONTROLS,2023-2024,25060.58,21395.57
VENASSE BUILDING GROUP,2017-2018,197433.66,202962.59
VENASSE BUILDING GROUP,2018-2019,1166332.67,1184150.81
VENASSE BUILDING GROUP,2019-2020,1706126.81,1695317.88
VENASSE BUILDING GROUP,2020-2021,868351.46,825403.79
VENASSE BUILDING GROUP,2021-2022,113322.55,107052.80
VENASSE BUILDING GROUP,2022-2023,59528.87,53751.55
VENASSE BUILDING GROUP,2023-2024,66378.69,57258.90
VENASSE BUILDING GROUP,2025-2026,894963.19,404700.62
VERITAAQ TECHNOLOGY HOUSE,2017-2018,1431053.53,1476471.20
VERITAAQ TECHNOLOGY HOUSE,2018-2019,857572.31,872195.18
VERITAAQ TECHNOLOGY HOUSE,2019-2020,1225395.98,1215562.06
VERITAAQ TECHNOLOGY HOUSE,2020-2021,1483125.80,1410685.68
VERITAAQ TECHNOLOGY HOUSE,2021-2022,1404484.85,1298128.40
VERITAAQ TECHNOLOGY HOUSE,2022-2023,6187385.48,5583563.83
VERITAAQ TECHNOLOGY HOUSE,2023-2024,9357571.46,8104736.34
VERITAAQ TECHNOLOGY HOUSE,2024-2025,8888923.60,7374800.64
VERITAAQ TECHNOLOGY HOUSE,2025-2026,5337050.02,3620187.07
VERREAULT NAVIGATION,2024-2025,862453.66,703804.36
VERREAULT NAVIGATION,2025-2026,17349836.38,11069357.26
VERSATERM,2017-2018,529056.47,545094.92
VERSATERM,2018-2019,722586.34,735698.43
VERSATERM,2019-2020,1533417.22,1518407.94
VERSATERM,2020-2021,470585.73,444076.37
VERSATERM,2024-2025,658861.76,543188.30
VERSATERM,2025-2026,904077.23,607193.76
VERSATIL BPI,2019-2020,58291.40,57290.82
VERSATIL BPI,2020-2021,57657.79,54891.92
VERSATIL BPI,2024-2025,401714.30,328361.82
VERSATIL BPI,2025-2026,1434892.49,876926.29
VFA CANADA,2017-2018,424582.19,437618.98
VFA CANADA,2018-2019,401047.75,408378.49
VFA CANADA,2019-2020,130752.55,131079.11
VFA CANADA,2020-2021,20000.00,18965.18
VFA CANADA,2022-2023,1443401.19,1300412.03
VFA CANADA,2023-2024,2116193.02,1834640.65
VFA CANADA,2024-2025,2110411.07,1750109.32
VFA CANADA,2025-2026,2110411.07,1417388.23
VIDCRUITER,2018-2019,2102.50,2120.43
VIDCRUITER,2019-2020,18321.81,18174.77
VIDCRUITER,2020-2021,23559.41,22422.87
VIDCRUITER,2021-2022,22743.07,21245.99
VIDCRUITER,2022-2023,134675.56,121332.91
VIDCRUITER,2023-2024,180832.06,156874.34
VIDCRUITER,2024-2025,175336.69,145384.44
VIDCRUITER,2025-2026,308680.92,194593.27
VISIONTEC,2017-2018,385251.00,397018.08
VISIONTEC,2018-2019,283915.50,289105.18
VISIONTEC,2019-2020,433124.94,427304.50
VISIONTEC,2020-2021,1237559.12,1179563.15
VISIONTEC,2021-2022,675025.22,632609.49
VISIONTEC,2022-2023,415884.22,375522.39
VISIONTEC,2023-2024,417023.63,361540.04
VISIONTEC,2024-2025,861494.80,709837.79
VISIONTEC,2025-2026,96955.42,65423.95
VMWARE,2017-2018,2796398.05,2874837.69
VMWARE,2018-2019,12143550.83,12360829.66
VMWARE,2019-2020,10834196.15,10750698.42
VMWARE,2020-2021,7062866.06,6700820.60
VMWARE,2021-2022,19455301.28,18160266.48
VMWARE,2022-2023,20699767.80,18685844.46
VMWARE,2023-2024,26645216.88,23064560.04
VMWARE,2024-2025,17469203.17,14582410.64
VOYAGEUR AVIATION,2022-2023,103238.64,92811.63
VOYAGEUR AVIATION,2023-2024,2732283.40,2337903.76
VOYAGEUR AVIATION,2024-2025,5638324.83,4675716.96
VOYAGEUR AVIATION,2025-2026,4578059.83,3217624.16
VWR INTERNATIONAL,2017-2018,60690.95,62489.40
VWR INTERNATIONAL,2018-2019,57269.01,57902.64
VWR INTERNATIONAL,2019-2020,51693.61,51137.63
VWR INTERNATIONAL,2020-2021,63483.19,60355.67
VWR INTERNATIONAL,2021-2022,126986.31,116511.41
VWR INTERNATIONAL,2022-2023,75498.88,67873.56
VWR INTERNATIONAL,2023-2024,82775.05,70787.20
VWR INTERNATIONAL,2024-2025,46827.67,38636.35
VWR INTERNATIONAL,2025-2026,208960.89,157071.91
W S MORGAN CONSTRUCTION,2018-2019,275767.66,279027.78
W S MORGAN CONSTRUCTION,2019-2020,107441.94,107832.74
W S MORGAN CONSTRUCTION,2020-2021,134232.48,127093.95
W S MORGAN CONSTRUCTION,2021-2022,331592.22,313064.30
W S MORGAN CONSTRUCTION,2022-2023,914576.25,823094.84
W S MORGAN CONSTRUCTION,2023-2024,1982675.15,1719189.69
W S MORGAN CONSTRUCTION,2024-2025,1483933.22,1233186.21
W S MORGAN CONSTRUCTION,2025-2026,244734.00,198462.78
W8482 217946 001 DMARP4,2021-2022,3333739.82,3131758.06
WADE GENERAL CONTRACTING,2017-2018,445864.96,458859.07
WADE GENERAL CONTRACTING,2018-2019,1937856.20,1972001.96
WADE GENERAL CONTRACTING,2019-2020,2962748.82,2932541.77
WADE GENERAL CONTRACTING,2020-2021,703829.53,668611.92
WADE GENERAL CONTRACTING,2021-2022,2861686.00,2624683.33
WADE GENERAL CONTRACTING,2022-2023,4352254.75,3934415.54
WADE GENERAL CONTRACTING,2023-2024,3670326.31,3177470.75
WADE GENERAL CONTRACTING,2024-2025,2483775.80,2066037.87
WADE GENERAL CONTRACTING,2025-2026,1083485.77,678995.43
WAHL CONSTRUCTION,2017-2018,695602.18,717502.29
WAHL CONSTRUCTION,2018-2019,1234469.17,1257485.32
WAHL CONSTRUCTION,2019-2020,4171135.78,4136200.11
WAHL CONSTRUCTION,2020-2021,2897135.76,2738858.06
WAHL CONSTRUCTION,2021-2022,8049140.06,7547991.91
WAHL CONSTRUCTION,2022-2023,6708175.71,6057978.17
WAHL CONSTRUCTION,2023-2024,3902251.95,3385401.98
WAHL CONSTRUCTION,2024-2025,3589261.33,2982942.46
WAHL CONSTRUCTION,2025-2026,1896614.68,1293955.97
WAINWRIGHT MARINE SERVICES,2025-2026,15750.00,12507.53
WAJAX,2017-2018,3326147.67,3425977.87
WAJAX,2018-2019,6325081.67,6437470.51
WAJAX,2019-2020,6657858.79,6598063.77
WAJAX,2020-2021,6314889.78,6010847.30
WAJAX,2021-2022,6016976.19,5613306.37
WAJAX,2022-2023,6022652.62,5438415.80
WAJAX,2023-2024,6317212.22,5472452.09
WAJAX,2024-2025,4881995.59,4064017.35
WAJAX,2025-2026,5043821.04,2351898.21
WARTSILA,2017-2018,18208315.99,18768703.00
WARTSILA,2018-2019,10050012.53,10234773.23
WARTSILA,2019-2020,10274735.73,10193206.05
WARTSILA,2020-2021,11411646.41,10863972.02
WARTSILA,2021-2022,11936568.56,11142802.05
WARTSILA,2022-2023,6360553.87,5740341.47
WARTSILA,2023-2024,6318424.06,5468379.93
WARTSILA,2024-2025,2031124.66,1695718.45
WARTSILA,2025-2026,14324205.75,5872254.23
WASTE CONNECTIONS OF CANADA,2017-2018,786350.58,809176.88
WASTE CONNECTIONS OF CANADA,2018-2019,930188.96,945151.31
WASTE CONNECTIONS OF CANADA,2019-2020,961968.13,953742.31
WASTE CONNECTIONS OF CANADA,2020-2021,1793227.01,1708341.67
WASTE CONNECTIONS OF CANADA,2021-2022,2317181.56,2174532.73
WASTE CONNECTIONS OF CANADA,2022-2023,544073.55,491078.48
WASTE CONNECTIONS OF CANADA,2023-2024,1756150.18,1522998.05
WASTE CONNECTIONS OF CANADA,2024-2025,2713244.72,2257547.39
WASTE CONNECTIONS OF CANADA,2025-2026,916704.59,642795.05
WASTE MANAGEMENT OF CANADA,2017-2018,628565.57,648065.76
WASTE MANAGEMENT OF CANADA,2018-2019,659778.51,672032.90
WASTE MANAGEMENT OF CANADA,2019-2020,520951.38,517910.59
WASTE MANAGEMENT OF CANADA,2020-2021,873666.99,827931.60
WASTE MANAGEMENT OF CANADA,2021-2022,292625.54,275460.00
WASTE MANAGEMENT OF CANADA,2022-2023,272203.57,246251.57
WASTE MANAGEMENT OF CANADA,2023-2024,44434.69,38522.81
WASTE MANAGEMENT OF CANADA,2024-2025,44313.29,36747.86
WASTE MANAGEMENT OF CANADA,2025-2026,44313.29,29761.56
WASTE PROCESSING TECHNOLOGIES,2019-2020,1042149.12,1033718.99
WASTE PROCESSING TECHNOLOGIES,2020-2021,1045012.17,994951.24
WASTE PROCESSING TECHNOLOGIES,2021-2022,1045012.17,974998.16
WASTE PROCESSING TECHNOLOGIES,2022-2023,1045012.17,943593.08
WASTE PROCESSING TECHNOLOGIES,2023-2024,1047875.22,908458.95
WASTE PROCESSING TECHNOLOGIES,2024-2025,8589.14,7243.37
WATERS,2021-2022,752495.63,687876.20
WATERS,2023-2024,17757.61,15160.63
WATERS,2025-2026,10437.00,8303.98
WATERSHED INFORMATION TECHNOLOGY,2018-2019,51441.32,51880.02
WATERSHED INFORMATION TECHNOLOGY,2019-2020,254590.93,253566.94
WATERSHED INFORMATION TECHNOLOGY,2020-2021,217846.73,206920.98
WATERSHED INFORMATION TECHNOLOGY,2021-2022,753444.25,704503.56
WATERSHED INFORMATION TECHNOLOGY,2022-2023,1074598.35,970122.80
WATERSHED INFORMATION TECHNOLOGY,2023-2024,1227958.10,1062785.98
WATERSHED INFORMATION TECHNOLOGY,2024-2025,748777.44,624795.95
WATERSHED INFORMATION TECHNOLOGY,2025-2026,706236.28,514494.51
WATERWORKS CONSTRUCTION,2017-2018,874302.95,898772.37
WATERWORKS CONSTRUCTION,2018-2019,628159.93,638251.46
WATERWORKS CONSTRUCTION,2019-2020,111581.45,111036.51
WATERWORKS CONSTRUCTION,2020-2021,49325.70,47267.69
WEATHERHAVEN CANADA,2017-2018,42294636.96,43589866.25
WEATHERHAVEN CANADA,2018-2019,42253466.64,43024470.12
WEATHERHAVEN CANADA,2019-2020,42765106.29,42419630.58
WEATHERHAVEN CANADA,2020-2021,43517699.72,41429155.46
WEATHERHAVEN CANADA,2021-2022,35511735.46,33317464.74
WEATHERHAVEN CANADA,2022-2023,8969337.07,8098786.06
WEATHERHAVEN CANADA,2023-2024,9657821.53,8368125.13
WEATHERHAVEN CANADA,2024-2025,8301204.39,6881864.32
WEATHERHAVEN CANADA,2025-2026,7943715.02,5335135.09
WEBSTER ELECTRIC,2017-2018,327362.64,337176.13
WEBSTER ELECTRIC,2018-2019,140797.02,143936.17
WEBSTER ELECTRIC,2019-2020,731468.34,722605.57
WEBSTER ELECTRIC,2020-2021,630703.51,599670.79
WEBSTER ELECTRIC,2021-2022,197984.88,182285.94
WEBSTER ELECTRIC,2022-2023,135878.25,123182.43
WEIR CANADA,2017-2018,50797129.01,52354022.30
WEIR CANADA,2018-2019,50797129.01,51725648.61
WEIR CANADA,2019-2020,50936299.22,50527530.28
WEIR CANADA,2020-2021,50797129.01,48363711.01
WEIR CANADA,2021-2022,50797129.01,47393809.25
WEIR CANADA,2022-2023,50797129.01,45867235.34
WEIR CANADA,2023-2024,50936299.22,44159395.93
WEIR CANADA,2024-2025,154169628.25,128041882.44
WEIR CANADA,2025-2026,128701478.64,86438117.89
WESCO DISTRIBUTION CANADA,2017-2018,494566.70,509469.21
WESCO DISTRIBUTION CANADA,2018-2019,1163918.27,1186060.40
WESCO DISTRIBUTION CANADA,2019-2020,258813.78,254451.37
WESCO DISTRIBUTION CANADA,2020-2021,358783.65,341766.65
WESCO DISTRIBUTION CANADA,2021-2022,212560.53,196413.63
WESCO DISTRIBUTION CANADA,2022-2023,457076.36,411755.36
WESCO DISTRIBUTION CANADA,2023-2024,473989.25,415697.61
WESCO DISTRIBUTION CANADA,2024-2025,143706.13,118170.80
WESCO DISTRIBUTION CANADA,2025-2026,351157.41,237136.07
WEST COAST TUG BARGE,2025-2026,222854.93,25395.26
WESTBURY NATIONAL SHOW SYSTEMS,2017-2018,1092567.71,1126403.46
WESTBURY NATIONAL SHOW SYSTEMS,2018-2019,1588037.26,1611130.64
WESTBURY NATIONAL SHOW SYSTEMS,2019-2020,867999.99,852424.20
WESTBURY NATIONAL SHOW SYSTEMS,2020-2021,507.83,478.58
WESTCO CONSTRUCTION,2021-2022,289800.00,268199.43
WESTCO CONSTRUCTION,2022-2023,824315.53,743917.58
WESTCO CONSTRUCTION,2023-2024,215555.97,185684.05
WESTERN MATERIALS HANDLING EQUIPMENT,2017-2018,200962.71,207159.16
WESTERN MATERIALS HANDLING EQUIPMENT,2018-2019,241519.90,245355.33
WESTERN MATERIALS HANDLING EQUIPMENT,2019-2020,728831.63,725655.56
WESTERN MATERIALS HANDLING EQUIPMENT,2020-2021,480471.10,457475.01
WESTERN MATERIALS HANDLING EQUIPMENT,2021-2022,603595.67,563195.76
WESTERN MATERIALS HANDLING EQUIPMENT,2022-2023,629997.31,569051.38
WESTERN MATERIALS HANDLING EQUIPMENT,2023-2024,497562.28,431554.77
WESTERN MATERIALS HANDLING EQUIPMENT,2024-2025,57879.15,47715.47
WESTERN MATERIALS HANDLING EQUIPMENT,2025-2026,235932.85,165568.34
WESTERN MECHANICAL ELECTRICAL,2017-2018,758206.57,780422.75
WESTERN MECHANICAL ELECTRICAL,2018-2019,17000.15,17434.00
WESTERN MECHANICAL ELECTRICAL,2019-2020,11074.00,10884.87
WESTERN MECHANICAL ELECTRICAL,2021-2022,17176.00,16290.44
WESTERN PETROLEUM,2017-2018,118782.21,122427.11
WESTERN PETROLEUM,2019-2020,40999.39,40395.78
WESTERN PETROLEUM,2021-2022,11176.06,10532.27
WESTERN PETROLEUM,2025-2026,134979.66,45667.10
WESTJET,2020-2021,432683.15,408130.26
WESTJET,2021-2022,292697.43,277606.47
WESTOWER COMMUNICATIONS,2017-2018,111906.96,114990.79
WESTOWER COMMUNICATIONS,2018-2019,423431.72,433787.29
WESTOWER COMMUNICATIONS,2025-2026,802768.82,312679.84
WHITECHURCH CONSTRUCTION,2024-2025,161752.81,131998.20
WHITECHURCH CONSTRUCTION,2025-2026,1682229.26,1132917.87
WILCO CONTRACTORS SOUTHWEST,2017-2018,575455.22,593437.72
WILCO CONTRACTORS SOUTHWEST,2018-2019,436928.61,444915.22
WILCO CONTRACTORS SOUTHWEST,2019-2020,256171.84,256036.06
WILLS TRANSFER,2020-2021,114469.58,109634.80
WILLS TRANSFER,2022-2023,95532.78,86261.26
WILLS TRANSFER,2025-2026,50850.00,34151.73
WINMAR,2018-2019,11000.00,11244.02
WINMAR,2019-2020,1967690.06,1920818.20
WINMAR,2020-2021,317729.23,299426.52
WINTERSTEIGER,2022-2023,13263.56,11923.95
WOLTERS KLUWER,2018-2019,50000.00,50792.06
WOLTERS KLUWER,2019-2020,37500.00,37199.06
WOLTERS KLUWER,2020-2021,30000.00,28562.86
WOLTERS KLUWER,2021-2022,30000.00,27990.05
WOLTERS KLUWER,2022-2023,55696.75,50215.64
WOLTERS KLUWER,2023-2024,94019.35,81471.67
WOLTERS KLUWER,2024-2025,54792.19,45288.43
WOLTERS KLUWER,2025-2026,39663.00,26638.35
WOOD,2017-2018,655469.42,675456.22
WOOD,2018-2019,113007.50,114978.74
WOOD,2019-2020,100326.68,99860.88
WOOD,2020-2021,28163.70,26895.42
WOOD ENVIRONMENT INFRASTRUCTURE,2017-2018,140548.04,144866.95
WOOD ENVIRONMENT INFRASTRUCTURE,2018-2019,354888.65,362454.28
WOOD ENVIRONMENT INFRASTRUCTURE,2019-2020,179661.83,176973.46
WOOD ENVIRONMENT INFRASTRUCTURE,2020-2021,105921.56,100605.66
WOOD ENVIRONMENT INFRASTRUCTURE,2021-2022,207635.35,194079.27
WOOD ENVIRONMENT INFRASTRUCTURE,2022-2023,266344.76,240385.69
WOOD ENVIRONMENT INFRASTRUCTURE,2023-2024,26821.06,23271.16
WOODWARD AVIATION,2018-2019,137984.38,141086.30
WOODWARD AVIATION,2019-2020,423483.00,415284.21
WOODWARD AVIATION,2020-2021,658878.18,629840.05
WOODWARD AVIATION,2021-2022,1885600.90,1754671.83
WOODWARD AVIATION,2022-2023,1416321.56,1282818.12
WOODWARD AVIATION,2023-2024,2220410.66,1925115.34
WOODWARD AVIATION,2024-2025,1733311.46,1438654.37
WOODWARD AVIATION,2025-2026,607616.00,467900.67
WOODWARD S OIL,2017-2018,915237.00,944746.72
WOODWARD S OIL,2018-2019,1746137.94,1779029.36
WOODWARD S OIL,2019-2020,1558793.78,1526725.12
WOODWARD S OIL,2020-2021,619720.41,584164.50
WOODWARD S OIL,2021-2022,17156.87,15559.22
WOODWARD S OIL,2024-2025,122678.12,101878.96
WOODWARD S OIL,2025-2026,437916.56,351115.48
WOOLLY MAMMOTH OUTERWEAR,2023-2024,93489.42,81136.44
WORKDYNAMICS TECHNOLOGIES,2017-2018,2033156.54,2097097.14
WORKDYNAMICS TECHNOLOGIES,2023-2024,23311.44,19984.68
WORKDYNAMICS TECHNOLOGIES,2024-2025,112019.27,92893.85
WORKDYNAMICS TECHNOLOGIES,2025-2026,89195.24,71528.34
WORLD FUEL SERVICES,2017-2018,31778576.81,32728543.83
WORLD FUEL SERVICES,2018-2019,45153685.90,45982275.53
WORLD FUEL SERVICES,2019-2020,52546015.29,52206993.15
WORLD FUEL SERVICES,2020-2021,12991494.96,12363147.76
WORLD FUEL SERVICES,2021-2022,5806060.25,5413481.57
WORLD FUEL SERVICES,2022-2023,2272778.65,2056605.85
WORLD FUEL SERVICES,2023-2024,883953.61,774585.83
WORLD FUEL SERVICES,2024-2025,10422828.87,8612437.76
WORLD FUEL SERVICES,2025-2026,26866532.55,17990812.58
WORLDREACH SOFTWARE,2019-2020,24995.04,24399.64
WORLDREACH SOFTWARE,2020-2021,199225.21,190240.84
WORLEY PARSONS,2021-2022,31500.00,29192.01
WPP GROUP CANADA COMMUNICATIONS,2023-2024,25688.32,22022.36
WSP,2017-2018,1592955.58,1641507.30
WSP,2018-2019,808943.89,825275.14
WSP,2019-2020,179940.87,178440.79
WSP,2020-2021,209026.22,199607.29
WSP,2021-2022,842303.70,777557.60
WSP,2022-2023,1734718.62,1566673.83
WSP,2023-2024,1633584.89,1409985.20
WSP,2024-2025,3103518.34,2566220.29
WSP,2025-2026,3809825.59,2359602.69
XEROX,2017-2018,1039529.05,1071349.01
XEROX,2018-2019,821611.03,836417.46
XEROX,2019-2020,1213153.26,1200567.99
XEROX,2020-2021,1492638.04,1422576.83
XEROX,2021-2022,1503089.79,1402072.77
XEROX,2022-2023,1089780.71,984043.96
XEROX,2023-2024,964665.92,836282.02
XEROX,2024-2025,1121714.42,927874.63
XEROX,2025-2026,2607002.76,1515691.68
XPERT SOLUTIONS TECHNOLOGIQUES,2025-2026,1457136.66,870718.62
XTECH EXPLOSIVE DECONTAMINATION,2017-2018,2702468.74,2790160.92
XTECH EXPLOSIVE DECONTAMINATION,2018-2019,1474834.15,1501270.90
XTECH EXPLOSIVE DECONTAMINATION,2019-2020,1551118.67,1538670.79
XTECH EXPLOSIVE DECONTAMINATION,2020-2021,1546880.64,1472777.89
XTECH EXPLOSIVE DECONTAMINATION,2021-2022,1546880.64,1443242.32
XTECH EXPLOSIVE DECONTAMINATION,2022-2023,3414437.87,3083294.29
XTECH EXPLOSIVE DECONTAMINATION,2023-2024,692137.76,608000.53
XTECH EXPLOSIVE DECONTAMINATION,2024-2025,1821893.44,1512292.52
XTECH EXPLOSIVE DECONTAMINATION,2025-2026,6946.72,5633.32
XTRACT TECHNOLOGIES,2018-2019,488826.00,494798.80
XTRACT TECHNOLOGIES,2019-2020,1522491.72,1509815.63
XTRACT TECHNOLOGIES,2020-2021,1115407.03,1063318.16
XTRACT TECHNOLOGIES,2021-2022,1557380.08,1452578.37
XTRACT TECHNOLOGIES,2022-2023,510515.43,463161.26
YAMAHA MOTORS CANADA,2017-2018,154250.73,158501.43
YAMAHA MOTORS CANADA,2019-2020,129829.25,129672.60
YAMAHA MOTORS CANADA,2021-2022,43948.80,40422.08
YAMAHA MOTORS CANADA,2023-2024,193902.66,167407.21
YAMAHA MOTORS CANADA,2024-2025,181554.37,150024.64
YAMAHA MOTORS CANADA,2025-2026,1244597.05,482135.32
YAMNUSKA,2017-2018,1867514.82,1929108.76
YAMNUSKA,2018-2019,1457850.91,1480884.40
YAMNUSKA,2019-2020,2346032.50,2327252.61
YAMNUSKA,2020-2021,232991.10,222011.21
YAMNUSKA,2021-2022,131169.62,122616.93
YAMNUSKA,2022-2023,29610.00,26619.42
YAMNUSKA,2023-2024,26250.00,22503.88
YAMNUSKA,2024-2025,4355.31,3554.15
YAMNUSKA,2025-2026,107457.09,52756.77
YELLOWHEAD HELICOPTERS,2017-2018,79668.66,82038.99
YELLOWHEAD HELICOPTERS,2018-2019,51304.73,52113.91
YELLOWHEAD HELICOPTERS,2019-2020,49664.00,49129.85
YELLOWHEAD HELICOPTERS,2020-2021,29936.56,28762.17
YELLOWHEAD HELICOPTERS,2021-2022,70445.34,66034.03
YELLOWHEAD HELICOPTERS,2022-2023,88148.06,79527.64
YELLOWHEAD HELICOPTERS,2023-2024,90000.00,76837.87
ZAYO CANADA,2019-2020,25992.09,25780.15
ZAYO CANADA,2020-2021,11797.25,11219.59
ZAYO CANADA,2021-2022,10506.78,9802.85
ZAYO CANADA,2022-2023,10506.78,9487.09
ZAYO CANADA,2023-2024,10535.57,9133.85
ZAYO CANADA,2024-2025,10506.78,8713.00
ZAYO CANADA,2025-2026,18313.61,10821.22
ZENITH PAVING,2017-2018,6093125.80,6304861.92
ZENITH PAVING,2018-2019,829500.00,850669.10
ZENITH PAVING,2022-2023,215944.05,194133.89
ZENITH PAVING,2023-2024,588000.00,506162.11
ZERNAM ENTERPRISE,2017-2018,467058.77,481391.57
ZERNAM ENTERPRISE,2018-2019,183766.99,187520.18
ZERNAM ENTERPRISE,2019-2020,106357.94,105089.81
ZERNAM ENTERPRISE,2020-2021,462670.12,440759.03
ZERNAM ENTERPRISE,2021-2022,603152.90,564708.26
ZERNAM ENTERPRISE,2022-2023,399232.41,360320.11
ZERNAM ENTERPRISE,2023-2024,395776.91,342510.41
ZERNAM ENTERPRISE,2024-2025,256543.35,213453.97
ZERNAM ENTERPRISE,2025-2026,356295.08,235093.55
ZODIAC HURRICANE TECHNOLOGIES,2017-2018,172277.49,177557.67
ZODIAC HURRICANE TECHNOLOGIES,2018-2019,1737286.08,1759332.93
ZODIAC HURRICANE TECHNOLOGIES,2019-2020,2350402.38,2334883.79
ZODIAC HURRICANE TECHNOLOGIES,2020-2021,7799543.48,7414931.57
ZODIAC HURRICANE TECHNOLOGIES,2021-2022,14434914.51,13424422.66
ZODIAC HURRICANE TECHNOLOGIES,2022-2023,18606723.53,16800477.06
ZODIAC HURRICANE TECHNOLOGIES,2023-2024,79227162.16,68291021.69
ZODIAC HURRICANE TECHNOLOGIES,2024-2025,11882204.51,9833906.72
ZODIAC HURRICANE TECHNOLOGIES,2025-2026,14679668.23,10258697.89
ZOLL MEDICAL CANADA,2017-2018,192028.90,197948.82
ZOLL MEDICAL CANADA,2018-2019,487313.01,495085.49
ZOLL MEDICAL CANADA,2019-2020,987716.19,980964.95
ZOLL MEDICAL CANADA,2020-2021,1935799.50,1836682.71
ZOLL MEDICAL CANADA,2021-2022,1307495.59,1222164.75
ZOLL MEDICAL CANADA,2022-2023,1687090.34,1520077.21
ZOLL MEDICAL CANADA,2023-2024,885303.30,760829.68
ZOLL MEDICAL CANADA,2024-2025,336225.32,274738.82
ZYCOM,2017-2018,1326736.96,1363649.54
ZYCOM,2018-2019,1096523.03,1112971.72
ZYCOM,2019-2020,2683889.71,2642024.04
ZYCOM,2020-2021,1497867.08,1432264.61
ZYCOM,2021-2022,365534.11,337993.18
ZYCOM,2022-2023,2064326.09,1860429.96
ZYCOM,2023-2024,1060076.08,913044.78
ZYCOM,2024-2025,69997.29,58136.03
