d_fiscal_year,total
2017-2018,6078355640.963168
2018-2019,6418698805.370857
2019-2020,6087162528.639803
2020-2021,6372128851.011228
