d_fiscal_year,total
2017-2018,6081370047.139639
2018-2019,6420969933.312034
2019-2020,6087162528.639803
2020-2021,6372128851.011228
