d_most_recent_category,total,percentage
1_facilities_and_construction,3212357.1733261975,0.5160251671702688
2_professional_services,3012837.5995214623,0.48397483282973114
