d_fiscal_year,total
2017-2018,1406013.8330332646
2018-2019,2419559.0230955086
2019-2020,1264294.2056577534
2020-2021,1135327.7110611338
