d_most_recent_category,d_fiscal_year,total
11_defence,2017-2018,2571023.3392070485
11_defence,2018-2019,2571023.3392070485
11_defence,2019-2020,626907.0607929516
