owner_org,d_fiscal_year,total
dnd-mdn,2017-2018,2571023.3392070485
dnd-mdn,2018-2019,2571023.3392070485
dnd-mdn,2019-2020,626907.0607929516
