d_fiscal_year,total
2017-2018,2571023.3392070485
2018-2019,2571023.3392070485
2019-2020,626907.0607929516
