owner_org,d_fiscal_year,total
cbsa-asfc,2018-2019,2091074.6300667534
cbsa-asfc,2019-2020,2390519.532797489
cbsa-asfc,2020-2021,277723.4957119193
