d_fiscal_year,total
2018-2019,2091074.6300667534
2019-2020,2390519.532797489
2020-2021,277723.4957119193
