d_most_recent_category,total,percentage
4_medical,106157504.22,0.9885726071562946
2_professional_services,1227126.36,0.011427392843705475
