d_most_recent_category,total,percentage
2_professional_services,10835427.909824038,0.9229815044061863
NA,490450.47120218584,0.04177746532155809
7_travel,259580.01879452055,0.022111499264697104
4_medical,76737.0213454075,0.0065365993843969974
9_human_capital,43937.89894409938,0.003742710339210813
1_facilities_and_construction,22160.440000000002,0.0018876666818998925
8_security_and_protection,11300,9.625546020507167e-4
