d_most_recent_category,total,percentage
6_industrial_products_and_services,5435877.58,0.840493080083438
1_facilities_and_construction,524618.11,0.08111622931570465
10_office_management,231448.50,0.03578646812348437
11_defence,125112.48,0.01934483847581501
5_transportation_and_logistics,105483.59,0.01630982784770229
3_information_technology,44946.16,0.006949556153855616
