d_fiscal_year,total
2017-2018,1028568.1033734372
2018-2019,995016.0313829584
2019-2020,964522.8677633385
2020-2021,1564187.9671328322
