d_most_recent_category,total,percentage
6_industrial_products_and_services,3725900.2567686914,0.8184663519405145
10_office_management,436151.362883875,0.09580911733344079
1_facilities_and_construction,267314.19,0.05872075333035846
11_defence,104628.68999999999,0.02298372374758161
3_information_technology,18300.47,0.004020053648104596
