d_fiscal_year,total
2017-2018,6422585.897594351
2018-2019,10226227.326159438
2019-2020,9788645.732592281
2020-2021,8920594.89632641
