d_most_recent_category,total,percentage
10_office_management,19730062.100645225,0.6004010534348515
2_professional_services,9957180.652302196,0.3030047103951008
11_defence,2150375.0775,0.06543757719692268
3_information_technology,570505.9706016837,0.017360938044331933
1_facilities_and_construction,453347.69,0.01379572092879298
