d_most_recent_category,total,percentage
2_professional_services,17462357.62,0.3870108642400179
11_defence,13593489.12,0.30126676398178504
3_information_technology,12824101.41,0.28421514874260234
1_facilities_and_construction,1241156.28,0.02750722303559481
