d_most_recent_category,total,percentage
3_information_technology,17431915.46660954,0.539956648566751
2_professional_services,13927850.348334154,0.4314176150194737
1_facilities_and_construction,924150.89,0.028625736413775443
