d_fiscal_year,total
2017-2018,5702418.870958122
2018-2019,8165455.7693449315
2019-2020,9599550.812957022
2020-2021,8816491.25168362
