d_most_recent_category,total,percentage
3_information_technology,18491246.398935124,0.5627029332503208
2_professional_services,13446074.20211398,0.40917444021873633
1_facilities_and_construction,924150.89,0.028122626530942864
