owner_org,d_fiscal_year,total
dfo-mpo,2017-2018,414753.25
dfo-mpo,2018-2019,551885
dfo-mpo,2019-2020,173673
nrcan-rncan,2019-2020,18501.72
nrcan-rncan,2020-2021,11281.730000000001
pc,2017-2018,11292219.64
pwgsc-tpsgc,2018-2019,285214.28571428574
pwgsc-tpsgc,2019-2020,62660.71428571429
pwgsc-tpsgc,2020-2021,39790
