d_fiscal_year,total
2017-2018,11706972.89
2018-2019,837099.2857142857
2019-2020,254835.4342857143
2020-2021,51071.73
