d_most_recent_category,total,percentage
2_professional_services,6526118.247488699,0.5947735663315198
3_information_technology,4412954.265708197,0.40218525732094507
10_office_management,33369.13,0.003041176347535139
