d_fiscal_year,total
2017-2018,1711695.5673536854
2018-2019,2599070.6669226876
2019-2020,3002066.853178416
2020-2021,3659608.555742107
