d_most_recent_category,total,percentage
2_professional_services,6247469.810345842,0.5795324241084302
3_information_technology,4499351.348328919,0.41737216392699106
10_office_management,33369.13,0.003095411964578796
