d_fiscal_year,total
2017-2018,616831.3641613228
2018-2019,371819.9169912084
2019-2020,75078.12920016129
2020-2021,4300061.456773502
