d_most_recent_category,total,percentage
2_professional_services,4184556.780264817,0.9362753221241485
9_human_capital,170461.82748686546,0.038140049429568466
6_industrial_products_and_services,114347.06,0.02558462844628293
