d_most_recent_category,total,percentage
2_professional_services,5138221.804331434,0.957945962401846
6_industrial_products_and_services,114347.06,0.0213183292996777
9_human_capital,111222.00279475981,0.020735708298476263
