d_most_recent_category,total,percentage
2_professional_services,9581363.86,0.9634936763012714
9_human_capital,248686.32,0.025007682087220803
6_industrial_products_and_services,114347.06,0.01149864161150788
