d_most_recent_category,total,percentage
2_professional_services,5064291.979639329,0.944162832797519
9_human_capital,185151.82748686546,0.034518837902803225
6_industrial_products_and_services,114347.06,0.021318329299677696
