d_most_recent_category,total,percentage
6_industrial_products_and_services,7811008.951675485,0.8891105182248868
4_medical,617928.07,0.07033743655172163
2_professional_services,356257.61,0.04055204522339144
