d_most_recent_category,total,percentage
3_information_technology,4066036.3827073863,0.48293455900260135
2_professional_services,2083428.692061985,0.24745467622804837
9_human_capital,865840.087329934,0.10283825853595355
8_security_and_protection,563299.69,0.06690468598200669
10_office_management,391618.1279122588,0.04651358475420252
1_facilities_and_construction,329688.59579739906,0.039158040320728234
5_transportation_and_logistics,102830,0.012213407856712558
6_industrial_products_and_services,16693.95,0.0019827873197468308
