d_fiscal_year,total
2017-2018,1704512.202860362
2018-2019,2975321.077906236
2019-2020,2902720.3853748525
2020-2021,1811614.202003752
