d_most_recent_category,total,percentage
3_information_technology,4066036.3827073863,0.48293455900260135
2_professional_services,2083428.692061985,0.24745467622804837
9_human_capital,865840.087329934,0.10283825853595355
8_security_and_protection,563299.69,0.06690468598200669
10_office_management,474970.34370965784,0.056413561485646205
1_facilities_and_construction,246336.37999999998,0.029258063589284546
5_transportation_and_logistics,102830,0.012213407856712558
6_industrial_products_and_services,16693.95,0.0019827873197468308
