d_most_recent_category,total,percentage
3_information_technology,3032463.103118345,0.36017415821079973
2_professional_services,2305547.2420619847,0.27383632014219406
10_office_management,1367153.763298699,0.1623806915686713
9_human_capital,743721.537329934,0.0883338954316032
8_security_and_protection,563299.69,0.06690468598200669
1_facilities_and_construction,246336.37999999998,0.029258063589284546
5_transportation_and_logistics,102830,0.012213407856712558
6_industrial_products_and_services,58083.81,0.0068987772187279915
