d_fiscal_year,total
2017-2018,1704512.202860362
2018-2019,2707907.2371310424
2019-2020,2810603.4861500463
2020-2021,1811614.202003752
