owner_org,d_fiscal_year,total
dfo-mpo,2018-2019,804866.64
dfo-mpo,2019-2020,29251819.896919314
dfo-mpo,2020-2021,45568746.01308069
dnd-mdn,2017-2018,867832943.4991795
dnd-mdn,2018-2019,851523281.2961347
dnd-mdn,2019-2020,937257973.2980363
dnd-mdn,2020-2021,966397391.8599005
pwgsc-tpsgc,2017-2018,278200.25840071874
pwgsc-tpsgc,2018-2019,92987.48362982928
