d_fiscal_year,total
2017-2018,396297717.8414343
2018-2019,391222534.8984552
2019-2020,504047634.8639988
2020-2021,550767537.3516718
