category,total,percentage
NA,1858499458.6150875,0.5024318284743278
1_facilities_and_construction,1238708982.039604,0.334875975297569
5_transportation_and_logistics,601428581.8485595,0.1625918483183574
2_professional_services,371187.74203054805,1.0034790974576792e-4
