owner_org,d_fiscal_year,total
dfo-mpo,2018-2019,804866.64
dfo-mpo,2019-2020,29251819.896919314
dfo-mpo,2020-2021,45568746.01308069
dnd-mdn,2017-2018,774483800.5284389
dnd-mdn,2018-2019,758174138.3253943
dnd-mdn,2019-2020,843653079.2506636
dnd-mdn,2020-2021,873048248.88916
pwgsc-tpsgc,2017-2018,278200.25840071874
pwgsc-tpsgc,2018-2019,92987.48362982928
