d_most_recent_category,total,percentage
1_facilities_and_construction,1559195712.21,0.6566289381593342
11_defence,762828678.47,0.32125241316491293
5_transportation_and_logistics,52150564.15,0.02196232922784876
2_professional_services,371187.74,1.5631944790412571e-4
