d_fiscal_year,total
2017-2018,868111143.7575802
2018-2019,852421135.4197646
2019-2020,966509793.1949556
2020-2021,1011966137.8729812
