d_fiscal_year,total
2017-2018,NA
2018-2019,NA
2019-2020,2207388.4084833376
2020-2021,2001669.4195508633
