d_fiscal_year,total
2017-2018,NA
2018-2019,NA
2019-2020,1929197.899488714
2020-2021,1975623.6062981752
