owner_org,d_fiscal_year,total
pc,2017-2018,69236.0235
pc,2018-2019,4211858.0962499995
pc,2019-2020,3548353.1227048733
pc,2020-2021,748598.0875451264
