owner_org,d_fiscal_year,total
cbsa-asfc,2018-2019,1538187.5369458129
cbsa-asfc,2019-2020,1732235.8108374386
cbsa-asfc,2020-2021,1727502.9261083745
