d_fiscal_year,total
2017-2018,6875260.308716684
2018-2019,10759076.257931378
2019-2020,8418093.813730147
2020-2021,9225725.596353687
