category,total,percentage
3_information_technology,18835798.17773347,0.5339224133528077
9_human_capital,9626952.693184769,0.2728870720888681
2_professional_services,4222284.848724078,0.11968553150875952
10_office_management,1665873.5716466599,0.04722110681594031
5_transportation_and_logistics,579879.0176514,0.016437339242840972
1_facilities_and_construction,137537.12,0.003898648219898856
8_security_and_protection,134708.84779151942,0.0038184775837027353
6_industrial_products_and_services,75121.7,0.002129411187181874
