d_most_recent_category,total,percentage
3_information_technology,17117215.242116045,0.6136389422826991
9_human_capital,5219784.69485209,0.18712524869182476
2_professional_services,3127415.098884198,0.11211541516615298
10_office_management,1535459.5002180883,0.05504503684182637
5_transportation_and_logistics,547361.7116605247,0.019622494490984157
1_facilities_and_construction,137537.12,0.004930599495749245
8_security_and_protection,134708.84779151942,0.004829208122096983
6_industrial_products_and_services,75121.7,0.002693054908666301
