d_most_recent_category,total,percentage
3_information_technology,25922663.59,0.6565669657763984
9_human_capital,6579721.74,0.1666506192566901
2_professional_services,4399214.19,0.11142291379504968
10_office_management,1552074.56,0.03931080921465656
5_transportation_and_logistics,624360.74,0.01581375453390142
8_security_and_protection,167155.60,0.004233702479601279
1_facilities_and_construction,137537.12,0.003483528197566929
6_industrial_products_and_services,99404.43,0.0025177067461356465
