d_fiscal_year,total
2017-2018,4809575.397236815
2018-2019,8784152.66811148
2019-2020,6646471.553507831
2020-2021,9410550.45431142
