d_most_recent_category,total,percentage
3_information_technology,18873361.399761125,0.6365222246718331
9_human_capital,5219784.69485209,0.17604224790170606
2_professional_services,3127415.098884198,0.10547507537471548
10_office_management,1535459.5002180883,0.051784845119570946
5_transportation_and_logistics,547361.7116605247,0.018460298991082178
1_facilities_and_construction,137537.12,0.004638571356900149
8_security_and_protection,134708.84779151942,0.004543185162571122
6_industrial_products_and_services,75121.7,0.002533551421620912
