d_fiscal_year,total
2017-2018,2115599.3566831085
2018-2019,502751.4930239759
2019-2020,3055753.0436583553
2020-2021,2513707.5599192968
