d_most_recent_category,total,percentage
10_office_management,6784037.87,0.8285532600614881
9_human_capital,1374216.46,0.167836846798506
4_medical,24723.17,0.003019508954383861
11_defence,4833.95,5.903841856220758e-4
