d_fiscal_year,total
2017-2018,24346937.831404444
2018-2019,17052841.76967365
2019-2020,25271281.72344442
2020-2021,35326099.9579776
