d_most_recent_category,total,percentage
3_information_technology,92992504.22,0.6235032336410345
11_defence,54306536.68,0.3641186084254197
6_industrial_products_and_services,1694130.51,0.011358935433431196
1_facilities_and_construction,72877.56,4.886350511368022e-4
10_office_management,50761.94,3.403525093286862e-4
2_professional_services,19897.94,1.334132254771139e-4
8_security_and_protection,8474.68,5.682171417206261e-5
