d_most_recent_category,total,percentage
3_information_technology,98696198.63580368,0.9812295160848605
6_industrial_products_and_services,1747494.5318619935,0.017373447382580856
1_facilities_and_construction,58762.50893814997,5.842120467281731e-4
NA,22921.563480185432,2.2788430509431662e-4
2_professional_services,19897.940000000002,1.978236883198739e-4
5_transportation_and_logistics,18260.71,1.8154648187398314e-4
10_office_management,15246.96,1.5158402643015227e-4
8_security_and_protection,5430.13772428884,5.3985984112109334e-5
