d_most_recent_category,total,percentage
3_information_technology,98964876.94016506,0.9818936113005967
6_industrial_products_and_services,1707341.3384671535,0.016939621453416133
1_facilities_and_construction,58762.50893814997,5.830202986585701e-4
2_professional_services,19897.940000000002,1.9742014306606192e-4
5_transportation_and_logistics,18260.71,1.8117614088131067e-4
10_office_management,15246.96,1.5127480656402235e-4
8_security_and_protection,5430.13772428884,5.3875856817214375e-5
