d_most_recent_category,total,percentage
3_information_technology,100172221.68737054,0.9821079373956783
6_industrial_products_and_services,1707341.3384671535,0.01673910643197563
1_facilities_and_construction,58762.50893814997,5.761190625236741e-4
2_professional_services,19897.940000000002,1.950832724146994e-4
5_transportation_and_logistics,18260.71,1.7903155117644461e-4
10_office_management,15246.96,1.4948416022844699e-4
8_security_and_protection,5430.13772428884,5.3238126002831223e-5
