d_most_recent_category,total,percentage
3_information_technology,65140828.386249855,0.6391634126569592
11_defence,34968258.08112067,0.34310940962052894
6_industrial_products_and_services,1694130.51,0.016622850293479555
1_facilities_and_construction,58762.50893814997,5.765791851231823e-4
10_office_management,28457.788467153285,2.792285214041733e-4
2_professional_services,19897.940000000002,1.952390774006181e-4
8_security_and_protection,5430.13772428884,5.3280645104389956e-5
