d_fiscal_year,total
2017-2018,1671281.9358066912
2018-2019,1672464.241436718
2019-2020,2798407.143925748
2020-2021,2077773.8370418046
