d_most_recent_category,total,percentage
3_information_technology,5394073.3547739815,0.9453207377318571
11_defence,312004.106,0.054679262268143014
