d_fiscal_year,total
2017-2018,674664.9445342106
2018-2019,1129288.2030266328
2019-2020,2650825.6296257065
2020-2021,1251298.6835874317
