d_most_recent_category,total,percentage
3_information_technology,5394073.3547739815,0.9453207377318571
11_defence,298200.026,0.05226007323769343
2_professional_services,13804.08,0.0024191890304495786
