d_fiscal_year,total
2017-2018,842074.3766666666
2018-2019,2479771.1274825176
2019-2020,4876999.382517482
2020-2021,5944978.42
