d_most_recent_category,total,percentage
5_transportation_and_logistics,12348882.16,0.8677024542061105
11_defence,1605623.8466666667,0.11282023216622243
2_professional_services,167186.1,0.01174744299925753
6_industrial_products_and_services,85716.13,0.006022901134077226
1_facilities_and_construction,24293.08,0.0017069694943323826
