d_most_recent_category,total,percentage
5_transportation_and_logistics,13613146.15,0.8721427949972523
11_defence,1742801.72,0.11165471548982643
2_professional_services,167186.10,0.010710981203907087
6_industrial_products_and_services,85716.13,0.005491508309014065
