d_fiscal_year,total
2017-2018,1087512.7344938111
2018-2019,1011292.6612895982
2019-2020,1302799.2581795454
2020-2021,984531.0735320939
