d_most_recent_category,total,percentage
1_facilities_and_construction,3802853.7965575424,0.8670168988886664
2_professional_services,583281.9309375064,0.1329831011113335
