d_most_recent_category,total,percentage
9_human_capital,3406753.566323817,0.49801727618539476
3_information_technology,1784177.432973988,0.26082050494775855
2_professional_services,1649702.3064745013,0.24116221886684658
