owner_org,d_fiscal_year,total
dnd-mdn,2018-2019,1184.921195652174
dnd-mdn,2019-2020,109207.42109350444
dnd-mdn,2020-2021,1350481.5335032437
esdc-edsc,2017-2018,851105.442647634
esdc-edsc,2018-2019,851105.442647634
esdc-edsc,2019-2020,853437.2383809151
esdc-edsc,2020-2021,851105.442647634
pwgsc-tpsgc,2017-2018,476999.6875779942
pwgsc-tpsgc,2018-2019,476999.6875779942
pwgsc-tpsgc,2019-2020,478306.53603711195
pwgsc-tpsgc,2020-2021,476999.6875779942
rcmp-grc,2017-2018,63700.264884994525
