d_most_recent_category,total,percentage
9_human_capital,3406753.566323817,0.6203108093115184
2_professional_services,1649702.3064745013,0.30038221225274486
3_information_technology,435554.7695842727,0.07930697843573671
