d_most_recent_category,total,percentage
9_human_capital,3406753.566323817,0.49801727618539476
2_professional_services,1649702.3064745013,0.24116221886684658
11_defence,1460873.8757924002,0.21355827896222362
3_information_technology,323303.55718158773,0.04726222598553495
