d_fiscal_year,total
2017-2018,1394570.8117640703
2018-2019,1332055.468074728
2019-2020,1396962.2976851058
2020-2021,1368422.0648586866
