owner_org,d_fiscal_year,total
dnd-mdn,2019-2020,593854.0327225131
dnd-mdn,2020-2021,5040853.9986911
