category,total,percentage
10_office_management,373429089.0840768,0.9366056081082005
2_professional_services,21030876.682845097,0.05274799853674447
3_information_technology,3190969.3512373185,0.008003339528264129
NA,1053798.0708147949,0.002643053826790981
