d_most_recent_category,total,percentage
10_office_management,302722907.3345746,0.9760621903392731
3_information_technology,5948715.241759333,0.019180299501282843
2_professional_services,1240524.8527083334,0.003999794450859216
NA,235003.3681318681,7.577157085848984e-4
