d_most_recent_category,total,percentage
10_office_management,302957910.70270646,0.9768199060478581
3_information_technology,5948715.241759333,0.019180299501282843
2_professional_services,1240524.8527083334,0.003999794450859216
