d_fiscal_year,total
2017-2018,115921400.06264569
2018-2019,75085766.40165281
2019-2020,108961773.97248262
2020-2021,78126646.21937323
