d_most_recent_category,total,percentage
10_office_management,302615533.741168,0.9767942888501717
3_information_technology,5948715.241759333,0.019201496374989285
2_professional_services,1240524.8527083334,0.004004214774839084
