d_most_recent_category,total,percentage
2_professional_services,38433608.74355575,0.7960514111190227
10_office_management,6341981.050876294,0.1313575053158826
1_facilities_and_construction,1396893.8985918236,0.028932993687303062
6_industrial_products_and_services,1040790.3663366336,0.021557242915428338
3_information_technology,570960.4872564791,0.011825949121937044
NA,480250,0.009947119271073196
9_human_capital,15825.250873343051,3.2777856935304234e-4
