d_most_recent_category,total,percentage
2_professional_services,38421137.507762425,0.7951136769580409
10_office_management,6341981.050876294,0.13124535606322663
1_facilities_and_construction,1396893.8985918236,0.0289082915310667
6_industrial_products_and_services,994400,0.02057880353509405
3_information_technology,623543.1539231457,0.012904034654301412
NA,480250,0.00993862670728974
11_defence,46390.36633663366,9.600344275569436e-4
4_medical,16969.38,3.5117612342352604e-4
