d_fiscal_year,total
2017-2018,9712006.481298298
2018-2019,21909621.468826447
2019-2020,9273622.82938453
2020-2021,7426314.57798105
