d_fiscal_year,total
2017-2018,2894810.8476315937
2018-2019,5065969.319727858
2019-2020,5412790.886668139
2020-2021,13110543.467985203
