d_most_recent_category,total,percentage
1_facilities_and_construction,26297147.2098537,0.9929403978372133
3_information_technology,186967.3121590909,0.007059602162786653
