d_most_recent_category,total,percentage
1_facilities_and_construction,6141546.496619042,0.6036708852714795
6_industrial_products_and_services,3937620.391187051,0.387040428452261
2_professional_services,94499.99999999999,0.009288686276259483
