d_fiscal_year,total
2017-2018,3136631.630038241
2018-2019,3257499.26892713
2019-2020,2426963.567493324
2020-2021,1106965.8244444444
