d_most_recent_category,total,percentage
1_facilities_and_construction,10079166.887806091,0.9907113137237405
2_professional_services,94499.99999999999,0.009288686276259485
