d_most_recent_category,total,percentage
4_medical,84799808.20101595,0.9830909796732561
2_professional_services,1376527.0002075108,0.01595818794746375
10_office_management,82017.23447922515,9.508323792801529e-4
