d_fiscal_year,total
2017-2018,20634556.780352786
2018-2019,21123027.85877456
2019-2020,22370165.91867886
2020-2021,22130601.877896473
