d_most_recent_category,total,percentage
4_medical,84849501.96,0.9831007154144306
2_professional_services,1376527.00,0.01594899966899065
10_office_management,82017.23,9.502849165788219e-4
