d_fiscal_year,total
2017-2018,20954490.350298017
2018-2019,21462110.633242514
2019-2020,24266326.73953916
2020-2021,22450517.232732527
