d_most_recent_category,total,percentage
2_professional_services,6537474.614937923,0.528225577422112
3_information_technology,5838818.571852883,0.47177442257788815
