d_fiscal_year,total
2017-2018,1140208.1956718462
2018-2019,3365666.5157604944
2019-2020,3460659.315356465
2020-2021,2650871.6248579044
