d_most_recent_category,total,percentage
2_professional_services,7100479.42527856,0.6687584197347973
3_information_technology,2038619.1105541775,0.1920072734753237
10_office_management,1430828.5401153432,0.1347625387086372
1_facilities_and_construction,36698.450000000004,0.003456442299000627
11_defence,10780.125698630138,0.0010153257822411814
