d_most_recent_category,total,percentage
2_professional_services,6955291.74527856,0.6541258508790982
3_information_technology,3640966.346541561,0.34242276193092674
1_facilities_and_construction,36698.450000000004,0.0034513871899751096
