d_most_recent_category,total,percentage
2_professional_services,6955291.74527856,0.6550839228978527
3_information_technology,3614635.3306695204,0.3404443090209054
1_facilities_and_construction,36698.450000000004,0.003456442299000627
11_defence,10780.125698630138,0.0010153257822411814
