d_most_recent_category,total,percentage
2_professional_services,6931291.74527856,0.6651518415801343
3_information_technology,3452625.5378337284,0.33132644233898306
1_facilities_and_construction,36698.450000000004,0.0035217160808826225
