d_most_recent_category,total,percentage
2_professional_services,5049125.93,0.9146572762774967
3_information_technology,333063.95,0.06033506907063679
9_human_capital,138048.21,0.025007654651866544
