d_most_recent_category,total,percentage
2_professional_services,10901207.850341966,0.9844804906509264
9_human_capital,127123,0.011480389616559032
3_information_technology,44725.4,0.004039119732514567
