d_most_recent_category,total,percentage
2_professional_services,19630411.75863421,0.9738210944001333
9_human_capital,289230.6,0.0143480871868173
3_information_technology,128341.4,0.006366731586762237
10_office_management,110145.77,0.005464086826287141
