d_most_recent_category,total,percentage
2_professional_services,19668415.62171904,0.9738703562823378
9_human_capital,289230.6,0.014321087823602528
3_information_technology,128341.4,0.006354751056091927
10_office_management,110145.77,0.005453804837967784
