d_fiscal_year,total
2017-2018,2828259.2489686706
2018-2019,5650126.649887957
2019-2020,5543939.543101038
2020-2021,6173807.949761377
