d_fiscal_year,total
2017-2018,1781469.5564198806
2018-2019,3488232.7497339398
2019-2020,2973358.7668595607
2020-2021,2829995.1773285856
