d_most_recent_category,total,percentage
1_facilities_and_construction,3315708.71,0.650407263442959
2_professional_services,1107750.00,0.21729551919629447
11_defence,663937.48,0.13023754419300926
6_industrial_products_and_services,10500.00,0.0020596731677373884
