d_fiscal_year,total
2019-2020,17911209.025785126
2020-2021,76391829.21421489
