owner_org,d_fiscal_year,total
pwgsc-tpsgc,2019-2020,17911209.025785126
pwgsc-tpsgc,2020-2021,76391829.21421489
