d_fiscal_year,total
2017-2018,1810178.856818182
2018-2019,839630.6560783061
2019-2020,3353700.5440124474
2020-2021,1818242.8168323236
