owner_org,d_fiscal_year,total
pc,2017-2018,2781300.4317979086
pc,2018-2019,3731991.745323812
pc,2019-2020,2568131.886564347
pc,2020-2021,160102.27958904108
pwgsc-tpsgc,2017-2018,41942.60999999999
pwgsc-tpsgc,2018-2019,4566988.756640098
pwgsc-tpsgc,2019-2020,10449051.351679951
pwgsc-tpsgc,2020-2021,10450523.829478597
