d_most_recent_category,total,percentage
11_defence,4968237.10,0.8897461017907212
2_professional_services,615644.74,0.11025389820927872
