d_most_recent_category,total,percentage
1_facilities_and_construction,3040538.8509836067,0.7078309043370569
11_defence,1255033.4846596462,0.2921690956629433
