d_most_recent_category,total,percentage
11_defence,4121845.71,0.5570603422757957
5_transportation_and_logistics,3267385.92,0.4415815743217674
6_industrial_products_and_services,10048.84,0.001358083402436756
