d_most_recent_category,total,percentage
5_transportation_and_logistics,3040538.85,0.7078309043370569
11_defence,1244984.64,0.28982974732590844
6_industrial_products_and_services,10048.84,0.002339348337034862
