d_fiscal_year,total
2019-2020,1340470.405549017
2020-2021,2955101.930094236
