owner_org,d_fiscal_year,total
csc-scc,2019-2020,483567.680326087
csc-scc,2020-2021,2556971.1706575197
dnd-mdn,2019-2020,856902.72522293
dnd-mdn,2020-2021,398130.7594367162
