d_fiscal_year,total
2017-2018,4743075.667658154
2018-2019,4217105.334943868
2019-2020,4231397.365272885
2020-2021,2877119.629518076
