category,total,percentage
6_industrial_products_and_services,16116176.19,0.5074738061046002
10_office_management,14799325.573343653,0.46600818878773065
1_facilities_and_construction,802000.38,0.0252537686692997
2_professional_services,40149.18,0.001264236438369361
