d_most_recent_category,total,percentage
6_industrial_products_and_services,16055555.719999999,0.5655514468015612
10_office_management,11409036.613343652,0.4018794039779575
1_facilities_and_construction,802000.38,0.028250188480203033
3_information_technology,82462.68,0.0029047196368942726
2_professional_services,40149.18,0.0014142411033840133
