d_most_recent_category,total,percentage
6_industrial_products_and_services,31148178.48,0.6986304219390641
10_office_management,11661995.363343652,0.2615698618323888
5_transportation_and_logistics,811751.74,0.018206986356846172
1_facilities_and_construction,802000.38,0.017988270621810364
3_information_technology,120554.3,0.002703943074220131
2_professional_services,40149.18,9.005161756703609e-4
