owner_org,d_fiscal_year,total
csc-scc,2017-2018,1838083.52
csc-scc,2018-2019,2028250.54
csc-scc,2019-2020,4380854.991842721
csc-scc,2020-2021,18778327.491500933
dnd-mdn,2017-2018,251896.26352112673
dnd-mdn,2018-2019,888844.2964788732
dnd-mdn,2019-2020,174502.6
dnd-mdn,2020-2021,92583.2
