d_most_recent_category,total,percentage
6_industrial_products_and_services,31246890.57,0.7011879756618956
10_office_management,11661995.363343652,0.26169806889048636
5_transportation_and_logistics,811751.74,0.018215910413085987
1_facilities_and_construction,802000.38,0.01799708747571138
2_professional_services,40149.18,9.009575588207101e-4
