owner_org,d_fiscal_year,total
csc-scc,2017-2018,1838083.52
csc-scc,2018-2019,2028250.54
csc-scc,2019-2020,4494808.757063203
csc-scc,2020-2021,22032820.47628045
dnd-mdn,2017-2018,251896.26352112673
dnd-mdn,2018-2019,888844.2964788732
dnd-mdn,2019-2020,156958.18
dnd-mdn,2020-2021,65989.29
