d_fiscal_year,total
2017-2018,2089979.7835211267
2018-2019,2917094.836478873
2019-2020,4537813.17184272
2020-2021,18822474.57150093
