d_most_recent_category,total,percentage
6_industrial_products_and_services,31155235.67,0.69913121696949
10_office_management,11661995.363343652,0.26169806889048636
1_facilities_and_construction,855975.01,0.019208291562147293
5_transportation_and_logistics,811751.74,0.018215910413085987
2_professional_services,40149.18,9.009575588207101e-4
11_defence,37680.270000000004,8.455546059696671e-4
