d_most_recent_category,total,percentage
1_facilities_and_construction,15851970.68,0.6666273184739218
2_professional_services,6172188.83,0.25956076834697267
9_human_capital,894100.42,0.03759985293279132
6_industrial_products_and_services,729969.60,0.03069761399631111
4_medical,71580.00,0.0030101735878534518
10_office_management,39550.00,0.0016632071165074605
NA,20000.00,8.41065545642205e-4
