d_most_recent_category,total,percentage
1_facilities_and_construction,15796413.317113401,0.7099408629661967
2_professional_services,5165550.358302603,0.23215619935037493
6_industrial_products_and_services,729969.6,0.03280714661990058
9_human_capital,442057.46038807934,0.019867462860607636
10_office_management,61148.6,0.002748211823891916
4_medical,35183.38983050847,0.0015812530121180532
NA,20000,8.9886336691009e-4
