d_fiscal_year,total
2017-2018,526446.9548290486
2018-2019,6813532.794399397
2019-2020,12132176.32203112
2020-2021,2778166.6543750246
