d_fiscal_year,total
2017-2018,576547.7347129385
2018-2019,1395224.4273837872
2019-2020,2085994.5384033571
2020-2021,1749917.709391585
