d_fiscal_year,total
2017-2018,1298376.9550273062
2018-2019,1023655.8970037453
2019-2020,2496042.819805203
2020-2021,4840736.370705977
