d_most_recent_category,total,percentage
3_information_technology,3747261.14552446,0.689894763158294
6_industrial_products_and_services,1612084.0274311926,0.2967949884208709
1_facilities_and_construction,72296.5,0.013310248420835082
