d_fiscal_year,total
2017-2018,2295814.0168189155
2018-2019,1178138.1231173677
2019-2020,910395.9587389405
2020-2021,1047293.5742804285
