d_most_recent_category,total,percentage
11_defence,3602163.330452539,0.45975601457951665
6_industrial_products_and_services,2278099.795925926,0.29076140832784864
3_information_technology,1882385.9017338825,0.24025513578617064
1_facilities_and_construction,72296.5,0.009227441306464093
