owner_org,d_fiscal_year,total
pc,2017-2018,515581.56662125344
pc,2018-2019,1030098.2237787467
pc,2019-2020,421227.7896
pc,2020-2021,4327390.42721519
pwgsc-tpsgc,2017-2018,358174.4029916697
pwgsc-tpsgc,2018-2019,432609.03700833034
pwgsc-tpsgc,2019-2020,345320.2030048269
pwgsc-tpsgc,2020-2021,989460.1079105845
