d_fiscal_year,total
2017-2018,873755.9696129231
2018-2019,1462707.260787077
2019-2020,766547.9926048269
2020-2021,5316850.535125774
