d_most_recent_category,total,percentage
1_facilities_and_construction,23539554.206533957,0.7608583174788751
6_industrial_products_and_services,6237409.105289576,0.20160894108864383
5_transportation_and_logistics,1136503.613275109,0.03673469002081351
2_professional_services,24690.239999999998,7.980514116675662e-4
