d_fiscal_year,total
2017-2018,127013799.91521767
2018-2019,88500016.65555018
2019-2020,55437053.875145525
2020-2021,43039513.09316155
