d_most_recent_category,total,percentage
6_industrial_products_and_services,205949114.96579748,0.5829245215091995
3_information_technology,145187326.1317218,0.41094254096983757
11_defence,1319996.7704918033,0.0037361582542387185
2_professional_services,677623.5510638297,0.0019179659224699596
9_human_capital,122384.3,3.464001752548734e-4
10_office_management,46782,1.324131689994018e-4
