d_fiscal_year,total
2017-2018,122760009.88498734
2018-2019,67727103.57622945
2019-2020,42277945.95044896
2020-2021,41298430.84699026
