d_fiscal_year,total
2017-2018,127013799.91521767
2018-2019,120395394.68274859
2019-2020,62854520.027947135
2020-2021,43039513.09316155
