d_most_recent_category,total,percentage
6_industrial_products_and_services,187028750.8826091,0.5956512068126254
3_information_technology,123699106.95172182,0.39395826571971404
NA,2415735.8536801985,0.007693661909169805
2_professional_services,677623.5510638297,0.0021581028801778636
9_human_capital,122384.3,3.897708541916849e-4
10_office_management,46782,1.4899182412119366e-4
