owner_org,d_fiscal_year,total
dnd-mdn,2017-2018,123949312.24064595
dnd-mdn,2018-2019,114713337.81699534
dnd-mdn,2019-2020,60940073.23443182
dnd-mdn,2020-2021,40704550.03553869
ec,2017-2018,190500.18066759387
ec,2018-2019,153443.98114047287
nrc-cnrc,2017-2018,34311.96
rcmp-grc,2017-2018,2691639.1241866057
rcmp-grc,2018-2019,5528612.884612763
rcmp-grc,2019-2020,1914446.7935153202
rcmp-grc,2020-2021,2334963.057622868
ssc-spc,2017-2018,148036.40971751412
