d_most_recent_category,total,percentage
3_information_technology,3975331.5598110566,0.9752202583765968
2_professional_services,96741.25115553121,0.023732367106520408
9_human_capital,4269.457013574661,0.0010473745168828002
