d_most_recent_category,total,percentage
3_information_technology,3969817.5820705085,0.9751866939680818
2_professional_services,96741.25115553121,0.023764512835749426
9_human_capital,4269.457013574661,0.0010487931961687715
