d_most_recent_category,total,percentage
3_information_technology,3969817.58,0.9751866939680818
2_professional_services,96741.25,0.023764512835749426
9_human_capital,4269.46,0.0010487931961687715
