d_most_recent_category,total,percentage
9_human_capital,3593175.5615239665,0.3672740018288373
1_facilities_and_construction,2467695.9876796715,0.25223387089599436
2_professional_services,2319331.471098127,0.23706889250813237
3_information_technology,1398536.861684415,0.14295049632312606
6_industrial_products_and_services,4624.972677595629,4.7273844390980496e-4
