d_most_recent_category,total,percentage
1_facilities_and_construction,4340940.356793653,0.443706272972566
11_defence,3603910.5615239665,0.3683712725694745
2_professional_services,1465157.336102253,0.14976006290962418
10_office_management,336066.6002439024,0.03435081950191175
3_information_technology,37290,0.0038115720464236484
