d_most_recent_category,d_fiscal_year,total
11_defence,2017-2018,1494203.1463748289
11_defence,2018-2019,892428.1805745554
3_information_technology,2019-2020,18580.8
5_transportation_and_logistics,2017-2018,1800537.46
5_transportation_and_logistics,2018-2019,525057.8046956522
5_transportation_and_logistics,2019-2020,2620614.9205217394
5_transportation_and_logistics,2020-2021,2602937.144782609
6_industrial_products_and_services,2017-2018,739875.4239130435
6_industrial_products_and_services,2018-2019,635246.5760869565
