d_most_recent_category,total,percentage
2_professional_services,29240252.63,0.7662914666917096
10_office_management,4965860.1,0.1301389651986341
5_transportation_and_logistics,3822288.43,0.10016968882609316
3_information_technology,129733.05,0.0033998792835631154
