d_fiscal_year,total
2017-2018,11361210.06006034
2018-2019,13211251.251013083
2019-2020,12343426.628926577
2020-2021,2152646.35
