d_most_recent_category,total,percentage
2_professional_services,31513002.56,0.7626166266755581
10_office_management,5630870.95,0.13626742807165132
11_defence,4178334.08,0.10111594525279068
