d_fiscal_year,total
2017-2018,12293357.706155015
2018-2019,13121891.331013082
2019-2020,11472392.678926578
2020-2021,2032106.48
