owner_org,d_fiscal_year,total
pc,2018-2019,3795410.252661136
pc,2019-2020,4348409.738871431
pc,2020-2021,4283838.498467433
