d_most_recent_category,total,percentage
1_facilities_and_construction,3784540.1999999997,0.8851075069696945
11_defence,396750,0.09278971416137324
10_office_management,59800,0.01398569604751133
2_professional_services,34707,0.008117082821420998
