d_most_recent_category,total,percentage
1_facilities_and_construction,3709377.92,0.8675289651249128
5_transportation_and_logistics,506619.27999999997,0.11848533882757581
10_office_management,59800,0.013985696047511327
