d_fiscal_year,total
2017-2018,1786040.935547073
2018-2019,1258803.2720173465
2019-2020,969156.2002255123
2020-2021,2955157.560037524
