owner_org,d_fiscal_year,total
phac-aspc,2019-2020,117569.62729381124
phac-aspc,2020-2021,4809222.835898549
