d_fiscal_year,total
2017-2018,7214134.091924302
2018-2019,4167888.469831297
2019-2020,6764369.091840874
2020-2021,5353425.341122902
