d_fiscal_year,total
2017-2018,8051561.404082859
2018-2019,5873512.858440934
2019-2020,7158601.47655915
2020-2021,10674068.629064571
