d_fiscal_year,total
2017-2018,13241392.266069371
2018-2019,10366677.678007465
2019-2020,11859854.181807905
2020-2021,16276939.207223935
