d_most_recent_category,total,percentage
6_industrial_products_and_services,44389492.08436328,0.8578531128511243
1_facilities_and_construction,4851559.977171499,0.09375925772456827
4_medical,1466386.4469555048,0.02833878287619798
3_information_technology,483306.26635515137,0.009340178623023058
2_professional_services,395154.3982632423,0.007636591785341616
10_office_management,158964.16,0.003072076139744824
