d_fiscal_year,total
2017-2018,611954.0439145633
2018-2019,1206762.8490688186
2019-2020,1154560.007559418
2020-2021,1122342.8490688186
