d_most_recent_category,total,percentage
3_information_technology,12371554.789282003,0.9888068724665773
2_professional_services,140043.92,0.011193127533422676
