d_fiscal_year,total
2017-2018,6921239.034515385
2018-2019,12257624.963039052
2019-2020,11642911.972396903
2020-2021,5090759.515554493
