d_fiscal_year,total
2017-2018,5854392.797493615
2018-2019,10478749.985297376
2019-2020,9785187.048166217
2020-2021,3880054.3501561773
