d_most_recent_category,total,percentage
3_information_technology,30904801.212645896,0.8605574848681725
11_defence,1470406.4100000001,0.040944099048463196
2_professional_services,1434836.16495296,0.039953630272974036
10_office_management,1316873.9979069768,0.036668922984801844
1_facilities_and_construction,590786.35,0.016450700069295835
6_industrial_products_and_services,194831.35,0.005425162756292527
