d_most_recent_category,total,percentage
3_information_technology,33131533.170552872,0.9225617941658459
2_professional_services,1184793.94169863,0.032991096999453254
6_industrial_products_and_services,836365.8899999999,0.023288968007774167
1_facilities_and_construction,359750.35000000003,0.010017403258680913
10_office_management,302995.74,0.008437046727661096
9_human_capital,97096.39325432997,0.0027036908405845563
