d_most_recent_category,total,percentage
3_information_technology,37157725.04,0.8672811230289503
11_defence,1965831.92,0.04588356557202597
2_professional_services,1220309.06,0.02848266439883683
6_industrial_products_and_services,1175270.92,0.02743145018694871
1_facilities_and_construction,674364.64,0.015740030417837277
10_office_management,534165.17,0.012467700002700647
9_human_capital,116255.54,0.0027134663927001735
