d_fiscal_year,total
2017-2018,6005361.555299469
2018-2019,10523960.970450437
2019-2020,9786015.893013157
2020-2021,4055187.1301561776
