d_fiscal_year,total
2017-2018,87048950.9069592
2018-2019,84058393.77879259
2019-2020,68017969.97610901
2020-2021,70397252.41874252
