d_most_recent_category,total,percentage
3_information_technology,288950109.0988738,0.9412787989317039
6_industrial_products_and_services,6882885.605003615,0.022421567223721697
2_professional_services,6825655.699174828,0.022235136087947104
NA,2686510.488372093,0.008751529368507737
1_facilities_and_construction,1232086.6164321557,0.004013623715567604
5_transportation_and_logistics,253167.05,8.247125342719291e-4
9_human_capital,145700.73,4.746321382801202e-4
