d_most_recent_category,total,percentage
3_information_technology,288955522.1166855,0.9385706857630236
2_professional_services,7460652.2768613435,0.024233312699611737
6_industrial_products_and_services,6882885.605003615,0.022356640271121
NA,2804445.788372093,0.009109258710462368
1_facilities_and_construction,1365245.2494218464,0.004434520443139786
5_transportation_and_logistics,253167.05,8.22324384010728e-4
9_human_capital,145700.73,4.7325772863081273e-4
