d_fiscal_year,total
2017-2018,89116384.83953564
2018-2019,89155187.65862098
2019-2020,73952143.39352113
2020-2021,76002778.64397699
