d_most_recent_category,total,percentage
3_information_technology,291358299.55,0.8165823241613722
11_defence,46213360.29,0.1295209822822281
6_industrial_products_and_services,8672849.83,0.024307170538790654
2_professional_services,5763660.82,0.01615366218518487
1_facilities_and_construction,4035099.55,0.011309068500920566
5_transportation_and_logistics,361042.81,0.0010118852882179973
9_human_capital,293914.97,8.237478379088453e-4
10_office_management,103886.22,2.911592053767205e-4
