d_fiscal_year,total
2017-2018,90939451.96495715
2018-2019,83909347.3555434
2019-2020,67512693.90705168
2020-2021,70980771.74030426
