d_most_recent_category,total,percentage
3_information_technology,252028044.17491126,0.8142477188400942
11_defence,42795061.11056039,0.13826152165317254
6_industrial_products_and_services,6787217.195003616,0.021928020496276592
2_professional_services,6281290.203695901,0.02029348057862346
1_facilities_and_construction,1232086.6164321557,0.003980603508342272
5_transportation_and_logistics,253167.05,8.17927598584669e-4
9_human_capital,145700.73,4.7072732490635437e-4
