d_most_recent_category,total,percentage
10_office_management,264140601.59166017,0.8533807537299043
3_information_technology,25943975.4154394,0.08381933395080457
6_industrial_products_and_services,6491098.585003615,0.02097132576221254
2_professional_services,6324101.5336959,0.02043179466151503
1_facilities_and_construction,5046942.526432156,0.016305572075194993
11_defence,1235271.978372093,0.00399089471899609
5_transportation_and_logistics,253167.05,8.179275985846689e-4
9_human_capital,87408.4,2.823975027876976e-4
