d_most_recent_category,total,percentage
3_information_technology,5235721.331571836,0.6824246826827033
2_professional_services,2293877.731864764,0.29898435843810967
9_human_capital,142634.1726027397,0.01859095887918707
