d_most_recent_category,total,percentage
10_office_management,4871625.034010692,0.6349683181067609
2_professional_services,1975848.2822932412,0.25753235355410536
3_information_technology,682125.7471326676,0.08890836945994662
9_human_capital,75399.17260273972,0.009827539164028759
1_facilities_and_construction,67235,0.00876341971515831
