d_fiscal_year,total
2017-2018,1351786.5254968225
2018-2019,2699993.589526843
2019-2020,2387366.608678666
2020-2021,908780.9323370085
