d_most_recent_category,total,percentage
3_information_technology,5330779.126535865,0.6948145295551246
2_professional_services,2198819.9369007354,0.2865945115656884
9_human_capital,142634.1726027397,0.01859095887918707
