d_most_recent_category,total,percentage
10_office_management,4871625.034010692,0.634968318106761
2_professional_services,2155253.862293241,0.28091610304144693
3_information_technology,502720.16713266756,0.06552461997260504
9_human_capital,75399.17260273972,0.00982753916402876
1_facilities_and_construction,67235,0.00876341971515831
