d_fiscal_year,total
2017-2018,1351786.5254968225
2018-2019,2815987.7071739016
2019-2020,2445831.3051277166
2020-2021,1058627.6982408985
