d_most_recent_category,total,percentage
11_defence,3335273.74,0.5291649169100382
5_transportation_and_logistics,2536414.05,0.40242014138776605
6_industrial_products_and_services,378571.24,0.0600630216214667
9_human_capital,52641.32,0.008351920080729184
