d_most_recent_category,total,percentage
2_professional_services,9458818.604707288,0.6178675919285612
5_transportation_and_logistics,2390679.389617316,0.15616361612019777
1_facilities_and_construction,1343182.5541337945,0.08773917810730489
3_information_technology,979935.0261971831,0.06401117519915077
7_travel,565000,0.03690684894474093
10_office_management,515030.20999999996,0.03364272949105876
6_industrial_products_and_services,24464.710000000003,0.0015980802768971558
4_medical,18791.51,0.001227496320378033
9_human_capital,12909.670000000002,8.432836117105376e-4
