d_fiscal_year,total
2017-2018,3184755.4045058424
2018-2019,4214585.70092174
2019-2020,4004151.332655478
2020-2021,3905319.236572521
