d_fiscal_year,total
2017-2018,3100485.7245058427
2018-2019,4152925.170921741
2019-2020,4071060.1998475958
2020-2021,3870774.4329764615
