d_most_recent_category,total,percentage
2_professional_services,9533422.368303346,0.6178542554294476
5_transportation_and_logistics,2437152.609617316,0.15795010991955336
1_facilities_and_construction,1343182.5541337945,0.08705069646860242
3_information_technology,979935.0261971831,0.06350888511908546
7_travel,565000,0.03661724413661584
10_office_management,515030.20999999996,0.03337873794212835
6_industrial_products_and_services,24464.710000000003,0.001585540281064614
4_medical,18791.51,0.0012178642643639961
9_human_capital,12909.670000000002,8.366664391383105e-4
