d_fiscal_year,total
2017-2018,3184755.4045058424
2018-2019,4214585.70092174
2019-2020,4125228.319847596
2020-2021,3905319.2329764618
