d_most_recent_category,total,percentage
1_facilities_and_construction,11318026.533239277,0.9837014828919951
2_professional_services,187523.4024640657,0.01629851710800491
