d_fiscal_year,total
2017-2018,1533786.8528592302
2018-2019,3290541.8314784556
2019-2020,3345180.544459413
2020-2021,3336040.706906245
