owner_org,d_fiscal_year,total
pwgsc-tpsgc,2018-2019,936213.1493700787
pwgsc-tpsgc,2019-2020,11053355.247401575
pwgsc-tpsgc,2020-2021,11023154.823228346
