d_fiscal_year,total
2018-2019,936213.1493700787
2019-2020,11053355.247401575
2020-2021,11023154.823228346
