owner_org,d_fiscal_year,total
phac-aspc,2019-2020,339775.1978891821
phac-aspc,2020-2021,62708121.82211082
