d_fiscal_year,total
2017-2018,4329733.813034403
2018-2019,4929434.634388268
2019-2020,5043647.285955901
2020-2021,5865009.877213789
