d_fiscal_year,total
2017-2018,4228589.538528599
2018-2019,4895832.39800402
2019-2020,4993129.673454913
2020-2021,5812469.736555774
