d_most_recent_category,total,percentage
3_information_technology,10214183.908039676,0.47145407510404197
10_office_management,9985571.73262282,0.4609020679452672
6_industrial_products_and_services,1191661.8469885893,0.0550033011904721
NA,199743.11924071494,0.00921950381820576
2_professional_services,39692.1,0.001832060442901167
1_facilities_and_construction,20420.55,9.425473048109178e-4
8_security_and_protection,12829.167028753993,5.92153336022838e-4
9_human_capital,1176.226572769953,5.42908582781219e-5
