d_most_recent_category,total,percentage
10_office_management,9932054.34689736,0.4983463978386551
3_information_technology,8742712.539055834,0.43867050551715453
6_industrial_products_and_services,1181136.416988589,0.05926418223297323
2_professional_services,39692.1,0.001991573381173736
1_facilities_and_construction,20420.55,0.0010246125503293438
8_security_and_protection,12829.167028753993,6.437106516686748e-4
9_human_capital,1176.226572769953,5.901782804532517e-5
