d_fiscal_year,total
2017-2018,4329733.813034403
2018-2019,4929991.995460495
2019-2020,5050308.879751256
2020-2021,5872186.646377126
