category,total,percentage
3_information_technology,10516603.466859158,0.4780336140531411
10_office_management,10017588.935979862,0.45535084195728437
6_industrial_products_and_services,1191661.8469885893,0.0541671482851228
NA,199743.11924071494,0.009079350141305962
2_professional_services,39692.1,0.0018042097025101032
1_facilities_and_construction,20420.55,9.282188254235147e-4
8_security_and_protection,12829.167028753993,5.83151499376467e-4
9_human_capital,1176.226572769953,5.346553583563871e-5
