d_most_recent_category,total,percentage
10_office_management,10028354.175688388,0.49689050622412945
3_information_technology,8898612.69834478,0.4409134431143568
6_industrial_products_and_services,1181136.416988589,0.05852360834841851
2_professional_services,39692.1,0.0019666863890699117
1_facilities_and_construction,20420.55,0.0010118088421202604
8_security_and_protection,12829.167028753993,6.356667492663518e-4
9_human_capital,1176.226572769953,5.828033263871191e-5
