d_most_recent_category,total,percentage
10_office_management,9951690.051199494,0.49884015679245747
3_information_technology,8742712.539055834,0.4382387384792326
6_industrial_products_and_services,1181136.416988589,0.05920585070601673
2_professional_services,39692.1,0.001989613149681583
1_facilities_and_construction,20420.55,0.0010236040623632977
8_security_and_protection,12829.167028753993,6.430770712527266e-4
9_human_capital,1176.226572769953,5.895973899561878e-5
