d_fiscal_year,total
2017-2018,5991678.836405767
2018-2019,4895873.894662525
2019-2020,5003404.319055517
2020-2021,5823249.685798117
