d_fiscal_year,total
2017-2018,6094517.044986823
2018-2019,4932556.431482393
2019-2020,5058065.768875343
2020-2021,5879922.341815082
