d_fiscal_year,total
2017-2018,5028551.907310722
2018-2019,5271867.430239836
2019-2020,5298132.443188116
2020-2021,6066726.86975465
