d_most_recent_category,total,percentage
10_office_management,9978469.222863648,0.49951198060141655
3_information_technology,8609372.246672941,0.4309763839143559
6_industrial_products_and_services,1191661.8469885893,0.05965337529252669
11_defence,122814.86238289205,0.006147986608567516
2_professional_services,39692.1,0.001986945997668726
1_facilities_and_construction,20420.55,0.0010222318822308242
8_security_and_protection,12829.167028753993,6.422150020081156e-4
9_human_capital,1176.226572769953,5.88807012256056e-5
