d_most_recent_category,total,percentage
2_professional_services,23339258.580886375,0.9901712203737595
8_security_and_protection,219971.2169784173,0.0093323088052589109
6_industrial_products_and_services,11702.28,4.964708209816397e-4
