d_fiscal_year,total
2017-2018,4616160.835732185
2018-2019,5367011.87848911
2019-2020,4150443.179319024
2020-2021,528606.5503484438
