d_fiscal_year,total
2017-2018,5650152.6199381715
2018-2019,6668226.336507326
2019-2020,7697057.555413989
2020-2021,3555495.566005306
