category,total,percentage
1_facilities_and_construction,498383294.2803007,0.8727423463804324
2_professional_services,61458912.714393355,0.10762358270015142
6_industrial_products_and_services,5736737.457255676,0.010045869848514565
NA,5475383.720930232,0.009588201070901654
