d_most_recent_category,total,percentage
1_facilities_and_construction,281569383.89541644,0.8073326061731071
2_professional_services,61458912.714393355,0.17621867650463827
6_industrial_products_and_services,5736737.457255676,0.01644871732225466
