d_fiscal_year,total
2017-2018,59956429.8051726
2018-2019,121543437.45415653
2019-2020,190194287.83039382
2020-2021,199360173.08315697
