d_fiscal_year,total
2017-2018,45240343.20723503
2018-2019,106827350.85621896
2019-2020,175437883.18698245
2020-2021,184644086.4852194
