d_fiscal_year,total
2017-2018,61863591.98927923
2018-2019,93949187.43598136
2019-2020,129178105.24004133
2020-2021,114135443.35693403
