d_most_recent_category,total,percentage
1_facilities_and_construction,274235306.82541645,0.8031940314884026
2_professional_services,61458912.714393355,0.18000392599116774
6_industrial_products_and_services,5736737.457255676,0.016802042520429633
