d_most_recent_category,total,percentage
1_facilities_and_construction,268759923.1044862,0.7871574548139059
2_professional_services,61458912.714393355,0.18000392599116774
6_industrial_products_and_services,5736737.457255676,0.016802042520429633
NA,5475383.720930232,0.016036576674496716
