d_fiscal_year,total
2017-2018,45240343.20723503
2018-2019,75601793.55662975
2019-2020,109377952.6752401
2020-2021,111210867.55796061
