d_most_recent_category,total,percentage
1_facilities_and_construction,331930677.8505869,0.8316431529219854
2_professional_services,61458912.714393355,0.15398360969805375
6_industrial_products_and_services,5736737.457255676,0.014373237379960747
