d_most_recent_category,total,percentage
2_professional_services,11585164.187138751,0.9030599354813552
5_transportation_and_logistics,896212.876740666,0.06985951425232853
6_industrial_products_and_services,134129.39,0.01045534412140851
11_defence,100872.66,0.007862992389228336
1_facilities_and_construction,94008.58,0.007327939493834734
9_human_capital,18400,0.0014342742618446008
