category,total,percentage
3_information_technology,32437096.11106112,0.9982744739640673
9_human_capital,56067.80031891642,0.001725526035932742
