d_most_recent_category,total,percentage
3_information_technology,23568622.84340601,0.997626728698189
9_human_capital,56067.80031891642,0.0023732713018110516
