d_fiscal_year,total
2017-2018,3699801.445440929
2018-2019,3663047.1437317515
2019-2020,3508923.386273334
2020-2021,12752918.668278912
