d_fiscal_year,total
2017-2018,1305891.955844705
2018-2019,1750547.698408452
2019-2020,1701570.7052191384
2020-2021,959796.3877762845
