d_most_recent_category,total,percentage
3_information_technology,6044031.56,0.9947079640249457
11_defence,32155.40,0.0052920359750542574
