d_most_recent_category,total,percentage
4_medical,13799013.57,0.7368259209740969
6_industrial_products_and_services,4330190.73,0.23121919248343467
1_facilities_and_construction,586785.68,0.03133259470620932
2_professional_services,11654.06,6.222918362592108e-4
