d_fiscal_year,total
2017-2018,468733.3545166997
2018-2019,1125743.1646787815
2019-2020,1083052.9875610024
2020-2021,7702312.631147277
