d_most_recent_category,total,percentage
4_medical,6595556.645928344,0.6354197451465612
6_industrial_products_and_services,3282669.64689065,0.3162542939746091
1_facilities_and_construction,489961.78508476634,0.047203201992406754
2_professional_services,11654.06,0.0011227588864230619
