d_fiscal_year,total
2017-2018,10168311.845671648
2018-2019,10168311.845671648
2019-2020,10196170.234289927
2020-2021,9921596.278645786
