d_most_recent_category,total,percentage
2_professional_services,35613408.66,0.8803348283280175
6_industrial_products_and_services,4100158.91,0.10135263178701416
11_defence,740822.63,0.018312539884968317
