d_most_recent_category,total,percentage
10_office_management,7900423.51214891,0.6942382433321401
3_information_technology,1686598.3891696525,0.14820738421217527
2_professional_services,1617253.2093272728,0.14211377723486648
9_human_capital,79279.27,0.006966550723871757
5_transportation_and_logistics,55243.41,0.004854434430648065
1_facilities_and_construction,17233.72,0.0015143881186217175
8_security_and_protection,16799.738899521533,0.0014762526596337005
4_medical,7157.663524590164,6.289692880429408e-4
