d_most_recent_category,total,percentage
2_professional_services,8820201.405504027,0.7244086071323605
3_information_technology,2645005.3288866063,0.21723592671713202
10_office_management,325270.22862068965,0.026714645439921605
9_human_capital,288815.4612328767,0.023720592804087184
5_transportation_and_logistics,55243.41,0.004537175496510679
1_facilities_and_construction,17233.72,0.0014154161029836141
8_security_and_protection,16799.738899521533,0.0013797729662721105
4_medical,7157.663524590164,5.878633407322023e-4
