d_fiscal_year,total
2017-2018,1613280.3279189707
2018-2019,4334380.944510758
2019-2020,3536484.234235986
2020-2021,2273484.5697393916
