d_fiscal_year,total
2017-2018,11583259.586332552
2018-2019,2266593.7999300696
