d_fiscal_year,total
2017-2018,15960466.058457647
2018-2019,4765285.619597429
2020-2021,808046.1031809567
