d_fiscal_year,total
2017-2018,372718269.3831714
2018-2019,372718269.3831714
2019-2020,373739415.3266869
2020-2021,372718269.3831714
