d_fiscal_year,total
2017-2018,509500.5417387119
2018-2019,743301.1941584891
2019-2020,601201.436369761
2020-2021,641978.122563764
