d_most_recent_category,total,percentage
2_professional_services,2177232.7499942984,0.8722952990486877
3_information_technology,203751.83183195753,0.0816319546360125
10_office_management,86352.87209537876,0.03459676251349276
9_human_capital,28643.840909090908,0.011475983801807097
