d_fiscal_year,total
2017-2018,1015587.002738201
2018-2019,975102.8931191931
2019-2020,643407.2403543541
2020-2021,672167.7832369084
