d_most_recent_category,total,percentage
2_professional_services,2191006.09,0.8778135054665502
3_information_technology,231659.75,0.09281309719471573
9_human_capital,49753.80,0.019933563209040453
10_office_management,23561.65,0.009439834129693523
