d_fiscal_year,total
2017-2018,636656.7112942685
2018-2019,800526.352412588
2019-2020,615483.9683113435
2020-2021,636591.0878707446
