d_most_recent_category,total,percentage
2_professional_services,2384282.9150525173,0.8865950417399794
3_information_technology,231659.75451331658,0.08614262528391406
9_human_capital,49753.80090909091,0.018500939177658982
10_office_management,23561.649414019717,0.00876139379844755
