d_most_recent_category,total,percentage
2_professional_services,2485893.86,0.8764631617094681
3_information_technology,256045.60,0.09027518839244257
9_human_capital,67971.55,0.02396504624680806
10_office_management,26367.76,0.009296603651281257
