d_most_recent_category,total,percentage
2_professional_services,3001289.7146122297,0.9077583883123062
3_information_technology,231659.75451331658,0.07006690636028873
9_human_capital,49753.80090909091,0.015048340686924662
10_office_management,23561.649414019717,0.007126364640480409
