d_most_recent_category,total,percentage
2_professional_services,2212821.0634173434,0.8788721674260228
3_information_technology,231659.75451331658,0.09200893552598094
9_human_capital,49753.80090909091,0.019760852590189074
10_office_management,23561.649414019717,0.009358044457807147
