d_fiscal_year,total
2017-2018,2952697.7389169396
2018-2019,2348586.1336347675
2019-2020,4400675.133190198
2020-2021,7536402.342499094
