d_fiscal_year,total
2017-2018,1744783.2891333264
2018-2019,1664372.8287714757
2019-2020,1344251.7679159674
2020-2021,1259493.0384595764
