d_most_recent_category,total,percentage
2_professional_services,22420631.25,0.8317474721855597
3_information_technology,3032725.21,0.11250626718764148
9_human_capital,411691.30,0.015272683187210463
10_office_management,349772.06,0.01297563942471789
11_defence,348176.32,0.012916441594978147
1_facilities_and_construction,333789.16,0.012382715313633417
8_security_and_protection,34135.60,0.001266342535039534
NA,25134.87,9.324385712194318e-4
