d_fiscal_year,total
2017-2018,5732933.538809582
2018-2019,5721471.571422906
2019-2020,4863830.184068527
2020-2021,5567174.9376442935
