d_most_recent_category,total,percentage
2_professional_services,10126214.515231002,0.500469721170046
10_office_management,8580603.703186229,0.424080720030679
3_information_technology,1071750.8362914345,0.052969334334737016
1_facilities_and_construction,408157.65103185916,0.02017244899346038
NA,25134.866129032263,0.0012422450091613775
8_security_and_protection,21559.326315789473,0.0010655304619162566
