d_fiscal_year,total
2018-2019,1405546.52
2019-2020,3452936.939755102
2020-2021,7114714.714122449
