category,total,percentage
3_information_technology,133672618.03185539,0.5525421302452519
NA,52931266.955192134,0.2187939118019833
9_human_capital,31042681.143851116,0.12831640032411154
2_professional_services,23833563.75595612,0.09851717040444079
7_travel,224428.17,9.276845248089013e-4
6_industrial_products_and_services,218384.49328767124,9.027026994035819e-4
