d_fiscal_year,total
2017-2018,25025805.1112009
2018-2019,45647037.827084176
2019-2020,50158729.94094899
2020-2021,54927298.83299172
