d_most_recent_category,total,percentage
3_information_technology,140300137.91578612,0.7982535194325946
2_professional_services,23016961.970392197,0.13095761110755436
9_human_capital,12441771.826047456,0.07078886945985104
