d_most_recent_category,total,percentage
3_information_technology,140107131.39435714,0.7774989432920116
2_professional_services,22952308.468349878,0.12736964494708833
9_human_capital,17142903.308499,0.09513141176089997
