d_fiscal_year,total
2017-2018,25078105.362321977
2018-2019,45610879.63260759
2019-2020,52399314.21432799
2020-2021,57114043.961948484
