d_fiscal_year,total
2017-2018,31744257.26684874
2018-2019,53314165.90970785
2019-2020,53017072.65754379
2020-2021,63574953.741254926
