d_most_recent_category,total,percentage
6_industrial_products_and_services,27665558.232092004,0.7373196081720902
1_facilities_and_construction,7961756.007660737,0.2121901452586846
11_defence,1820334.5363459175,0.04851405259279323
5_transportation_and_logistics,49316.1,0.0013143319655265827
2_professional_services,24834.253424657534,6.618620109054732e-4
