d_fiscal_year,total
2017-2018,6567929.889277357
2018-2019,9278750.111521803
2019-2020,10254540.46971109
2020-2021,11420578.659013068
