d_fiscal_year,total
2017-2018,6598605.06104423
2018-2019,9309425.283288676
2019-2020,10282610.352916941
2020-2021,11420578.659013068
