d_most_recent_category,total,percentage
6_industrial_products_and_services,31318925.958145093,0.5048297962095322
5_transportation_and_logistics,21984543.424920067,0.354368875605571
3_information_technology,4820657.118496287,0.07770417650907992
1_facilities_and_construction,3044286.9217131855,0.04907086367986143
11_defence,399526.18,0.006439962861412199
NA,389753.73361062433,0.00628244078910965
2_professional_services,45120.88911111111,7.273036529156954e-4
10_office_management,35770.25,5.765806925178964e-4
