d_most_recent_category,total,percentage
6_industrial_products_and_services,31662461.947459895,0.44011812693032876
5_transportation_and_logistics,22862167.833310127,0.31779128549953106
3_information_technology,8446641.99972845,0.11741096639737986
11_defence,5249741.333886007,0.07297304696560383
1_facilities_and_construction,3524986.0139647056,0.04899840841486469
10_office_management,145542.2780534063,0.0020230831990364893
2_professional_services,45120.88911111111,6.27194475084286e-4
4_medical,4164.519083969466,5.788811817109162e-5
