d_fiscal_year,total
2017-2018,15477495.95823765
2018-2019,21179539.533392325
2019-2020,15938001.318608826
2020-2021,9567684.145757567
