d_most_recent_category,total,percentage
6_industrial_products_and_services,31094016.432554346,0.5002035939605205
5_transportation_and_logistics,22049190.171586733,0.3547011751173967
3_information_technology,5247212.238749958,0.0844109163507232
1_facilities_and_construction,3045571.403543786,0.04899353433546899
11_defence,645365.5822504346,0.010381874736584884
2_professional_services,45120.88911111111,7.258512564636802e-4
10_office_management,36244.2382,5.830542428420484e-4
