d_most_recent_category,total,percentage
11_defence,41458273.84,0.4834918050411208
6_industrial_products_and_services,36301505.88,0.4233529035146006
1_facilities_and_construction,5678619.71,0.06622480478393446
5_transportation_and_logistics,1920079.78,0.02239222121875888
3_information_technology,194317.80,0.002266159514930441
10_office_management,145542.28,0.001697333058311908
2_professional_services,45120.89,5.262057027897556e-4
4_medical,4164.52,4.856716555308009e-5
