d_most_recent_category,total,percentage
5_transportation_and_logistics,153616990.0363216,0.9406211530485848
4_medical,9381476.712328767,0.057444267332426344
6_industrial_products_and_services,252517.1451020408,0.0015462024619429002
3_information_technology,63427.58683544304,3.883771570458267e-4
