d_most_recent_category,total,percentage
5_transportation_and_logistics,130967850.64913328,0.8151126118934978
11_defence,20072703.694691643,0.12492771207017321
4_medical,9381476.712328767,0.05838806965604679
6_industrial_products_and_services,252517.1451020408,0.0015716063802821217
