d_fiscal_year,total
2017-2018,38748193.42406748
2018-2019,41125276.70934135
2019-2020,41448286.12595847
2020-2021,41992655.22122057
