category,total,percentage
5_transportation_and_logistics,153438490.0269895,0.9405561819172173
4_medical,9381476.712328767,0.057507121685967756
6_industrial_products_and_services,252517.1451020408,0.001547894285351965
3_information_technology,63427.58683544304,3.888021114628637e-4
