d_most_recent_category,total,percentage
5_transportation_and_logistics,170064081.92,0.8130434718841998
11_defence,27982529.00,0.1337790571304582
4_medical,10870600.00,0.051970235371278754
6_industrial_products_and_services,252517.15,0.001207235614063291
