d_most_recent_category,total,percentage
2_professional_services,144341868.20991147,0.8983493019013409
4_medical,9381476.712328767,0.05838806965604678
1_facilities_and_construction,3511250,0.021853181099983063
11_defence,2860931.21055273,0.017805752327177668
5_transportation_and_logistics,353701.37652530783,0.00220135286194969
6_industrial_products_and_services,161893.1051020408,0.0010075840070155897
10_office_management,63427.58683544304,3.9475814648624804e-4
