d_most_recent_category,total,percentage
2_professional_services,4792986.29479815,0.963941699764995
4_medical,97293,0.01956708699480754
6_industrial_products_and_services,81998.9,0.016491213240197384
