d_most_recent_category,total,percentage
2_professional_services,6552771.85,0.9699635510673329
6_industrial_products_and_services,142384.40,0.02107622262812233
4_medical,36907.50,0.005463173540411905
1_facilities_and_construction,23625.00,0.0034970527641327988
