d_most_recent_category,d_fiscal_year,total
4_medical,2017-2018,3902145.918622848
4_medical,2018-2019,911247.9186228482
4_medical,2019-2020,913744.4882629109
4_medical,2020-2021,985833.1191760986
