d_fiscal_year,total
2017-2018,3902145.918622848
2018-2019,911247.9186228482
2019-2020,913744.4882629109
2020-2021,985833.1191760986
