d_fiscal_year,total
2017-2018,7286930.103649635
2018-2019,77131.20437956204
2019-2020,27300
