d_most_recent_category,total,percentage
10_office_management,3685128.89,0.46820599463034684
2_professional_services,3307757.32,0.42025987481984933
11_defence,806435.0180291971,0.10245983817437168
5_transportation_and_logistics,71421.42,0.00907429237543215
