d_most_recent_category,total,percentage
11_defence,4491563.908029197,0.5706658328047185
5_transportation_and_logistics,3379178.7399999998,0.4293341671952815
