d_most_recent_category,total,percentage
5_transportation_and_logistics,7818022.9399999995,0.9933018127530319
3_information_technology,52719.70802919708,0.006698187246968097
