d_fiscal_year,total
2017-2018,15276372.108494446
2018-2019,4550089.384099344
