owner_org,d_fiscal_year,total
dnd-mdn,2017-2018,15276372.108494446
dnd-mdn,2018-2019,4550089.384099344
