d_most_recent_category,d_fiscal_year,total
4_medical,2019-2020,78618.01296783626
4_medical,2020-2021,7121983.944981556
