d_most_recent_category,total,percentage
1_facilities_and_construction,13411632.841548089,0.9223478637286436
2_professional_services,1129120.5650145947,0.07765213627135635
