d_fiscal_year,total
2017-2018,2540331.0036350507
2018-2019,3326861.8871476105
2019-2020,3143312.71568085
2020-2021,5631669.672446632
