d_most_recent_category,total,percentage
1_facilities_and_construction,18862571.44,0.9183539433944745
2_professional_services,1671021.26,0.08135629674878725
7_travel,5951.54,2.897598567382744e-4
