d_most_recent_category,d_fiscal_year,total
1_facilities_and_construction,2017-2018,2387049.8047524276
1_facilities_and_construction,2018-2019,3111833.3984349803
1_facilities_and_construction,2019-2020,2743605.509904687
1_facilities_and_construction,2020-2021,5237198.959604952
2_professional_services,2017-2018,153281.19888262323
2_professional_services,2018-2019,215028.48871263035
2_professional_services,2019-2020,399707.20577616326
2_professional_services,2020-2021,394470.71284167987
