d_fiscal_year,total
2017-2018,11600664.060468722
2018-2019,2791956.441876019
2019-2020,343465.25386282505
2020-2021,327554.2200407955
