d_most_recent_category,total,percentage
6_industrial_products_and_services,12084205.72957498,0.8022102060742813
5_transportation_and_logistics,2475359.248814375,0.16432676648654676
3_information_technology,406138.041106009,0.026961480873572943
11_defence,77777.27766902815,0.00516324592141499
1_facilities_and_construction,15995.160000000002,0.0010618389728658157
4_medical,4164.519083969466,2.7646167131821286e-4
