d_most_recent_category,total,percentage
2_professional_services,10394405.811901841,0.9467703654838093
6_industrial_products_and_services,339652.20827160496,0.03093708781260801
1_facilities_and_construction,106038.1,0.009658438636026266
11_defence,52715.86,0.004801603376101153
3_information_technology,50174.850000000006,0.004570156479575007
5_transportation_and_logistics,35816.68,0.0032623482118803453
