d_fiscal_year,total
2017-2018,2803518.983034439
2018-2019,2803518.983034439
2019-2020,2811199.8569605607
2020-2021,2803518.983034439
