d_fiscal_year,total
2017-2018,1417559.217251219
2018-2019,1608637.8385121056
2019-2020,1458416.9312044985
2020-2021,1608929.1492367322
