d_most_recent_category,total,percentage
3_information_technology,2765564.391098,0.4539370679983075
10_office_management,1953238.5001828307,0.32060268085907195
9_human_capital,1371061.031761954,0.2250446334961873
2_professional_services,2532.1072992700733,4.156176464332555e-4
