d_fiscal_year,total
2017-2018,1417559.217251219
2018-2019,1608637.8385121056
2019-2020,1458415.6226086845
2020-2021,1607783.3519700458
