d_most_recent_category,total,percentage
3_information_technology,2765564.391098,0.45798489515389057
10_office_management,1953238.5001828307,0.3234615446294546
9_human_capital,1317214.351761954,0.2181342364432842
2_professional_services,2532.1072992700733,4.1932377337060956e-4
