d_most_recent_category,total,percentage
3_information_technology,2654724.7567021265,0.4356619289242707
10_office_management,1953238.5001828307,0.3205423275955393
9_human_capital,1371061.031761954,0.22500226897810027
5_transportation_and_logistics,88089.10708029199,0.014456139082189129
11_defence,23897.63317808219,0.003921796013241509
2_professional_services,2532.1072992700733,4.1553940665910015e-4
