d_most_recent_category,total,percentage
3_information_technology,2767880.0677144383,0.45426734092102133
10_office_management,1965469.5401828308,0.3225748948065448
2_professional_services,1061115.0357187584,0.17415129770608467
9_human_capital,274701.91334246576,0.04508436227984468
11_defence,23897.63317808219,0.003922104286504575
