d_most_recent_category,total,percentage
1_facilities_and_construction,3107528.69,0.7316361007114212
6_industrial_products_and_services,695221.26,0.16368279159724888
11_defence,444619.32,0.10468110769132982
