d_most_recent_category,total,percentage
1_facilities_and_construction,3541804.421279854,0.8338819150855263
6_industrial_products_and_services,695221.2591240875,0.16368279159724888
10_office_management,10343.59,0.0024352933172246366
