d_most_recent_category,total,percentage
1_facilities_and_construction,3107528.691279854,0.7316361007114212
6_industrial_products_and_services,695221.2591240875,0.16368279159724888
11_defence,444619.32000000007,0.10468110769132982
