d_fiscal_year,total
2017-2018,5159925.077963152
2018-2019,3029567.3471150347
2019-2020,2958997.936620635
2020-2021,1897828.5175156747
