d_most_recent_category,total,percentage
10_office_management,39866020.36933608,0.9918544666959376
1_facilities_and_construction,327396.8183060109,0.008145533304062353
