d_fiscal_year,total
2017-2018,4428427.588958592
2018-2019,4200344.711180814
2019-2020,7234748.115214532
2020-2021,1329184.3981775562
