d_most_recent_category,d_fiscal_year,total
1_facilities_and_construction,2017-2018,3525666.520069703
1_facilities_and_construction,2018-2019,3504347.800069703
1_facilities_and_construction,2019-2020,3393391.96911099
1_facilities_and_construction,2020-2021,1323963.4042810984
2_professional_services,2017-2018,902761.0688888889
2_professional_services,2018-2019,695996.911111111
2_professional_services,2019-2020,3841356.1461035428
2_professional_services,2020-2021,5220.993896457766
