owner_org,d_fiscal_year,total
dnd-mdn,2018-2019,1690723.8856589147
dnd-mdn,2019-2020,2821759.8643410853
