d_fiscal_year,total
2018-2019,1690723.8856589147
2019-2020,2821759.8643410853
