d_fiscal_year,total
2017-2018,199170.00559677268
2018-2019,1180.5330410958904
2019-2020,23248.360655737702
2020-2021,11281919.169344261
