d_most_recent_category,total,percentage
2_professional_services,11446596.208637867,0.9948788173076177
NA,58921.86,0.005121182692382294
