d_most_recent_category,total,percentage
2_professional_services,44440424.78,0.9986758938176011
NA,58921.86,0.0013241061823988849
