d_fiscal_year,total
2017-2018,1765474.22278481
2018-2019,793984.1772151899
2019-2020,949900
2020-2021,727500
