owner_org,d_fiscal_year,total
dnd-mdn,2017-2018,1765474.22278481
dnd-mdn,2018-2019,793984.1772151899
dnd-mdn,2019-2020,949900
dnd-mdn,2020-2021,727500
