d_fiscal_year,total
2017-2018,1925857.1999750624
2018-2019,1512482.380024938
2019-2020,2048800.9100000001
2020-2021,12800.01
