d_fiscal_year,total
2017-2018,9446214.13919841
2018-2019,7306413.812864371
2019-2020,14112822.328105154
2020-2021,33624245.78635929
