d_most_recent_category,total,percentage
3_information_technology,100240062.78,0.9850946531010863
11_defence,1364861.65,0.013412979536228444
9_human_capital,72103.30,7.085847048406124e-4
5_transportation_and_logistics,52297.92,5.139502104200219e-4
10_office_management,16521.31,1.6236079113984286e-4
1_facilities_and_construction,10935.97,1.0747165628474413e-4
