d_most_recent_category,total,percentage
2_professional_services,17406207.86710279,0.9254266154074717
5_transportation_and_logistics,1402639.4010716993,0.07457338459252817
