d_fiscal_year,total
2017-2018,707191.0045354887
2018-2019,374816.6227294686
2019-2020,334006.9274157303
2020-2021,17392832.7134938
