d_fiscal_year,total
2017-2018,4750642.107825054
2018-2019,2771162.580199745
2019-2020,2657576.1429476584
2020-2021,533012.4494949495
