d_most_recent_category,total,percentage
1_facilities_and_construction,9889104.322407706,0.9231461227659689
3_information_technology,823288.9580597015,0.07685387723403107
