d_most_recent_category,total,percentage
11_defence,6787973.55,0.7262312083723991
6_industrial_products_and_services,2533876.61,0.27109420154837016
5_transportation_and_logistics,24998.99,0.002674590079230884
