d_fiscal_year,total
2019-2020,270937.8945792816
2020-2021,1987596.8484304734
