d_most_recent_category,total,percentage
2_professional_services,1648646.56,0.4521797503975193
3_information_technology,1225434.81,0.33610406223409417
9_human_capital,395412.83,0.10845118705763312
10_office_management,156660.28,0.04296773370575762
6_industrial_products_and_services,133692.04,0.0366681584719464
1_facilities_and_construction,84456.80,0.023164246176761782
4_medical,1694.89,4.6486195628765335e-4
