d_fiscal_year,total
2017-2018,2929934.009518574
2018-2019,2906891.077076662
2019-2020,2943598.9122193377
2020-2021,3049439.493974615
