d_most_recent_category,d_fiscal_year,total
2_professional_services,2017-2018,2929934.009518574
2_professional_services,2018-2019,2906891.077076662
2_professional_services,2019-2020,2943598.9122193377
2_professional_services,2020-2021,3015168.099743846
