d_most_recent_category,total,percentage
6_industrial_products_and_services,2367405.72,0.4079103128563341
11_defence,1749150.47,0.3013832861744368
1_facilities_and_construction,1489285.07,0.25660778473597834
3_information_technology,186345.28,0.03210778817715061
4_medical,11554.25,0.001990828056100173
