d_most_recent_category,total,percentage
5_transportation_and_logistics,16381036.626698118,0.9898782847725819
11_defence,129705.38082191782,0.007837876370077703
6_industrial_products_and_services,37794.189999999995,0.002283838857340375
