d_most_recent_category,total,percentage
11_defence,16510742.007520037,0.9977161611426597
2_professional_services,37794.189999999995,0.002283838857340375
