category,total,percentage
5_transportation_and_logistics,13986472.098709892,0.5325012358719245
NA,12241348.054528689,0.46605984137888307
6_industrial_products_and_services,37794.189999999995,0.0014389227491923924
