d_most_recent_category,total,percentage
3_information_technology,30798432.9866278,0.8849692852069002
2_professional_services,3906489.6415421143,0.11224997542065579
9_human_capital,96774.44929116685,0.0027807393724440443
