d_most_recent_category,total,percentage
3_information_technology,38879992.85,0.8836076099065725
2_professional_services,5024656.43,0.11419304195638631
1_facilities_and_construction,96774.45,0.002199348137041205
