d_most_recent_category,total,percentage
3_information_technology,23050120.117049683,0.6717572083092693
10_office_management,7337299.509578115,0.21383332538199554
2_professional_services,3828977.1590634063,0.1115891368023645
1_facilities_and_construction,96774.44929116685,0.002820329506370575
