d_most_recent_category,total,percentage
3_information_technology,30236360.64,0.8830849297873854
2_professional_services,3906335.68,0.11408866994610123
1_facilities_and_construction,96774.45,0.002826400266513408
