d_fiscal_year,total
2017-2018,4918920.284695475
2018-2019,7917213.224996618
2019-2020,11038424.616190568
2020-2021,10443154.659738097
