d_fiscal_year,total
2017-2018,4918920.284695475
2018-2019,8089579.770878971
2019-2020,11288766.504257794
2020-2021,10508818.105788518
