d_most_recent_category,total,percentage
NA,18299899.48572388,0.5268869734706
3_information_technology,12521339.292648308,0.36051184701034455
2_professional_services,3910877.2297017956,0.11260117951905536
