d_most_recent_category,total,percentage
NA,18299899.48572388,0.5332493922319789
3_information_technology,12106936.070195084,0.35278971375003565
2_professional_services,3910877.2297017956,0.11396089401798558
