d_most_recent_category,total,percentage
3_information_technology,4566375.513665839,0.8273563901276874
2_professional_services,952860.8978171287,0.17264360987231273
