d_most_recent_category,total,percentage
10_office_management,3729693.189986604,0.6757625352352808
2_professional_services,1206949.1163963636,0.2186804525867497
3_information_technology,582594.1051,0.10555701217796946
