owner_org,d_fiscal_year,total
csc-scc,2017-2018,1594719.68760403
csc-scc,2018-2019,1594719.68760403
csc-scc,2019-2020,2110106.428402985
csc-scc,2020-2021,2011094.1062452884
