d_most_recent_category,total,percentage
4_medical,6655349.15,0.9103647878582983
10_office_management,655290.76,0.08963521214170175
