d_most_recent_category,total,percentage
4_medical,6655349.150644769,0.9103647878582983
10_office_management,655290.7592115637,0.08963521214170175
