d_most_recent_category,d_fiscal_year,total
10_office_management,2017-2018,187006.35427069644
10_office_management,2018-2019,187006.35427069644
10_office_management,2019-2020,187518.70044678054
10_office_management,2020-2021,93759.35022339027
4_medical,2017-2018,1407713.3333333333
4_medical,2018-2019,1407713.3333333333
4_medical,2019-2020,1922587.7279562047
4_medical,2020-2021,1917334.756021898
