d_most_recent_category,d_fiscal_year,total
9_human_capital,2017-2018,1452184.1634505622
9_human_capital,2018-2019,3094184.1634505624
9_human_capital,2019-2020,1456162.750199742
9_human_capital,2020-2021,1452184.1634505622
