owner_org,d_fiscal_year,total
cic,2018-2019,1869134.5479452056
cic,2019-2020,8584335.778141752
cic,2020-2021,9858451.630434783
dnd-mdn,2019-2020,24860
