owner_org,d_fiscal_year,total
pc,2019-2020,10995401.222396694
pc,2020-2021,12198545.429102715
