d_fiscal_year,total
2017-2018,1366461.6540758784
2018-2019,8354837.260535989
2019-2020,9770844.028183097
2020-2021,11856890.03930708
