d_most_recent_category,total,percentage
5_transportation_and_logistics,13602990.67883182,0.7059846475131527
11_defence,5665120.5,0.2940153524868473
