d_most_recent_category,d_fiscal_year,total
11_defence,2017-2018,4467908.429889962
11_defence,2018-2019,2551131.051043995
11_defence,2019-2020,6122610.026004465
11_defence,2020-2021,6126461.671893397
