d_most_recent_category,total,percentage
2_professional_services,3201558.1541711953,0.5051562484405314
9_human_capital,1700866.6047812242,0.26837038460464696
3_information_technology,1435333.4377535102,0.22647336695482156
