d_most_recent_category,total,percentage
2_professional_services,3201558.15,0.5051562484405314
9_human_capital,1700866.60,0.26837038460464696
3_information_technology,1435333.44,0.22647336695482156
