d_fiscal_year,total
2017-2018,1012269.8211255466
2018-2019,1483045.2769288104
2019-2020,2080426.9219384913
2020-2021,1420318.0456828987
