d_fiscal_year,total
2017-2018,1460269.748127413
2018-2019,1921805.6639306769
2019-2020,2351252.3070826996
2020-2021,1479762.303135325
