d_most_recent_category,total,percentage
11_defence,68585253.83,0.9729357031382213
1_facilities_and_construction,1067488.17,0.015143158251866972
6_industrial_products_and_services,840358.02,0.011921138609911619
