d_most_recent_category,total,percentage
11_defence,68939296.02225882,0.9779580697231831
1_facilities_and_construction,1067488.1692349727,0.015143158251866972
6_industrial_products_and_services,486315.8263551402,0.006898772024950024
