d_most_recent_category,total,percentage
5_transportation_and_logistics,250784368.36988848,0.7827247426976868
11_defence,67524855.4422588,0.2107522707467384
6_industrial_products_and_services,1710576.5955901127,0.005338891870936555
1_facilities_and_construction,197269.59000000003,6.156994157111422e-4
3_information_technology,182113.37999999998,5.683952689270616e-4
