d_fiscal_year,total
2017-2018,240706272.16667712
2018-2019,152492236.81061485
2019-2020,125406285.42784436
2020-2021,125076334.35798383
