d_most_recent_category,total,percentage
11_defence,67524855.4422588,0.9578931189742179
1_facilities_and_construction,1067488.1692349727,0.015143158251866972
5_transportation_and_logistics,878285.01,0.012459162808524769
6_industrial_products_and_services,840358.0163551403,0.011921138609911619
3_information_technology,182113.37999999998,0.0025834213554786025
