d_most_recent_category,total,percentage
11_defence,68585253.83,0.9697726213764735
6_industrial_products_and_services,1070283.50,0.01513345183426003
1_facilities_and_construction,1067488.17,0.015093926789266469
