d_fiscal_year,total
2017-2018,178272514.17464477
2018-2019,90058478.81858246
2019-2020,62801476.044052996
2020-2021,62642576.365951456
