d_fiscal_year,total
2017-2018,55509010.98278756
2018-2019,14511255.105263118
2019-2020,264015.55587915925
2020-2021,208818.37391908662
