d_fiscal_year,total
2017-2018,117942768.97481993
2018-2019,76881318.79291302
2019-2020,62801476.044052996
2020-2021,62642576.365951456
