owner_org,d_fiscal_year,total
dnd-mdn,2017-2018,178272514.17464477
dnd-mdn,2018-2019,90058478.81858246
dnd-mdn,2019-2020,62801476.044052996
dnd-mdn,2020-2021,62642576.365951456
