owner_org,d_fiscal_year,total
dnd-mdn,2017-2018,117942768.97481993
dnd-mdn,2018-2019,76945013.0972955
dnd-mdn,2019-2020,62868824.939670525
dnd-mdn,2020-2021,62642576.365951456
