owner_org,d_fiscal_year,total
dnd-mdn,2017-2018,55509010.98278756
dnd-mdn,2018-2019,14511255.105263118
dnd-mdn,2019-2020,264015.55587915925
dnd-mdn,2020-2021,208818.37391908662
