d_fiscal_year,total
2017-2018,1628734.186978296
2018-2019,1088217.7558551838
2019-2020,896147.9085702501
2020-2021,533665.3225806451
