d_fiscal_year,total
2017-2018,1937142.8077458183
2018-2019,1946015.1087554994
2019-2020,1279719.21
2020-2021,1979857.5200402138
