d_most_recent_category,total,percentage
5_transportation_and_logistics,7601361.026784436,0.8942024138434843
1_facilities_and_construction,760944.3841860465,0.08951532531374172
2_professional_services,138410.87999999998,0.01628226084277403
