d_fiscal_year,total
2017-2018,4098032.7004991677
2018-2019,6338059.049500831
