d_most_recent_category,total,percentage
11_defence,4702694.921967213,0.732153417502407
1_facilities_and_construction,1241958.1759882253,0.1933580506567197
6_industrial_products_and_services,478447.32,0.07448853184087326
