d_most_recent_category,total,percentage
11_defence,5664614.925760317,0.8819128702900525
6_industrial_products_and_services,648105.98,0.10090235833589864
1_facilities_and_construction,69699.51219512195,0.01085138136721024
5_transportation_and_logistics,40680,0.00633339000683863
