d_most_recent_category,total,percentage
11_defence,9502635.520066531,0.9300902443152003
5_transportation_and_logistics,371950.55,0.0364054348072324
6_industrial_products_and_services,265678.75,0.026003861031505388
9_human_capital,56686.880000000005,0.005548346451606017
3_information_technology,19944.54,0.0019521133944559001
