d_fiscal_year,total
2017-2018,3622904.4666290306
2018-2019,2451696.1734375
2019-2020,3731832.254535519
2020-2021,410463.34546448087
