d_fiscal_year,total
2017-2018,1195967.3278923768
2018-2019,1195967.3278923768
2019-2020,1199243.9507085201
2020-2021,720857.0195515695
