d_most_recent_category,d_fiscal_year,total
2_professional_services,2017-2018,666058.3297749391
2_professional_services,2018-2019,807700.822772138
2_professional_services,2019-2020,1403030.964488327
2_professional_services,2020-2021,1426313.7298471907
3_information_technology,2017-2018,748777.3176557025
3_information_technology,2018-2019,1284836.0326800474
3_information_technology,2019-2020,841388.9471032746
3_information_technology,2020-2021,742353.7409165772
