d_most_recent_category,total,percentage
2_professional_services,4303103.846882595,0.5369043797073536
10_office_management,2942802.2974390243,0.3671776230203033
3_information_technology,768749.741383867,0.09591799727234306
