d_most_recent_category,total,percentage
2_professional_services,4303103.846882595,0.543289645958883
3_information_technology,3617356.038355602,0.45671035404111704
