d_fiscal_year,total
2017-2018,1414835.6474306416
2018-2019,2092536.8554521855
2019-2020,2219424.8673293064
2020-2021,2063638.265493353
