d_most_recent_category,total,percentage
1_facilities_and_construction,20972834.863451198,0.8596341844373627
2_professional_services,2669290.9036964476,0.10940884834905791
11_defence,393701.0410813237,0.01613701130846516
6_industrial_products_and_services,216277.52,0.008864779164467292
3_information_technology,126126,0.00516965025721398
10_office_management,19164.8,7.855264834328726e-4
