d_most_recent_category,total,percentage
1_facilities_and_construction,18162588.103613164,0.8413611558906874
2_professional_services,2669290.9036964476,0.12365185332236688
5_transportation_and_logistics,328436.4520503547,0.015214443633104825
6_industrial_products_and_services,275761.86,0.012774353300123019
3_information_technology,131906.24903096902,0.006110406376050727
10_office_management,19164.8,8.87787477667135e-4
