d_fiscal_year,total
2017-2018,2366280.4778550547
2018-2019,5545708.213810118
2019-2020,5729420.568883241
2020-2021,7945739.107842522
