d_most_recent_category,total,percentage
1_facilities_and_construction,9602520.314717242,0.9937230212045017
10_office_management,26704.1,0.002763491048269501
5_transportation_and_logistics,17224.7,0.0017825092124103671
2_professional_services,16726.75,0.0017309785348183194
