d_most_recent_category,total,percentage
4_medical,7412039.8,0.8233185607311688
6_industrial_products_and_services,1590599.219114971,0.17668143926883112
