d_most_recent_category,total,percentage
4_medical,11118059.70,0.7546030770207357
6_industrial_products_and_services,3488583.38,0.23677654403010398
1_facilities_and_construction,127009.67,0.008620378949160368
