d_most_recent_category,total,percentage
6_industrial_products_and_services,20648427.354717236,0.6737055806485732
NA,10000609.773399014,0.32629441935142683
