category,total,percentage
6_industrial_products_and_services,22954202.422109433,0.696535676972784
NA,10000609.773399014,0.30346432302721604
