d_fiscal_year,total
2017-2018,5645965.388675411
2018-2019,10803509.35469148
2019-2020,6638779.049388694
2020-2021,7449824.74910087
