d_fiscal_year,total
2017-2018,5729426.725571756
2018-2019,10803509.35469148
2019-2020,6652219.581640576
2020-2021,7463881.466212438
