d_most_recent_category,d_fiscal_year,total
11_defence,2017-2018,2498441.18226601
11_defence,2018-2019,2498441.18226601
11_defence,2019-2020,2505286.226600985
11_defence,2020-2021,2512409.22226601
6_industrial_products_and_services,2017-2018,3147524.2064094017
6_industrial_products_and_services,2018-2019,8305068.17242547
6_industrial_products_and_services,2019-2020,4133492.8227877086
6_industrial_products_and_services,2020-2021,4937415.52683486
