d_most_recent_category,total,percentage
3_information_technology,20196188.93,0.8069710047793335
11_defence,3256780.26,0.13012986003880245
6_industrial_products_and_services,705070.27,0.02817220943012614
1_facilities_and_construction,540000.00,0.021576562988917563
10_office_management,226299.22,0.009042146811396208
2_professional_services,70704.10,0.0028250953096754195
9_human_capital,16407.60,6.555918794388219e-4
NA,15705.26,6.275287623098658e-4
