d_most_recent_category,total,percentage
3_information_technology,23420907.53813999,0.9359223208303902
6_industrial_products_and_services,705070.27,0.02817529604146655
1_facilities_and_construction,540000,0.021578926966232655
10_office_management,226299.2155266758,0.009043137489566444
2_professional_services,70704.1,0.002825404833542982
5_transportation_and_logistics,29319.920000000002,0.0011716526154366372
9_human_capital,16407.6,6.556637075762201e-4
NA,15705.260000000002,6.275975157883242e-4
