d_most_recent_category,total,percentage
1_facilities_and_construction,42239480.563285165,0.8289980587246851
5_transportation_and_logistics,7889678.58,0.1548439549814635
3_information_technology,823288.9580597015,0.016157986293851328
