d_fiscal_year,total
2017-2018,25562004.024911303
2018-2019,3993552.7801997447
2019-2020,5289110.320059993
2020-2021,16107780.976173824
