d_fiscal_year,total
2017-2018,25563971.7732108
2018-2019,3996788.0420435145
2019-2020,5292354.445634842
2020-2021,16111016.238017593
