d_fiscal_year,total
2017-2018,2449800.829737542
2018-2019,2154125.922443663
2019-2020,1648397.6232896731
2020-2021,1811003.738387376
