owner_org,d_fiscal_year,total
dnd-mdn,2018-2019,1289137.554585153
dnd-mdn,2019-2020,2257532.7510917033
dnd-mdn,2020-2021,2361710.4688209607
