d_fiscal_year,total
2018-2019,1289137.554585153
2019-2020,2257532.7510917033
2020-2021,2251364.628820961
