d_most_recent_category,total,percentage
6_industrial_products_and_services,4979372.76,0.8734014372434236
11_defence,587601.84,0.10306765854008071
10_office_management,121572.00,0.021324203790843634
1_facilities_and_construction,12580.68,0.0022067004256522116
