d_fiscal_year,total
2017-2018,942143.9163178295
2018-2019,1323781.9679596745
2019-2020,1151461.9636391625
2020-2021,1042335.0223214285
