d_most_recent_category,total,percentage
6_industrial_products_and_services,3967190.140238095,0.8895597900741969
5_transportation_and_logistics,358380.05000000005,0.08035926456140241
10_office_management,134152.68,0.030080945364400605
