d_most_recent_category,total,percentage
6_industrial_products_and_services,3744996.0702380952,0.9029822746161109
5_transportation_and_logistics,280795.81,0.06770464760470447
10_office_management,121572,0.029313077779184567
