d_fiscal_year,total
2017-2018,14400440.012062382
2018-2019,15925966.351135276
2019-2020,11468854.358971134
2020-2021,9727254.537697835
