d_fiscal_year,total
2017-2018,14170329.424553826
2018-2019,15695855.763626719
2019-2020,11275939.729443412
2020-2021,9727254.537697835
