owner_org,d_fiscal_year,total
cbsa-asfc,2017-2018,8455498.55626327
cbsa-asfc,2018-2019,9099060.153603172
cbsa-asfc,2019-2020,7598178.858916256
cbsa-asfc,2020-2021,7577418.807389162
dfatd-maecd,2017-2018,5932014.255799112
dfatd-maecd,2018-2019,6896163.424366238
dfatd-maecd,2019-2020,4755985.727515943
dfatd-maecd,2020-2021,52340.2454174448
jus,2017-2018,12927.2
phac-aspc,2020-2021,2912943.4782608696
