d_most_recent_category,total,percentage
8_security_and_protection,33885688.50,0.4558749614992644
1_facilities_and_construction,23464206.20,0.3156714403937583
4_medical,16922693.60,0.22766638766599065
2_professional_services,23694.88,3.1877476849088927e-4
6_industrial_products_and_services,19711.39,2.651836086058942e-4
10_office_management,15107.95,2.0325206388983316e-4
