category,total,percentage
4_medical,31027769.058507018,0.5922357007935701
8_security_and_protection,21304629.69234421,0.40664742193359915
2_professional_services,23694.88,4.5227079767025895e-4
6_industrial_products_and_services,19711.39,3.762368105890203e-4
10_office_management,15107.949999999997,2.883696645715187e-4
