d_most_recent_category,d_fiscal_year,total
4_medical,2017-2018,1510995.1148508997
4_medical,2018-2019,1510995.1148508997
4_medical,2019-2020,1515134.827494327
4_medical,2020-2021,1510995.1148508997
