d_most_recent_category,total,percentage
6_industrial_products_and_services,28003329.992105015,0.7949803806328011
2_professional_services,7021492.466284693,0.19933160645648465
3_information_technology,141815,0.004025954867197063
9_human_capital,42640.9,0.0012105231385725293
1_facilities_and_construction,15905.4,4.515349049445839e-4
