d_most_recent_category,total,percentage
6_industrial_products_and_services,25541037.816526778,0.725078909217715
3_information_technology,9282532.731862929,0.2635197816293031
2_professional_services,343066.91,0.009739251109464846
9_human_capital,42640.9,0.0012105231385725298
1_facilities_and_construction,15905.4,4.51534904944584e-4
