d_fiscal_year,total
2017-2018,9687174.981639061
2018-2019,9552945.340130826
2019-2020,9349016.393854845
2020-2021,6600077.482764972
