d_most_recent_category,total,percentage
6_industrial_products_and_services,4828229.848475842,0.754584418853255
3_information_technology,1570298.5704031517,0.24541558114674503
