d_most_recent_category,total,percentage
6_industrial_products_and_services,25541037.816526778,0.7258200672663944
3_information_technology,9246563.171862928,0.2627669694393477
2_professional_services,343066.91,0.009749206335380432
9_human_capital,42640.9,0.0012117605059209105
1_facilities_and_construction,15905.4,4.519964529565382e-4
