d_most_recent_category,total,percentage
1_facilities_and_construction,32104658.795747265,0.9722899555833093
2_professional_services,914975.5338973383,0.02771004441669074
