d_fiscal_year,total
2017-2018,9664932.573421342
2018-2019,9342476.956236068
2019-2020,10367786.32805263
2020-2021,5754617.590571289
