d_fiscal_year,total
2017-2018,9664932.573421342
2018-2019,9342476.956236068
2019-2020,9162988.247302422
2020-2021,4185172.0488301143
