d_most_recent_category,total,percentage
1_facilities_and_construction,34214837.91438399,0.9739544437022308
2_professional_services,914975.5338973383,0.026045556297769123
