d_most_recent_category,total,percentage
1_facilities_and_construction,31440594.291892607,0.971721235669043
2_professional_services,914975.5338973383,0.028278764330957034
