d_most_recent_category,total,percentage
2_professional_services,22863533.29916676,0.42963410096659577
1_facilities_and_construction,19681889.902414024,0.3698470819405389
3_information_technology,8239891.917835019,0.1548377720039441
6_industrial_products_and_services,950465.8776316559,0.01786043073450003
5_transportation_and_logistics,932756.125925926,0.017527642571232623
9_human_capital,345107.2100556864,0.006484991798479743
4_medical,89901.44361424849,0.0016893594440284692
10_office_management,66438.75087719299,0.0012484663953277382
NA,46306.37613010904,8.701541453527427e-4
