d_most_recent_category,total,percentage
2_professional_services,22777841.19447362,0.42874729210733337
1_facilities_and_construction,19677786.859309334,0.37039497108448927
3_information_technology,8239891.917835019,0.15509948097653803
6_industrial_products_and_services,950465.8776316559,0.017890618684876198
5_transportation_and_logistics,932756.125925926,0.017557268038390562
9_human_capital,345107.2100556864,0.006495952822517322
4_medical,89901.44361424849,0.0016922148230404284
10_office_management,66438.75087719299,0.0012505765707288086
NA,46306.37613010904,8.716248920861227e-4
