d_fiscal_year,total
2017-2018,19422519.688675765
2018-2019,16505255.838114977
2019-2020,13145535.805487284
2020-2021,10871590.50124792
