d_fiscal_year,total
2017-2018,14906348.639378892
2018-2019,15131629.270560706
2019-2020,12244383.98405834
2020-2021,10844133.861854851
