d_most_recent_category,total,percentage
2_professional_services,30545160.68,0.45913180606499554
1_facilities_and_construction,28455087.96,0.4277154099867658
3_information_technology,5300773.99,0.07967723471209849
11_defence,957480.53,0.014392124752692798
6_industrial_products_and_services,535596.19,0.008050677785273573
9_human_capital,385785.84,0.005798841664262734
4_medical,235456.56,0.0035392053620006657
10_office_management,66438.75,9.986571686280063e-4
NA,46306.38,6.960425032824155e-4
