d_fiscal_year,total
2017-2018,14993238.832658604
2018-2019,15132827.359147277
2019-2020,12245585.355079394
2020-2021,10844639.356765348
