d_fiscal_year,total
2017-2018,1125959.4228583856
2018-2019,2454573.9365648413
2019-2020,2925743.67298502
2020-2021,4183226.599666984
