d_most_recent_category,total,percentage
2_professional_services,5217950.964426105,0.4881378166867329
3_information_technology,4757403.861803257,0.4450537672795259
10_office_management,369096.6419133732,0.03452888502753778
9_human_capital,327254.6639324965,0.030614579983913075
6_industrial_products_and_services,17797.5,0.0016649510222903439
