d_fiscal_year,total
2017-2018,1125959.4228583856
2018-2019,2454573.9365648413
2019-2020,2965460.289831581
2020-2021,4239201.816723363
