category,total,percentage
2_professional_services,5313642.798329044,0.49267932278936394
3_information_technology,4882439.941803257,0.4526983268133509
10_office_management,369096.6419133732,0.03422252689602948
9_human_capital,202218.5839324965,0.018749644785798616
6_industrial_products_and_services,17797.5,0.001650178715456952
