d_most_recent_category,total,percentage
1_facilities_and_construction,10222552.382280083,0.841639079125903
2_professional_services,1758006.738961008,0.14473950512017394
3_information_technology,130298.8,0.010727708496099693
8_security_and_protection,23940,0.001971018469829551
10_office_management,11206.982543640897,9.226887879938833e-4
