d_fiscal_year,total
2017-2018,859692.2502135226
2018-2019,3515821.0292503415
2019-2020,4077332.2957707774
2020-2021,3901185.3819570295
