d_most_recent_category,total,percentage
1_facilities_and_construction,10287486.87784372,0.8424811999634285
2_professional_services,1758006.738961008,0.14396981931257666
3_information_technology,130298.8,0.010670661424046813
8_security_and_protection,23940,0.0019605371230715916
10_office_management,11206.982543640897,9.177821768764943e-4
