d_most_recent_category,total,percentage
1_facilities_and_construction,10430578.435687022,0.8443056741423377
2_professional_services,1758006.738961008,0.14230227729335718
3_information_technology,130298.8,0.010547067629302723
8_security_and_protection,23940,0.0019378290440549505
10_office_management,11206.982543640897,9.071518909475421e-4
