d_fiscal_year,total
2018-2019,6678879.029740633
2019-2020,7452651.6002593655
