owner_org,d_fiscal_year,total
pwgsc-tpsgc,2018-2019,6678879.029740633
pwgsc-tpsgc,2019-2020,7452651.6002593655
