d_fiscal_year,total
2017-2018,1918138.5681288794
2018-2019,2387267.8248513187
2019-2020,2010620.0434578108
2020-2021,3075109.313052642
