d_most_recent_category,total,percentage
2_professional_services,9335040.73949065,0.9940268129972414
10_office_management,56095.01,0.005973187002758686
