d_fiscal_year,total
2017-2018,2068636.598575881
2018-2019,1748109.2013682253
2019-2020,2103768.930007267
2020-2021,2439191.702605915
