d_most_recent_category,total,percentage
2_professional_services,8144875.139063075,0.9743015744359704
9_human_capital,171608.79349421235,0.020528088501514056
3_information_technology,43222.5,0.005170337062515479
