d_fiscal_year,total
2017-2018,1041707.7333866644
2018-2019,1309017.9594213197
2019-2020,1510055.4465793448
2020-2021,2067888.3461574633
