d_most_recent_category,total,percentage
2_professional_services,5645470.415544792,0.952232272234016
10_office_management,159583.27,0.02691721479652288
3_information_technology,83616,0.014103670343552036
9_human_capital,39999.8,0.0067468426259090705
