d_most_recent_category,total,percentage
2_professional_services,58080355.09,0.7216244818884684
1_facilities_and_construction,22123873.70,0.27488001532112305
5_transportation_and_logistics,198833.30,0.0024704218296429997
11_defence,82504.22,0.0010250809607656984
3_information_technology,0.00,0
