category,total,percentage
2_professional_services,50963370.01066147,0.7386405951215541
1_facilities_and_construction,17563975.64492544,0.25456451212614434
NA,239237.24652617404,0.0034673990772660364
5_transportation_and_logistics,198833.3,0.00288180210632182
10_office_management,30751.009999999995,4.4569156871370814e-4
