d_fiscal_year,total
2017-2018,17507214.94940437
2018-2019,15124320.317125557
2019-2020,24371929.68212828
2020-2021,11910845.303454863
