d_fiscal_year,total
2017-2018,17507214.94940437
2018-2019,15124320.317125557
2019-2020,24551169.774049822
2020-2021,12020032.051533319
