d_most_recent_category,total,percentage
2_professional_services,50949415.66469655,0.7392332071866196
1_facilities_and_construction,17691225.925768815,0.2566848217894482
5_transportation_and_logistics,198833.3,0.002884904098249479
3_information_technology,74635.36918869644,0.001082896488902177
11_defence,7868.852459016393,1.1417043678064431e-4
