d_fiscal_year,total
2017-2018,2485090.1745186807
2018-2019,3846654.6227413625
2019-2020,5873875.845203994
2020-2021,8470345.692749983
