d_most_recent_category,total,percentage
11_defence,25238007.90,0.9872410602920344
6_industrial_products_and_services,262045.50,0.010250495136532844
10_office_management,64126.33,0.0025084445714327577
