d_most_recent_category,total,percentage
5_transportation_and_logistics,12768152.140114734,0.5957815704667758
11_defence,8336604.367230433,0.38899875156281605
6_industrial_products_and_services,326171.8278688525,0.015219677970408144
