d_fiscal_year,total
2017-2018,1903147.7271064548
2018-2019,1969304.6477040097
2019-2020,2055474.8444047945
2020-2021,2445665.1726879026
