d_most_recent_category,total,percentage
2_professional_services,7217884.640796701,0.8619818475730954
9_human_capital,958144.7123287672,0.11442457042156058
3_information_technology,197563.0387776929,0.023593582005344126
