d_most_recent_category,total,percentage
10_office_management,22156937.273289997,0.8777882576722068
3_information_technology,2363496.94,0.09363432478897547
1_facilities_and_construction,352310.76,0.013957445668827813
2_professional_services,173888.97,0.006888934789228207
7_travel,96529.08,0.0038241789423687582
5_transportation_and_logistics,57932.840000000004,0.0022951171481134856
6_industrial_products_and_services,40683.21,0.001611740990279469
