d_fiscal_year,total
2017-2018,4469623.631930881
2018-2019,7874827.791174606
2019-2020,6955669.235514352
2020-2021,5918189.444670156
