d_most_recent_category,total,percentage
10_office_management,22133468.303289995,0.8776745234964197
3_information_technology,2363496.94,0.09372146390140776
1_facilities_and_construction,341550.5,0.013543750497200887
2_professional_services,173888.97,0.006895345853381125
7_travel,96529.08,0.0038277378462170135
5_transportation_and_logistics,57932.840000000004,0.002297253057905813
6_industrial_products_and_services,51443.47,0.0020399253474676186
