d_most_recent_category,total,percentage
2_professional_services,5323203.49,0.8250718696071819
11_defence,658126.29,0.10200652471811004
10_office_management,470476.04,0.07292160567470803
