d_most_recent_category,total,percentage
2_professional_services,5126152.111428572,0.819560889149434
5_transportation_and_logistics,658126.2899999999,0.1052201643026749
10_office_management,470476.04000000004,0.07521894654789107
