owner_org,d_fiscal_year,total
dnd-mdn,2017-2018,2281123.2014285713
dnd-mdn,2018-2019,2020583.6400000001
dnd-mdn,2019-2020,1199793.48
dnd-mdn,2020-2021,753254.12
