d_most_recent_category,total,percentage
2_professional_services,4588441.661428572,0.7395136827810501
10_office_management,816725.78,0.13163072213976496
11_defence,658126.2899999999,0.10606943105415916
1_facilities_and_construction,141380.73,0.022786164025025795
