owner_org,d_fiscal_year,total
dnd-mdn,2017-2018,4598453.852857143
dnd-mdn,2018-2019,1892700.3171428572
