d_fiscal_year,total
2017-2018,7855557.566513109
2018-2019,2021962.7193240232
2019-2020,436866.8347679308
2020-2021,2040870.6977011494
