d_most_recent_category,total,percentage
5_transportation_and_logistics,72143770.46148936,0.9993074194673532
11_defence,50000,6.925805326468122e-4
