category,total,percentage
2_professional_services,67013720,0.9511736367480128
5_transportation_and_logistics,3439998.8699999996,0.048826363251987116
