d_fiscal_year,total
2017-2018,6667808.813046719
2018-2019,8265526.404777926
2019-2020,11429887.840682745
2020-2021,5658740.482796352
