d_most_recent_category,total,percentage
1_facilities_and_construction,31836693.746462982,0.9948074955961554
2_professional_services,166175.0370942813,0.005192504403844579
