d_most_recent_category,total,percentage
1_facilities_and_construction,31781940.24420946,0.9947985965484628
2_professional_services,166175.0370942813,0.005201403451537189
