d_most_recent_category,total,percentage
1_facilities_and_construction,35319633.81399946,0.9953171410635844
2_professional_services,166175.0370942813,0.004682858936415633
