d_fiscal_year,total
2017-2018,6574865.79530024
2018-2019,8968139.224978788
2019-2020,16021964.486995513
2020-2021,9109071.296282722
