d_fiscal_year,total
2017-2018,5660590.046461031
2018-2019,5179864.609847663
2019-2020,3850799.843564389
2020-2021,487983.8013659217
