d_most_recent_category,total,percentage
2_professional_services,12355819.940155435,0.9968911818895844
3_information_technology,38531.78511036676,0.0031088181104155675
