d_fiscal_year,total
2017-2018,3780545.455512126
2018-2019,4311122.624823365
2019-2020,3814699.843564389
2020-2021,487983.8013659217
