d_most_recent_category,total,percentage
5_transportation_and_logistics,140645709.36239538,0.42909167904225026
NA,93432440.12497354,0.28505016464411687
1_facilities_and_construction,33577042.42661315,0.10243916844263502
6_industrial_products_and_services,32147304.26898893,0.09807722416842328
3_information_technology,26172932.987833478,0.07985019814769055
2_professional_services,1778302.2279885057,0.005425367700951575
9_human_capital,21698.03,6.619785393253143e-5
