owner_org,d_fiscal_year,total
ic,2017-2018,2929934.009518574
ic,2018-2019,2897705.65984
ic,2019-2020,2905644.5794559997
ic,2020-2021,2897705.65984
