d_fiscal_year,total
2017-2018,2929934.009518574
2018-2019,2897705.65984
2019-2020,2905644.5794559997
2020-2021,2897705.65984
