d_fiscal_year,total
2017-2018,1597786.4
2018-2019,4899599.08
2019-2020,2083406.3525443787
2020-2021,70295.91242704987
