d_most_recent_category,total,percentage
5_transportation_and_logistics,11340057.718428323,0.535727530868978
11_defence,9706299.969169155,0.45854547176655047
6_industrial_products_and_services,121226.7,0.005726997364471555
