d_fiscal_year,total
2017-2018,4953175.656285748
2018-2019,7835532.712243652
2019-2020,4066210.481188986
2020-2021,6466574.421640386
