d_most_recent_category,total,percentage
3_information_technology,23208836.674858842,0.9895075706037199
6_industrial_products_and_services,149426.0134648582,0.0063707704802274355
2_professional_services,51800.64953424658,0.0022085180569111312
8_security_and_protection,23059.496284153007,9.831404506454662e-4
10_office_management,21813.1,9.300004084960143e-4
