d_fiscal_year,total
2017-2018,5024961.226567438
2018-2019,7875515.860717122
2019-2020,4087884.425217155
2020-2021,6466574.421640386
