d_most_recent_category,total,percentage
3_information_technology,23075394.012075514,0.9894475342372053
6_industrial_products_and_services,149426.0134648582,0.006407223230785524
2_professional_services,51800.64953424658,0.0022211549205497566
8_security_and_protection,23059.496284153007,9.887658571362784e-4
10_office_management,21813.1,9.353217543230288e-4
