d_most_recent_category,total,percentage
3_information_technology,19306820.35,0.8239091468727995
11_defence,3613328.32,0.15419702449935954
10_office_management,327190.90,0.013962712189592136
6_industrial_products_and_services,110991.22,0.00473649620796142
2_professional_services,51800.65,0.0022105674673086524
8_security_and_protection,23059.50,9.8405276297883e-4
