d_fiscal_year,total
2018-2019,1694362.7825961537
2019-2020,6186072.10326923
2020-2021,6123192.2341346145
