d_most_recent_category,total,percentage
4_medical,10515025.00,0.5135890602349648
6_industrial_products_and_services,9157498.98,0.4472829397173305
11_defence,517711.36,0.02528675796236199
10_office_management,283380.27,0.013841242085342698
