d_fiscal_year,total
2017-2018,2743557.9019526867
2018-2019,2005987.8483842479
2019-2020,4626416.856376579
2020-2021,4859490.876220648
