d_most_recent_category,total,percentage
6_industrial_products_and_services,7777308.458835802,0.546333734163049
4_medical,6174764.75409836,0.43375961022252163
10_office_management,283380.27,0.01990665561442941
