d_fiscal_year,total
2017-2018,348591.5093411996
2018-2019,1371497.1376833976
2019-2020,4325389.969547018
2020-2021,879064.2127695847
