d_most_recent_category,total,percentage
11_defence,5344497.7693412,0.7718195844922913
2_professional_services,1580045.06,0.22818041550770876
