d_fiscal_year,total
2017-2018,267366.6403269755
2018-2019,4739919.759513562
2019-2020,1737372.8285907507
2020-2021,1691003.231895687
