d_most_recent_category,total,percentage
6_industrial_products_and_services,8422966.82,0.9843246424886387
11_defence,95340,0.01114162187983863
1_facilities_and_construction,38795.64032697548,0.00453373563152276
