owner_org,d_fiscal_year,total
dfo-mpo,2018-2019,1692590.58
dfo-mpo,2019-2020,6885482.860059524
dfo-mpo,2020-2021,2781458.049940476
