owner_org,d_fiscal_year,total
pwgsc-tpsgc,2017-2018,14005412.886725396
pwgsc-tpsgc,2018-2019,15165196.011208184
pwgsc-tpsgc,2020-2021,907796.4400000001
