d_fiscal_year,total
2017-2018,14005412.886725396
2018-2019,15165196.011208184
2020-2021,907796.4400000001
