d_fiscal_year,total
2017-2018,15636977.570121622
2018-2019,17804533.686381966
2019-2020,7873489.35118058
2020-2021,4690741.0302494075
