owner_org,d_fiscal_year,total
dfatd-maecd,2017-2018,3232376.6029619565
dfatd-maecd,2018-2019,2353806.8670380437
dfatd-maecd,2019-2020,1077015.02
