d_fiscal_year,total
2017-2018,3232376.6029619565
2018-2019,1519923.7970380436
2019-2020,1077015.02
