d_fiscal_year,total
2017-2018,67860.37375796179
2018-2019,986569.024806659
2019-2020,2323363.5071050692
2020-2021,697279.2643303099
