owner_org,d_fiscal_year,total
dnd-mdn,2018-2019,746283.1423963965
dnd-mdn,2019-2020,2264456.083273294
dnd-mdn,2020-2021,690541.4143303098
nrc-cnrc,2017-2018,67860.37375796179
nrc-cnrc,2018-2019,240285.88241026254
nrc-cnrc,2019-2020,58907.4238317757
nrc-cnrc,2020-2021,6737.85
