d_most_recent_category,total,percentage
11_defence,3763214.17,0.48488320230393595
6_industrial_products_and_services,1793082.49,0.23103537106085917
3_information_technology,1189431.14,0.15325600840752657
1_facilities_and_construction,497660.67,0.06412265858069556
10_office_management,413268.67,0.05324890560796644
5_transportation_and_logistics,63975.91,0.008243177961624229
9_human_capital,24408.00,0.0031449257648281073
8_security_and_protection,16032.44,0.002065750312563944
