d_most_recent_category,total,percentage
3_information_technology,4069944.18554452,0.6222924708971351
6_industrial_products_and_services,1485590.74,0.22714609591453594
1_facilities_and_construction,434957.54,0.06650479465131197
10_office_management,424047.34,0.06483663041945445
5_transportation_and_logistics,86836.81000000001,0.013277305681894823
9_human_capital,24408,0.0037319712352824664
2_professional_services,14458.720000000001,0.002210731200385255
