d_fiscal_year,total
2017-2018,1340749.3721277374
2018-2019,1785082.8406291166
2019-2020,2337494.420923752
2020-2021,1076916.7018639147
