d_most_recent_category,total,percentage
3_information_technology,4528403.135544521,0.6494819851132438
6_industrial_products_and_services,1446846.32,0.20751258047046572
1_facilities_and_construction,458108.97,0.06570385063519887
10_office_management,413268.67000000004,0.05927267253877893
5_transportation_and_logistics,86836.81000000001,0.012454488271376012
9_human_capital,24408,0.0035006945755808585
2_professional_services,14458.720000000001,0.0020737283953557225
