d_most_recent_category,total,percentage
11_defence,3386072.39,0.4856442659710442
6_industrial_products_and_services,1479333.25,0.2121719880265242
3_information_technology,1157951.88,0.16607816510481208
1_facilities_and_construction,458108.97,0.06570385063519889
10_office_management,413268.67,0.05927267253877894
5_transportation_and_logistics,53187.47,0.007628363148060869
9_human_capital,24408.00,0.003500694575580859
