d_fiscal_year,total
2017-2018,17178629.441384
2018-2019,14670834.776696898
2019-2020,13692497.730437217
2020-2021,14636685.973494997
