d_most_recent_category,total,percentage
1_facilities_and_construction,22566308.220320493,0.40162076689381526
2_professional_services,20144930.20092902,0.35852662461793616
10_office_management,9580608.999066977,0.1705095709917774
11_defence,2131755.208311484,0.03793962012895807
3_information_technology,1310099.4,0.02331631388697103
9_human_capital,274257.2944297082,0.00488105647763407
NA,100361.98838926175,0.0017861786850712008
6_industrial_products_and_services,78503.45652724968,0.001397154470570354
8_security_and_protection,1276.2479446640318,2.2713847266389254e-5
