d_most_recent_category,total,percentage
2_professional_services,24138576.129299033,0.4296029887619844
1_facilities_and_construction,20791742.708293434,0.3700381812583922
11_defence,8015683.027254651,0.14265801624055063
9_human_capital,1516088.008032448,0.026982367807784062
3_information_technology,1372322.5999999999,0.024423722731102836
10_office_management,149855.01017811705,0.0026670239333352994
6_industrial_products_and_services,102195.29652724968,0.001818806734512995
NA,100361.98838926175,0.0017861786850712008
8_security_and_protection,1276.2479446640318,2.2713847266389254e-5
