d_fiscal_year,total
2017-2018,1239462.917352397
2018-2019,3700025.9500185284
2019-2020,1219306.5195288744
2020-2021,656864.2089354327
