d_most_recent_category,total,percentage
1_facilities_and_construction,4173669.345746734,0.9943104806234895
10_office_management,23882.05,0.005689519376510563
