owner_org,d_fiscal_year,total
dfo-mpo,2017-2018,560972.0976190475
dfo-mpo,2018-2019,1337268.4576190477
dfo-mpo,2019-2020,1115312.1475267538
dfo-mpo,2020-2021,1483201.8651605232
pwgsc-tpsgc,2017-2018,13949299.92688571
pwgsc-tpsgc,2018-2019,12411272.504932854
pwgsc-tpsgc,2019-2020,8298411.591797666
pwgsc-tpsgc,2020-2021,4651929.307876892
