d_fiscal_year,total
2017-2018,560972.0976190475
2018-2019,1337268.4576190477
2019-2020,1115312.1475267538
2020-2021,1483201.8651605232
