d_most_recent_category,total,percentage
5_transportation_and_logistics,7029569.17684869,0.8807352497831651
11_defence,631911.0901639344,0.07917218791575802
6_industrial_products_and_services,237468.3611111111,0.0297524287871867
1_facilities_and_construction,82529.55,0.010340133513890133
