d_most_recent_category,total,percentage
11_defence,7647227.49,0.9581217058229575
6_industrial_products_and_services,237468.36,0.0297524287871867
1_facilities_and_construction,82529.55,0.010340133513890133
5_transportation_and_logistics,14252.78,0.0017857318759656755
