d_most_recent_category,total,percentage
11_defence,7756952.487012625,0.9718691593085466
6_industrial_products_and_services,110510.86111111111,0.013845914083184238
1_facilities_and_construction,96782.33,0.012125865389855809
3_information_technology,17232.5,0.0021590612184134252
