d_most_recent_category,total,percentage
5_transportation_and_logistics,6854228.964293946,0.9475466598704206
6_industrial_products_and_services,296900.00045537343,0.04104423782930849
1_facilities_and_construction,82529.55,0.011409102300270813
