d_fiscal_year,total
2017-2018,4690517.262847507
2018-2019,1319021.2259200965
2019-2020,759475.9179387857
2020-2021,669234.8680429293
