owner_org,d_fiscal_year,total
dnd-mdn,2017-2018,4990957.184194881
dnd-mdn,2018-2019,1448179.5448084536
dnd-mdn,2019-2020,759091.7510774719
dnd-mdn,2020-2021,669234.8680429293
nrc-cnrc,2017-2018,58935.15
nrc-cnrc,2018-2019,40826.9
tc,2019-2020,14252.78
