d_most_recent_category,total,percentage
2_professional_services,4932970.13,0.8632781345432516
9_human_capital,584033.40,0.10220683504306917
3_information_technology,171932.33,0.03008845003489105
10_office_management,25294.50,0.004426580378788119
