d_fiscal_year,total
2017-2018,689080.9211382082
2018-2019,1151535.6277793783
2019-2020,1056302.5589742942
2020-2021,1114511.3882755178
