category,total,percentage
10_office_management,16373972.14815558,0.6398218725696184
6_industrial_products_and_services,6354004.020512195,0.24828616501445197
1_facilities_and_construction,2799054.551538462,0.10937457987502347
2_professional_services,64423.479999999996,0.002517382540906207
