d_most_recent_category,total,percentage
10_office_management,16373972.14815558,0.6542722998971635
6_industrial_products_and_services,6184208.450512195,0.24710902457568065
1_facilities_and_construction,2403630.6415384617,0.0960444377035178
2_professional_services,64423.479999999996,0.002574237823638102
