d_most_recent_category,total,percentage
2_professional_services,7318620.462334427,0.5149937327201614
10_office_management,6074342.026639808,0.42743684963823964
3_information_technology,617821.7209041095,0.043474629657528754
1_facilities_and_construction,168715.5,0.011872104252422706
4_medical,31586.750684931507,0.0022226837316476028
