d_most_recent_category,total,percentage
3_information_technology,30551724.161165807,0.8621624432243482
2_professional_services,4479625.179524082,0.12641396502319094
6_industrial_products_and_services,404808.1969863014,0.011423591752460858
