category,total,percentage
3_information_technology,30845679.383856118,0.644848411814395
1_facilities_and_construction,11822947.417319134,0.24716618396200954
2_professional_services,4760565.704525066,0.09952263316034292
6_industrial_products_and_services,404808.1969863014,0.008462771063252612
