d_most_recent_category,total,percentage
3_information_technology,38805222.84,0.9526503486601275
11_defence,1518442.67,0.03727706810320776
6_industrial_products_and_services,410296.22,0.010072583236664759
