d_most_recent_category,total,percentage
3_information_technology,30845679.383856118,0.8620744676533013
2_professional_services,4530272.134525066,0.12661196046598638
6_industrial_products_and_services,404808.1969863014,0.011313571880712197
