d_fiscal_year,total
2017-2018,9730368.363563614
2018-2019,10055850.643804533
2019-2020,8886459.558879333
2020-2021,6763478.9714287175
