d_most_recent_category,total,percentage
3_information_technology,26515680.834058985,0.7478886416942233
10_office_management,7155597.462616774,0.20182736774961685
11_defence,1377962.887261693,0.038866163705495185
2_professional_services,234303.24000000002,0.006608645390054321
6_industrial_products_and_services,170504.95698630137,0.004809181460610322
