d_fiscal_year,total
2017-2018,9796276.314930916
2018-2019,10188971.78513222
2019-2020,9012563.671147175
2020-2021,6782947.944157181
