d_fiscal_year,total
2017-2018,9710508.036811173
2018-2019,10055850.643804533
2019-2020,8889589.763929583
2020-2021,6798100.936378466
