d_most_recent_category,total,percentage
3_information_technology,33629625.45,0.9485411690831316
11_defence,1419615.74,0.04004100406620379
6_industrial_products_and_services,404808.20,0.011417826850664642
