owner_org,d_fiscal_year,total
dnd-mdn,2017-2018,50635.22606382979
dnd-mdn,2018-2019,40288.65423736378
dnd-mdn,2019-2020,34638.33038629214
dnd-mdn,2020-2021,1567990.387427783
ssc-spc,2017-2018,13697932.649233405
ssc-spc,2018-2019,14127978.50696373
ssc-spc,2019-2020,12973291.127504773
ssc-spc,2020-2021,5341245.820869453
