d_most_recent_category,total,percentage
3_information_technology,3853290.5525010894,0.8572384738465074
2_professional_services,608725.557260274,0.13542268889078654
11_defence,32988.104423076926,0.007338837262705922
