d_most_recent_category,total,percentage
3_information_technology,5538617.80,0.8610559574582364
2_professional_services,624658.00,0.09711186288229451
11_defence,269079.44,0.04183217965946901
