d_most_recent_category,total,percentage
3_information_technology,3853290.55,0.8572384738465074
2_professional_services,608725.56,0.13542268889078654
11_defence,32988.10,0.007338837262705922
