d_fiscal_year,total
2017-2018,27594
2018-2019,315476.60459897784
2019-2020,1821794.279829553
2020-2021,2333107.133562724
