d_most_recent_category,total,percentage
3_information_technology,3889246.4607309806,0.8646666642599249
2_professional_services,608725.557260274,0.1353333357400752
