d_fiscal_year,total
2017-2018,280020.121652983
2018-2019,492487.48194440233
2019-2020,3559953.5503753554
2020-2021,268698.08512842824
