d_most_recent_category,total,percentage
9_human_capital,4191237.67,0.6139571583667803
1_facilities_and_construction,2621832.53,0.384061458905671
2_professional_services,13526.10,0.001981382727548714
