owner_org,d_fiscal_year,total
pwgsc-tpsgc,2017-2018,5682464.251596715
pwgsc-tpsgc,2018-2019,5682464.251596715
pwgsc-tpsgc,2019-2020,5698032.64680657
