d_most_recent_category,total,percentage
NA,2380226.011700089,0.7814735373768957
3_information_technology,224218.78999999998,0.07361529960027399
9_human_capital,199000,0.06533549048433686
2_professional_services,142000,0.04662130476771776
1_facilities_and_construction,77373,0.02540302967459596
7_travel,23000,0.0075513380961796375
