category,total,percentage
6_industrial_products_and_services,26441836.440415952,0.4947556947755723
NA,22048124.957286503,0.41254454494195186
2_professional_services,4954267.177393209,0.09269976028247576
