d_most_recent_category,total,percentage
6_industrial_products_and_services,30281685.431104966,0.6201515682432471
11_defence,10493767.16827289,0.2149063393776384
2_professional_services,8054038.418255638,0.16494209237911434
