d_most_recent_category,total,percentage
6_industrial_products_and_services,26441836.440415952,0.541513660891267
NA,17433387.399824332,0.35702578578033345
2_professional_services,4954267.177393209,0.10146055332839952
