d_fiscal_year,total
2017-2018,9804725.091880048
2018-2019,12402583.664723711
2019-2020,13979156.25551825
2020-2021,12643026.005511483
