d_most_recent_category,total,percentage
2_professional_services,7020662.2,0.9867214795634632
1_facilities_and_construction,93065.95999999999,0.01307998862959025
10_office_management,1412.581748138362,1.9853180694656236e-4
