d_fiscal_year,total
2017-2018,1840973.5438185192
2018-2019,1840973.5438185192
2019-2020,1846017.3069522686
2020-2021,1840973.5438185192
