d_most_recent_category,total,percentage
3_information_technology,3502529.06,0.5618253914177767
2_professional_services,1793558.88,0.2876969484731627
11_defence,938107.08,0.15047766010906058
