d_most_recent_category,total,percentage
3_information_technology,3502529.06,0.5230886951188448
2_professional_services,2241641.70,0.3347802150075492
11_defence,951689.99,0.14213108987360598
