d_most_recent_category,total,percentage
3_information_technology,4440636.14,0.7123030515268373
2_professional_services,1793558.8848302301,0.28769694847316274
