d_fiscal_year,total
2017-2018,1349554.7280798983
2018-2019,1372099.3575057995
2019-2020,1811659.6032871404
2020-2021,1700881.3359573917
