d_fiscal_year,total
2017-2018,9555261.505595213
2018-2019,1980923.0738351946
2019-2020,5197966.536694434
2020-2021,10095216.802363537
