d_most_recent_category,d_fiscal_year,total
11_defence,2018-2019,286740.02999999997
11_defence,2019-2020,76118.91677595628
11_defence,2020-2021,13032.833224043714
3_information_technology,2017-2018,1501381.1602780425
3_information_technology,2018-2019,181849.77919798237
3_information_technology,2019-2020,1115417.206428539
3_information_technology,2020-2021,1504578.7295628295
9_human_capital,2017-2018,23730
