d_most_recent_category,total,percentage
3_information_technology,5298790.50,0.8442014319666277
11_defence,920551.78,0.1466619845804283
9_human_capital,57347.50,0.009136583452943964
