d_most_recent_category,total,percentage
1_facilities_and_construction,4441845.949952918,0.8080287007055615
5_transportation_and_logistics,1055292.8844404004,0.19197129929443846
