d_fiscal_year,total
2017-2018,273464.1323233704
2018-2019,1251315.192441413
2019-2020,1053144.0356489457
2020-2021,3136711.126153502
