d_fiscal_year,total
2017-2018,27015142.54090969
2018-2019,42001403.253189705
2019-2020,42611980.87204194
2020-2021,60788934.86041856
