d_fiscal_year,total
2017-2018,27018692.335254926
2018-2019,42219902.9431897
2019-2020,42503006.20563756
2020-2021,59949850.2665929
