d_most_recent_category,total,percentage
3_information_technology,66553782.580415346,0.38763597081736284
2_professional_services,59365561.608874634,0.34576888367793307
9_human_capital,43597996.75545637,0.25393225062112007
10_office_management,871486.6402739726,0.005075888353134308
1_facilities_and_construction,834798.27,0.0048622005434042674
7_travel,248400.18,0.0014467824546135174
6_industrial_products_and_services,219425.7156547619,0.0012780235324319177
