d_fiscal_year,total
2017-2018,26900539.53525493
2018-2019,42001403.253189705
2019-2020,42502849.58454166
2020-2021,59859688.609250434
