d_most_recent_category,total,percentage
3_information_technology,4810452.059643362,0.722044309707779
6_industrial_products_and_services,950536.59,0.14267464418498318
10_office_management,827511.1246701847,0.12420863806140683
2_professional_services,49149.350000000006,0.007377271003500459
1_facilities_and_construction,24617.989999999998,0.0036951370423304528
