d_most_recent_category,total,percentage
3_information_technology,4402353.774313546,0.8238081102989915
6_industrial_products_and_services,854904.95,0.15997751826625314
2_professional_services,49149.350000000006,0.009197269284029143
1_facilities_and_construction,24617.989999999998,0.0046067401351500385
10_office_management,12880.75,0.0024103620155761646
