d_most_recent_category,total,percentage
3_information_technology,5625082.434313546,0.8443195593626589
6_industrial_products_and_services,950536.59,0.1426746441849832
2_professional_services,49149.350000000006,0.00737727100350046
1_facilities_and_construction,24617.989999999998,0.003695137042330453
10_office_management,12880.75,0.0019333884065270148
