owner_org,d_fiscal_year,total
ec,2020-2021,106377.6
ssc-spc,2019-2020,745306.7318175503
ssc-spc,2020-2021,3592582.8537750547
