d_most_recent_category,total,percentage
3_information_technology,2628451.685756485,0.6148222018956694
2_professional_services,885218.0118518518,0.20706170486364608
10_office_management,559505.1494099565,0.13087407685532204
6_industrial_products_and_services,201966.28752797178,0.047242016385362476
