d_most_recent_category,total,percentage
3_information_technology,1097631001.8449826,0.6210221547430799
1_facilities_and_construction,532794697.1826416,0.3014467615472657
2_professional_services,113990183.86257854,0.06449383215571387
NA,9306905.5987355,0.005265699091226496
6_industrial_products_and_services,9122054.701620646,0.005161113395086811
8_security_and_protection,3540105.5153851258,0.00200293536852271
9_human_capital,757337.69,4.2848961383323787e-4
7_travel,316400,1.7901408527130937e-4
