d_fiscal_year,total
2017-2018,409871160.66308147
2018-2019,487197848.3622607
2019-2020,407241350.9551858
2020-2021,463712035.9764337
