d_fiscal_year,total
2017-2018,409533729.2035809
2018-2019,486969594.9484728
2019-2020,407242339.96242386
2020-2021,463713022.28146625
