category,total,percentage
3_information_technology,1752837386.4406679,0.6738346140284545
1_facilities_and_construction,532861394.1826416,0.20484527238937825
NA,168917708.84940818,0.06493620002950834
2_professional_services,128087157.21802813,0.04923991284854618
6_industrial_products_and_services,9122054.701620646,0.0035067464081734766
8_security_and_protection,8387805.515385126,0.0032244826221343227
9_human_capital,757337.69,2.9113958543901995e-4
7_travel,316400,1.2163208836589913e-4
