d_fiscal_year,total
2017-2018,577295152.8557682
2018-2019,712639485.284737
2019-2020,629333201.1037425
2020-2021,682019405.3535037
