d_fiscal_year,total
2017-2018,409575229.91362387
2018-2019,487003346.1791642
2019-2020,406218255.9627687
2020-2021,462687010.7495154
