d_most_recent_category,total,percentage
3_information_technology,1324506832.5309882,0.7502473624698738
11_defence,170583146.34914556,0.09662430761923965
1_facilities_and_construction,142554821.28544393,0.08074807622728235
2_professional_services,114001279.40771335,0.06457434351651563
6_industrial_products_and_services,9093249.72846996,0.005150737208375157
8_security_and_protection,3540105.5153851258,0.002005240562411825
9_human_capital,794098.0185114155,4.4980511183342935e-4
7_travel,316400,1.7922011397394157e-4
NA,36910.08,2.0907170494270867e-5
