d_most_recent_category,total,percentage
3_information_technology,1115756981.0913804,0.6310755661645087
1_facilities_and_construction,532794697.1826416,0.301350312722306
2_professional_services,113990183.86257854,0.06447319715437354
8_security_and_protection,3540105.5153851258,0.002002294523148314
9_human_capital,1567534.132005714,8.866021065537744e-4
7_travel,316400,1.7895680916030712e-4
NA,36910.08,2.0876454306737257e-5
6_industrial_products_and_services,21559.405241201268,1.2194065642728761e-5
