d_most_recent_category,total,percentage
1_facilities_and_construction,38845464.43980103,0.5596567850699821
2_professional_services,30563976.267584693,0.44034321493001805
