d_most_recent_category,total,percentage
1_facilities_and_construction,34464899.26847759,0.5560402239885561
2_professional_services,23483719.31468564,0.3788751113445221
10_office_management,4034126.1565175313,0.06508466466692177
