d_fiscal_year,total
2017-2018,6330272.582131837
2018-2019,15353812.603180015
2019-2020,17935083.401270892
2020-2021,22363576.15309802
