d_fiscal_year,total
2018-2019,1355819.6851040525
2019-2020,1359534.2595837896
2020-2021,1355819.6851040525
