d_vendor_name,d_fiscal_year,total
CISTEL TECHNOLOGY,2017-2018,10013.245033112582
XEROX,2017-2018,243564.11030066258
XEROX,2018-2019,206782.02503779292
XEROX,2019-2020,88944.59707105065
