d_fiscal_year,total
2017-2018,253867.7591008243
2018-2019,207072.42880484206
2019-2020,89235.79646485882
2020-2021,290.40376704914485
