d_vendor_name,d_fiscal_year,total
CISTEL TECHNOLOGY,2017-2018,10013.245033112582
SAMSON ASSOCIES ASSOCIATES,2017-2018,290.40376704914485
SAMSON ASSOCIES ASSOCIATES,2018-2019,290.40376704914485
SAMSON ASSOCIES ASSOCIATES,2019-2020,291.19939380818363
SAMSON ASSOCIES ASSOCIATES,2020-2021,290.40376704914485
XEROX,2017-2018,243564.11030066258
XEROX,2018-2019,206782.02503779292
XEROX,2019-2020,88944.59707105065
