d_most_recent_category,d_fiscal_year,total
10_office_management,2017-2018,243564.11030066258
10_office_management,2018-2019,206782.02503779292
10_office_management,2019-2020,88944.59707105065
2_professional_services,2017-2018,10303.648800161727
2_professional_services,2018-2019,290.40376704914485
2_professional_services,2019-2020,291.19939380818363
2_professional_services,2020-2021,290.40376704914485
