d_most_recent_category,total,percentage
10_office_management,539290.7324095061,0.9796978417412924
2_professional_services,11175.655728068201,0.020302158258707605
