d_most_recent_category,total,percentage
11_defence,11156071.79,0.9989421466839815
1_facilities_and_construction,11813.985,0.0010578533160185374
