owner_org,d_fiscal_year,total
cra-arc,2020-2021,1187846.8107547169
elections,2018-2019,464578.49969849247
elections,2019-2020,12712130.96440936
elections,2020-2021,7378299.853960018
