owner_org,d_fiscal_year,total
elections,2018-2019,464578.49969849247
elections,2019-2020,5313616.590301507
