d_fiscal_year,total
2017-2018,3001587.867179515
2018-2019,4648716.91764574
2019-2020,8685203.607237566
2020-2021,4501913.389724718
