d_most_recent_category,total,percentage
11_defence,18297878.43178754,0.8781258364593056
1_facilities_and_construction,2120290.75,0.10175398723527257
5_transportation_and_logistics,419252.60000000003,0.020120176305421716
