d_most_recent_category,total,percentage
11_defence,18957417.68,0.9097775089601932
5_transportation_and_logistics,1880004.10,0.09022249103980673
