d_most_recent_category,total,percentage
11_defence,20379787.79,0.9155426021181092
5_transportation_and_logistics,1880004.10,0.0844573978818907
