d_most_recent_category,d_fiscal_year,total
4_medical,2017-2018,430199.7644753476
4_medical,2018-2019,5234097.134450062
4_medical,2019-2020,5248437.126599241
4_medical,2020-2021,5234097.134450062
