d_fiscal_year,total
2017-2018,430199.7644753476
2018-2019,5234097.134450062
2019-2020,5248437.126599241
2020-2021,5234097.134450062
