d_fiscal_year,total
2017-2018,1382530.077972028
2018-2019,1168613.9631916084
2019-2020,623659.904945828
2020-2021,1179610.550254172
