d_fiscal_year,total
2017-2018,3161386.0498404466
2018-2019,3161386.0498404466
2019-2020,3170047.381483845
2020-2021,3161386.0498404466
