d_fiscal_year,total
2017-2018,9527685.053538727
2018-2019,2398641.096571595
2019-2020,4695009.393636698
2020-2021,13801047.886548996
