d_most_recent_category,total,percentage
3_information_technology,15211046.554416817,0.499995228489197
8_security_and_protection,5757218.97810219,0.18924286426450354
6_industrial_products_and_services,4750169.658096377,0.15614061498435847
1_facilities_and_construction,2747639.4145052736,0.09031637579615302
11_defence,1715650.1238850346,0.0563943363548732
2_professional_services,240658.7012903226,0.007910580110914767
