owner_org,d_fiscal_year,total
dnd-mdn,2017-2018,8524968.341428883
dnd-mdn,2018-2019,1596834.2036712235
dnd-mdn,2019-2020,3834592.3469997183
dnd-mdn,2020-2021,12334708.78706024
rcmp-grc,2017-2018,1002716.7121098421
rcmp-grc,2018-2019,801806.8929003716
rcmp-grc,2019-2020,860417.0466369793
rcmp-grc,2020-2021,1466339.0994887555
