d_most_recent_category,total,percentage
3_information_technology,14100241.88606647,0.5363122848754038
6_industrial_products_and_services,6394929.3895770395,0.24323548633091624
8_security_and_protection,5757218.97810219,0.21897973734232062
1_facilities_and_construction,38713.42541436465,0.0014724914513593156
