d_most_recent_category,total,percentage
3_information_technology,15167762.876821188,0.4985724708773616
6_industrial_products_and_services,6509103.45957704,0.21395770895106705
8_security_and_protection,5757218.97810219,0.18924286426450354
1_facilities_and_construction,2747639.4145052736,0.09031637579615302
2_professional_services,240658.7012903226,0.007910580110914767
