d_most_recent_category,total,percentage
11_defence,15859175.69,0.4433760228505086
8_security_and_protection,9458755.25,0.2644390455637761
6_industrial_products_and_services,5851315.66,0.16358561857453838
1_facilities_and_construction,3017415.99,0.08435809823200086
3_information_technology,1321909.61,0.03695671433351255
2_professional_services,240658.70,0.00672811121742324
9_human_capital,19901.56,5.563892282402426e-4
