d_most_recent_category,total,percentage
3_information_technology,14100241.88606647,0.7492861154558327
6_industrial_products_and_services,4679279.265692005,0.2486566551449056
1_facilities_and_construction,38713.42541436465,0.002057229399261786
