d_fiscal_year,total
2017-2018,6031432.255981134
2018-2019,1546624.3519551954
2019-2020,660462.0780574629
