d_most_recent_category,total,percentage
1_facilities_and_construction,9028185.12,0.9099953918037345
5_transportation_and_logistics,741907.23,0.07478049587623276
8_security_and_protection,97352.79,0.00981266877684256
2_professional_services,30692.65,0.0030936638624692405
6_industrial_products_and_services,22995.00,0.0023177796807209603
