d_fiscal_year,total
2017-2018,981051.6995219124
2018-2019,1657786.2677680987
2019-2020,3099690.9967229473
2020-2021,2228634.125065234
