d_most_recent_category,total,percentage
1_facilities_and_construction,323873240.33,0.9849241202601008
5_transportation_and_logistics,4361176.51,0.013262682445881711
11_defence,240992.30,7.328766297242802e-4
2_professional_services,170233.95,5.17694895914047e-4
10_office_management,166455.10,5.062031085552275e-4
9_human_capital,18553.50,5.6422659823973253e-5
