d_fiscal_year,total
2017-2018,168629568.74689037
2018-2019,168925502.95290297
2019-2020,171692206.46566695
2020-2021,168416258.59153432
