d_most_recent_category,total,percentage
1_facilities_and_construction,404786130.63,0.9876275383797987
5_transportation_and_logistics,4414499.20,0.010770825999293743
11_defence,301199.14,7.348882283028351e-4
2_professional_services,170233.95,4.153495494708853e-4
10_office_management,166455.10,4.06129623333361e-4
9_human_capital,18553.50,4.526821980050438e-5
