owner_org,d_fiscal_year,total
dnd-mdn,2017-2018,87185296.10827303
dnd-mdn,2018-2019,87188424.45038635
dnd-mdn,2019-2020,87519574.36768356
dnd-mdn,2020-2021,87256987.28170335
nrc-cnrc,2017-2018,531382.3439095257
nrc-cnrc,2018-2019,824188.2078088268
nrc-cnrc,2019-2020,3019509.151783232
nrc-cnrc,2020-2021,246381.01512315273
tsb-bst,2019-2020,18553.5
