category,total,percentage
NA,348980048.25804627,0.5149753960912732
1_facilities_and_construction,323873240.3303235,0.4779263200145624
5_transportation_and_logistics,4361176.511836735,0.006435607458986867
10_office_management,260284.20678800225,3.840906182345449e-4
2_professional_services,170233.94999999998,2.512071858177087e-4
9_human_capital,18553.5,2.7378631125394545e-5
