d_fiscal_year,total
2017-2018,726709.3636557519
2018-2019,1291151.5244289895
2019-2020,972575.9412821851
2020-2021,2991283.5147796604
