d_most_recent_category,total,percentage
6_industrial_products_and_services,2637002.7155591007,0.4392161937651183
4_medical,1772365.0940916808,0.29520312815607225
11_defence,706096.857919708,0.11760669510696718
10_office_management,547022.306576097,0.09111141751252558
1_facilities_and_construction,243804.74,0.04060784211289309
2_professional_services,39760.11,0.006622399011894771
3_information_technology,38105.76,0.006346852344510599
5_transportation_and_logistics,19725.59,0.003285471990018171
