d_most_recent_category,total,percentage
6_industrial_products_and_services,2998259.585559101,0.5012370042496299
4_medical,1772365.0940916808,0.2962968831911423
5_transportation_and_logistics,390672.44791970804,0.065311051912014
3_information_technology,365868.3525254641,0.06116440279316712
10_office_management,327091.2040506329,0.054681794739987806
1_facilities_and_construction,75677.97,0.012651539297395386
2_professional_services,26977.670000000002,0.004510018597977253
9_human_capital,24808.02,0.004147305218686108
