d_most_recent_category,total,percentage
6_industrial_products_and_services,3063304.695559101,0.510220570038745
4_medical,1772365.0940916808,0.29520312815607225
11_defence,591121.9730106171,0.09845660814255287
10_office_management,349254.0340506329,0.058171357423235856
3_information_technology,80648.12743455498,0.01343266101209882
1_facilities_and_construction,75677.97,0.012604837203674793
2_professional_services,26977.670000000002,0.00449337024347325
9_human_capital,24808.02,0.004131995790128994
5_transportation_and_logistics,19725.59,0.003285471990018171
