d_fiscal_year,total
2017-2018,738637.7836557518
2018-2019,1291151.5244289895
2019-2020,972575.9412821851
2020-2021,3001517.92477966
