d_fiscal_year,total
2017-2018,97130.48999999999
2018-2019,58835.59
2019-2020,25469.32
2020-2021,4016976.4499999997
