owner_org,d_fiscal_year,total
csc-scc,2019-2020,14946.75
pc,2017-2018,83943.79068303095
pc,2018-2019,69603.19781216649
pc,2019-2020,69793.89150480257
pwgsc-tpsgc,2017-2018,1307180.884552218
pwgsc-tpsgc,2018-2019,2003937.34276658
pwgsc-tpsgc,2019-2020,1362621.1833588686
pwgsc-tpsgc,2020-2021,2269375.715809315
