d_most_recent_category,total,percentage
1_facilities_and_construction,6675837.908486981,0.9296008224098945
2_professional_services,505564.84800000006,0.07039917759010549
