d_fiscal_year,total
2017-2018,1391124.6752352489
2018-2019,2073540.5405787462
2019-2020,1447361.824863671
2020-2021,2269375.715809315
