d_fiscal_year,total
2017-2018,3856619.9645199063
2018-2019,7609006.957025761
2019-2020,7629853.551428571
2020-2021,7609006.957025761
