d_fiscal_year,total
2017-2018,2220441.46406935
2018-2019,2220441.46406935
2019-2020,2226524.865340773
2020-2021,2220441.46406935
