d_most_recent_category,total,percentage
10_office_management,3051641.418962178,0.4968629421600716
1_facilities_and_construction,2945534.7512510023,0.47958683928173756
6_industrial_products_and_services,85393.95,0.013903694246652219
3_information_technology,43294.409999999996,0.007049120449741489
5_transportation_and_logistics,15952.779999999999,0.002597403861797101
