d_fiscal_year,total
2017-2018,1022253.204143773
2018-2019,1499808.3441463602
2019-2020,2517353.387938109
2020-2021,1102402.3739849376
