d_fiscal_year,total
2017-2018,49053232.29833333
2018-2019,54060215.125814304
2019-2020,67163558.49134433
2020-2021,53885952.38779461
