d_most_recent_category,total,percentage
5_transportation_and_logistics,150530520.24,0.495408130915672
11_defence,147915355.38,0.4868014116159389
6_industrial_products_and_services,5262423.47,0.017319061756168957
1_facilities_and_construction,143234.31,4.7139571222030367e-4
