d_fiscal_year,total
2017-2018,49240323.278333336
2018-2019,54194334.884385735
2019-2020,65179381.00277291
2020-2021,47968181.71369822
