d_fiscal_year,total
2017-2018,49053232.29833333
2018-2019,53938727.905814305
2019-2020,66803669.871344335
2020-2021,47968181.71369822
