category,total,percentage
5_transportation_and_logistics,216296970.81919017,0.9986829479407772
6_industrial_products_and_services,262765.75,0.0012132378591988447
1_facilities_and_construction,22484.309999999998,1.0381420002402586e-4
