d_most_recent_category,total,percentage
5_transportation_and_logistics,107157526.630703,0.48174848643231855
11_defence,67789940.31,0.3047634838775998
10_office_management,45624579.29848718,0.20511458888842868
6_industrial_products_and_services,1840058.5540963856,0.008272358006523716
1_facilities_and_construction,22484.309999999998,1.0108279512931105e-4
