d_fiscal_year,total
2017-2018,1401754.004876687
2018-2019,1254328.255934693
2019-2020,1053158.5405909035
2020-2021,806877.1993487267
