d_most_recent_category,total,percentage
2_professional_services,3073014.1812017937,0.6804548022639721
1_facilities_and_construction,1076880.048960499,0.23845259330722066
9_human_capital,298551.2205887175,0.06610793175445588
3_information_technology,36704.55,0.008127455924290775
10_office_management,17628,0.00390335239182602
6_industrial_products_and_services,13340,0.002953864358234576
