d_fiscal_year,total
2017-2018,1427178.867071809
2018-2019,1332212.9756373812
2019-2020,1061619.5186930934
2020-2021,806877.1993487267
