d_fiscal_year,total
2017-2018,4188518.695810056
2018-2019,1399998.0298324022
