d_fiscal_year,total
2017-2018,1284124.9200407118
2018-2019,1738144.5666621765
2019-2020,1106744.4548982878
2020-2021,1534059.909030482
