d_most_recent_category,total,percentage
9_human_capital,6915292.204041095,0.42980733541708777
4_medical,5343625.013636364,0.33212323656215176
1_facilities_and_construction,1914851.95605664,0.11901412010760086
2_professional_services,1799284.0328704196,0.11183120727344337
6_industrial_products_and_services,103145.20547945205,0.0064108015424517596
10_office_management,13085.4,8.132990972644859e-4
