d_fiscal_year,total
2017-2018,4095790.185192227
2018-2019,4387658.837941405
2019-2020,2718217.8298984556
2020-2021,4921532.975718549
