d_most_recent_category,total,percentage
2_professional_services,9116961.746415054,0.9905619872631409
3_information_technology,86865.84200738616,0.0094380127368591
