d_most_recent_category,total,percentage
2_professional_services,7369029.064212439,0.8006483165201826
10_office_management,1811729.8242100014,0.19684525886697282
3_information_technology,23068.7,0.0025064246128445825
