d_fiscal_year,total
2017-2018,1910086.5485627686
2018-2019,1532626.0961188432
2019-2020,3372094.9878916345
2020-2021,2365951.2558491942
