d_most_recent_category,total,percentage
6_industrial_products_and_services,25328793.358766355,0.8416130689836583
1_facilities_and_construction,3314901.2130071213,0.11014595696446772
3_information_technology,378441.3847953217,0.012574669893533725
9_human_capital,373509.66,0.012410800893475852
2_professional_services,316857.6612373511,0.01052839529020263
4_medical,270298.63,0.008981353999543945
11_defence,88089.5,0.002926995905021148
NA,24640.960000000003,8.187580700967755e-4
