d_fiscal_year,total
2017-2018,6158295.289654063
2018-2019,6630155.359618028
2019-2020,8641610.323512966
2020-2021,9173722.822926356
