d_fiscal_year,total
2017-2018,6176380.215345298
2018-2019,6602424.253453644
2019-2020,8443226.09830023
2020-2021,8862316.93866037
