d_fiscal_year,total
2017-2018,6176380.215345298
2018-2019,6612193.9798338525
2019-2020,8446259.951396104
2020-2021,8860695.695490578
