d_most_recent_category,total,percentage
6_industrial_products_and_services,25104662.406652447,0.8341208766386774
1_facilities_and_construction,3316520.3609605134,0.1101938287822324
3_information_technology,690661.8369092318,0.022947747614839427
9_human_capital,373509.66,0.012410133224880831
2_professional_services,316857.6612373511,0.010527828890100689
4_medical,270298.63,0.008980870826213091
NA,24640.960000000003,8.187140230562166e-4
