d_fiscal_year,total
2017-2018,6158295.289654063
2018-2019,6630155.359618028
2019-2020,8684965.817329654
2020-2021,9216959.859109666
