d_most_recent_category,total,percentage
6_industrial_products_and_services,28080301.58172417,0.9333857606965981
NA,589653.0980026963,0.019599996240231215
3_information_technology,453726.87479532167,0.015081825348163436
9_human_capital,373509.66,0.012415415023659492
2_professional_services,316857.6612373511,0.010532309573165574
4_medical,270298.63,0.008984693118182214
