d_most_recent_category,total,percentage
6_industrial_products_and_services,24225451.556503866,0.8049517536502647
1_facilities_and_construction,4437998.345269611,0.14746369298378104
2_professional_services,579128.1412373511,0.01924299374935986
3_information_technology,378441.3847953217,0.012574669893533723
4_medical,270298.63,0.008981353999543943
9_human_capital,111239.18,0.0036962024343186223
11_defence,68334.17,0.0022705752191012427
NA,24640.960000000003,8.187580700967754e-4
