d_most_recent_category,total,percentage
6_industrial_products_and_services,28635049.280241888,0.9518255057637467
3_information_technology,463991.31428030017,0.015423014050461646
9_human_capital,373509.66,0.012415415023659492
2_professional_services,316857.6612373511,0.010532309573165574
4_medical,270298.63,0.008984693118182214
NA,24640.960000000003,8.190624707842701e-4
