d_fiscal_year,total
2017-2018,19602235.746069536
2018-2019,22448906.986377068
2019-2020,24642528.602371473
2020-2021,25437132.751550537
