owner_org,d_fiscal_year,total
cbsa-asfc,2018-2019,1753821.117808514
cbsa-asfc,2019-2020,2010720.1928389794
cbsa-asfc,2020-2021,2005226.4218202939
csc-scc,2017-2018,9790657.944196582
csc-scc,2018-2019,10499539.350051446
csc-scc,2019-2020,11937159.616245445
csc-scc,2020-2021,12148817.723257625
esdc-edsc,2020-2021,4072.497482758621
