d_fiscal_year,total
2017-2018,9790657.944196582
2018-2019,12253360.46785996
2019-2020,13947879.809084425
2020-2021,14158116.642560678
