d_most_recent_category,total,percentage
4_medical,85073289.9673904,0.9233968031760352
2_professional_services,6574729.207651594,0.07136298519101245
9_human_capital,188406.3558299595,0.002044987642280173
10_office_management,174603.8573195898,0.0018951734878586996
7_travel,119774.69817708334,0.0013000505028133668
