d_most_recent_category,total,percentage
6_industrial_products_and_services,2389734.162283697,0.5873378737300107
3_information_technology,1325822.7743328095,0.3258546249660267
1_facilities_and_construction,318200.2721917808,0.07820579972411358
9_human_capital,34998.22,0.008601701579849137
