d_fiscal_year,total
2017-2018,1497748.501999619
2018-2019,644528.9588785795
2019-2020,697502.2497890494
2020-2021,1228975.7181410394
