d_most_recent_category,total,percentage
6_industrial_products_and_services,3066643.8327056672,0.5481576161254001
11_defence,1467342.6780841963,0.2622851261302286
3_information_technology,634795.3833492028,0.11346864619654906
1_facilities_and_construction,372280.19275665283,0.06654448123900454
9_human_capital,53394.22,0.009544130308817742
