d_most_recent_category,total,percentage
6_industrial_products_and_services,2180307.522705667,0.389726436868981
1_facilities_and_construction,1098436.7327566529,0.19634378615178769
11_defence,863850.1880841962,0.15441182139887583
10_office_management,647132.1900000001,0.1156738303956983
3_information_technology,566723.7433492028,0.10130095084497485
2_professional_services,194614.47000000003,0.034787021173106406
9_human_capital,43391.46,0.007756153166575946
