d_fiscal_year,total
2017-2018,41557823.56728912
2018-2019,41557823.56728912
2019-2020,41671680.61815841
2020-2021,41561742.61925429
