d_most_recent_category,total,percentage
1_facilities_and_construction,169770440.30668128,0.9999769161139528
5_transportation_and_logistics,3919.0519651741292,2.3083886047216208e-5
