owner_org,d_fiscal_year,total
dfo-mpo,2020-2021,3919.0519651741292
dnd-mdn,2017-2018,41557823.56728912
dnd-mdn,2018-2019,41557823.56728912
dnd-mdn,2019-2020,41671680.61815841
dnd-mdn,2020-2021,41557823.56728912
