d_fiscal_year,total
2017-2018,42413559.69331873
2018-2019,42413559.69331873
2019-2020,42529761.22672508
2020-2021,42417478.7452839
