d_most_recent_category,total,percentage
10_office_management,9144586.61722589,0.9972811824563164
2_professional_services,24930.24330752077,0.0027188175436835965
