d_most_recent_category,total,percentage
3_information_technology,8759945.120565105,0.9553333347658539
2_professional_services,409571.7399683037,0.04466666523414606
