d_most_recent_category,total,percentage
10_office_management,9144586.61722589,0.9972811824563164
2_professional_services,16223.461643835615,0.0017692820560331966
3_information_technology,8706.781663685153,9.495354876503996e-4
