owner_org,d_fiscal_year,total
csc-scc,2017-2018,1404617.1952916656
csc-scc,2018-2019,1735002.9252363418
csc-scc,2019-2020,1739387.295299187
csc-scc,2020-2021,1715726.2043284243
