d_most_recent_category,d_fiscal_year,total
2_professional_services,2017-2018,29968.657635467982
2_professional_services,2018-2019,28769.96096278727
2_professional_services,2019-2020,28479.72016460905
2_professional_services,2020-2021,9493.240054869684
4_medical,2017-2018,1374648.5376561976
4_medical,2018-2019,1706232.9642735547
4_medical,2019-2020,1710907.5751345782
4_medical,2020-2021,1706232.9642735547
