d_fiscal_year,total
2017-2018,1404617.1952916656
2018-2019,1735002.9252363418
2019-2020,1739387.295299187
2020-2021,1715726.2043284243
