d_most_recent_category,total,percentage
4_medical,6498022.041337885,0.9853350287686902
2_professional_services,96711.57881773399,0.014664971231309847
