owner_org,d_fiscal_year,total
vac-acc,2017-2018,18727698.08768116
vac-acc,2018-2019,43838950.463091
vac-acc,2019-2020,61726288.94956522
vac-acc,2020-2021,61557637.88686149
