d_fiscal_year,total
2017-2018,18727698.08768116
2018-2019,43838950.463091
2019-2020,61726288.94956522
2020-2021,61557637.88686149
