owner_org,d_fiscal_year,total
vac-acc,2018-2019,25111252.375409838
vac-acc,2019-2020,42947282.1
vac-acc,2020-2021,42829939.79918033
