d_fiscal_year,total
2017-2018,2816929.488568075
2018-2019,353944.5012465753
2020-2021,1475402.6
