d_most_recent_category,d_fiscal_year,total
4_medical,2017-2018,2816929.488568075
4_medical,2018-2019,353944.5012465753
7_travel,2020-2021,1475402.6
