d_fiscal_year,total
2017-2018,309900.5144544971
2018-2019,654781.7523469543
2019-2020,2211972.3774544806
2020-2021,2178081.239865108
