owner_org,d_fiscal_year,total
dnd-mdn,2017-2018,1004372.25
dnd-mdn,2018-2019,7524879.999999999
dnd-mdn,2019-2020,2361412.4299999997
