d_fiscal_year,total
2017-2018,36648187.302908756
2018-2019,56871164.31745272
2019-2020,72503231.29825476
2020-2021,75138215.01685472
