d_most_recent_category,total,percentage
3_information_technology,171826169.2591643,0.6914966448938252
2_professional_services,50368786.249418676,0.20270397023350745
NA,22034793.14512199,0.08867674578602441
9_human_capital,3948344.733242134,0.015889704971558182
8_security_and_protection,288203.11577142857,0.0011598436283782796
6_industrial_products_and_services,18161.85,7.309048670649506e-5
