d_fiscal_year,total
2017-2018,36648903.41550641
2018-2019,56880945.330300376
2019-2020,72517276.91393685
2020-2021,75175743.13996293
