d_most_recent_category,total,percentage
3_information_technology,242843065.55634677,0.7265993244196415
2_professional_services,63928786.249418676,0.19127831710318022
NA,23192116.375651766,0.0693920415302131
9_human_capital,3948344.733242134,0.011813656730024777
8_security_and_protection,288203.11577142857,8.623189990433013e-4
6_industrial_products_and_services,18161.85,5.434121789715635e-5
