d_fiscal_year,total
2017-2018,36648187.302908756
2018-2019,56871164.31745272
2019-2020,72552259.00684269
2020-2021,75272036.9739126
