d_most_recent_category,total,percentage
3_information_technology,95689997.11767165,0.3967891876990558
10_office_management,93814289.76404919,0.38901135908976264
2_professional_services,50075601.682582736,0.2076440371373369
11_defence,1274544.4053959628,0.005285039758978577
8_security_and_protection,288203.11577142857,0.0011950661891927603
6_industrial_products_and_services,18161.85,7.531012567332642e-5
