category,total,percentage
3_information_technology,242843065.55634677,0.7217230372821757
2_professional_services,64683278.416880146,0.19223695786185588
NA,24695756.699272197,0.07339512245139562
9_human_capital,3948344.733242134,0.01173437399410279
8_security_and_protection,288203.11577142857,8.565318823999078e-4
6_industrial_products_and_services,18161.85,5.397652807023175e-5
