d_fiscal_year,total
2017-2018,37027957.92428799
2018-2019,58685220.29859232
2019-2020,74498309.22245866
2020-2021,78272970.90737952
