d_most_recent_category,total,percentage
3_information_technology,186599372.85127434,0.7735558978291254
2_professional_services,50368786.249418676,0.20880601619592357
9_human_capital,3948344.733242134,0.016368036550135485
8_security_and_protection,288203.11577142857,0.0011947586777550966
6_industrial_products_and_services,18161.85,7.529074706047145e-5
