d_fiscal_year,total
2017-2018,1935894.062081072
2018-2019,3143089.7846720107
2019-2020,4125864.6557789636
2020-2021,2901643.543975525
