d_most_recent_category,total,percentage
1_facilities_and_construction,11830442.826507572,0.9771982487627674
2_professional_services,276049.22000000003,0.022801751237232548
