d_fiscal_year,total
2017-2018,105813495.22836879
2018-2019,102833831.2681978
2019-2020,96614267.26923461
2020-2021,88175913.07132061
