d_fiscal_year,total
2017-2018,112524285.3508714
2018-2019,111588134.61162086
2019-2020,98489678.07597114
2020-2021,87805693.60222097
