d_most_recent_category,total,percentage
3_information_technology,385270756.62158793,0.9792425732839071
10_office_management,2259344.5164912282,0.005742575319405347
6_industrial_products_and_services,2098111.8670110973,0.0053327703397624705
11_defence,1872630.27,0.004759663828327495
NA,1171575.3173749868,0.0029777926532561227
1_facilities_and_construction,377838.9546565165,9.603531643284256e-4
9_human_capital,279428.61,7.102236191113318e-4
2_professional_services,107820.68,2.7404779190164097e-4
