d_fiscal_year,total
2017-2018,105808431.06531103
2018-2019,102828767.10514005
2019-2020,96609189.2317575
2020-2021,88170848.90826283
