d_most_recent_category,total,percentage
3_information_technology,385270756.62158793,0.9792930280196099
10_office_management,2259344.5164912282,0.005742871201271495
6_industrial_products_and_services,2098111.8670110973,0.005333045106735841
11_defence,1872630.27,0.004759909066419715
NA,1171575.3173749868,0.002977946081778735
1_facilities_and_construction,357568.428006135,9.088783993285802e-4
9_human_capital,279428.61,7.10260212848134e-4
2_professional_services,107820.68,2.740619120076163e-4
