d_most_recent_category,total,percentage
3_information_technology,315183546.11597306,0.801143206311482
2_professional_services,70195031.18561491,0.17842388362013553
10_office_management,2259344.5164912282,0.005742871201271494
6_industrial_products_and_services,2098111.8670110973,0.0053330451067358405
11_defence,1872630.27,0.004759909066419714
NA,1171575.3173749868,0.0029779460817787344
1_facilities_and_construction,357568.428006135,9.088783993285801e-4
9_human_capital,279428.61,7.102602128481339e-4
