d_most_recent_category,total,percentage
3_information_technology,373999613.63285726,0.9506436910092815
10_office_management,13530487.505221907,0.034392208211599835
11_defence,1855002.18,0.004715101446485928
2_professional_services,1724925.755124709,0.0043844691994212905
NA,1171575.3173749868,0.0029779460817787344
6_industrial_products_and_services,704604.1518863881,0.001790984448201295
1_facilities_and_construction,375196.51800613495,9.536860192623658e-4
9_human_capital,55831.25,1.419135839690051e-4
