d_fiscal_year,total
2017-2018,108890519.62075923
2018-2019,107874287.26727003
2019-2020,98408934.63020982
2020-2021,87805693.60222097
