d_most_recent_category,total,percentage
3_information_technology,317157679.7533607,0.8061603700679364
2_professional_services,70195031.18561491,0.17842371769629528
10_office_management,2259344.5164912282,0.005742865860735102
6_industrial_products_and_services,1996974.3551247092,0.005075965956099335
NA,1171575.3173749868,0.002977943312461982
1_facilities_and_construction,357568.428006135,9.088775541245004e-4
9_human_capital,279428.61,7.102595523474222e-4
