d_fiscal_year,total
2017-2018,203641.4127737226
2018-2019,1314830.2934161488
2019-2020,4113058.8665838502
