d_fiscal_year,total
2017-2018,4747656.070257077
2018-2019,5309096.563583726
2019-2020,10614270.494213134
2020-2021,18016883.72456547
