d_most_recent_category,total,percentage
1_facilities_and_construction,37165694.93356735,0.9606540636884059
3_information_technology,1317363,0.03405102801292561
10_office_management,204848.9190520497,0.0052949082986685336
