d_fiscal_year,total
2017-2018,4466111.910687968
2018-2019,5361703.696649653
2019-2020,15557848.432093123
2020-2021,25279354.812534574
