d_most_recent_category,total,percentage
1_facilities_and_construction,36817738.536669545,0.9623686084510615
3_information_technology,1317363,0.03443418437751764
10_office_management,122316.89256198346,0.003197207171420751
