owner_org,d_fiscal_year,total
dnd-mdn,2017-2018,23652645.268289533
dnd-mdn,2018-2019,23652645.268289533
dnd-mdn,2019-2020,23717447.036147863
dnd-mdn,2020-2021,8100431.121646146
