d_most_recent_category,total,percentage
NA,45202980.0908643,0.5712989107586001
6_industrial_products_and_services,33920188.60350877,0.42870108924139994
