d_fiscal_year,total
2017-2018,12995534.246751238
2018-2019,12995534.246751238
2019-2020,13031138.450166995
2020-2021,437581.8649407898
