d_fiscal_year,total
2017-2018,1819437.98005081
2018-2019,1602832.438800079
2019-2020,1381925.3411491106
