d_most_recent_category,total,percentage
11_defence,5552975.539595043,0.9818648336710188
6_industrial_products_and_services,102564.15300546448,0.018135166328981035
