d_most_recent_category,total,percentage
5_transportation_and_logistics,5533457.379595043,0.978413675857462
6_industrial_products_and_services,102564.15300546448,0.018135166328981038
11_defence,19518.16,0.003451157813557001
