d_fiscal_year,total
2017-2018,3486891.3476313083
2018-2019,1223426.0369609857
2019-2020,945222.3080082136
