d_most_recent_category,total,percentage
11_defence,304434564.03,0.5156510535941368
6_industrial_products_and_services,222920114.74,0.37758193587458405
1_facilities_and_construction,44219592.41,0.07489911498833071
3_information_technology,13137811.59,0.02225281616110757
2_professional_services,3801163.09,0.006438407416134779
10_office_management,1668285.02,0.0028257400051520053
9_human_capital,157582.33,2.6691284135574013e-4
5_transportation_and_logistics,49603.94,8.401911919845109e-5
