d_most_recent_category,total,percentage
3_information_technology,333375765.9434774,0.5646716413389733
5_transportation_and_logistics,139713623.34941807,0.23664683841328438
6_industrial_products_and_services,59567058.02155622,0.1008946415993202
1_facilities_and_construction,44219592.41394606,0.0748991149883307
11_defence,7885646.984229098,0.013356703397448887
2_professional_services,3801163.094927949,0.006438407416134777
10_office_management,1668285.0166530167,0.002825740005152005
9_human_capital,157582.33,2.669128413557401e-4
