d_most_recent_category,total,percentage
11_defence,348302622.35,0.5035468710347923
6_industrial_products_and_services,266362532.21,0.3850847253201281
1_facilities_and_construction,56305473.30,0.08140175549857025
3_information_technology,14945715.47,0.021607268443637858
2_professional_services,3850215.37,0.0055663201430065905
10_office_management,1668285.02,0.002411867285021925
9_human_capital,157582.33,2.2781938495559752e-4
5_transportation_and_logistics,106087.80,1.5337288988741593e-4
