d_most_recent_category,total,percentage
6_industrial_products_and_services,218977701.93742034,0.37090427979880247
11_defence,214043173.28964278,0.36254617859462807
10_office_management,103162249.83654198,0.1747361472858166
1_facilities_and_construction,47081741.16812376,0.07974702056480212
2_professional_services,3630918.024927949,0.00615004643454181
3_information_technology,3370548.5975509924,0.005709032878876333
9_human_capital,122384.3,2.072944425325689e-4
