d_fiscal_year,total
2017-2018,190141623.6260247
2018-2019,158798377.66270047
2019-2020,134186188.74742226
2020-2021,107262527.11806038
