d_most_recent_category,total,percentage
3_information_technology,355952018.5533436,0.5712114122763607
5_transportation_and_logistics,139734924.9878109,0.22423860432373727
6_industrial_products_and_services,88150783.3242766,0.141459328256012
1_facilities_and_construction,33642560.032984585,0.053987653468394306
11_defence,3012271.3133015363,0.004833920476202271
2_professional_services,2455925.7790523353,0.003941129027445512
9_human_capital,157582.33,2.528790976798746e-4
10_office_management,46782,7.507307416802313e-5
