d_fiscal_year,total
2017-2018,2187691.0239291647
2018-2019,2145307.611957813
2019-2020,79792.70047139982
