d_fiscal_year,total
2017-2018,1553842.131336088
2018-2019,2088891.450931047
2019-2020,1692201.7590158172
2020-2021,420738.68871704745
