d_fiscal_year,total
2017-2018,327035.29411764705
2018-2019,2168209.0919759055
2019-2020,2813590.75517067
2020-2021,3291175.2153769988
