owner_org,d_fiscal_year,total
pch,2017-2018,327035.29411764705
pch,2018-2019,2168209.0919759055
pch,2019-2020,2813590.75517067
pch,2020-2021,3291175.2153769988
