d_fiscal_year,total
2017-2018,23895335.95827767
2018-2019,23358141.57622685
2019-2020,5941216.67650463
2020-2021,187208.95379227053
