owner_org,d_fiscal_year,total
nrc-cnrc,2017-2018,15533.05
nrc-cnrc,2018-2019,76753.23999999999
nrc-cnrc,2019-2020,48185
pwgsc-tpsgc,2017-2018,23879802.908277668
pwgsc-tpsgc,2018-2019,23281388.33622685
pwgsc-tpsgc,2019-2020,5893031.67650463
pwgsc-tpsgc,2020-2021,187208.95379227053
