d_fiscal_year,total
2017-2018,7440916.116158588
2018-2019,8608650.040688489
2019-2020,3673350.684833958
