d_fiscal_year,total
2017-2018,602412802.8379967
2018-2019,616313578.0140463
2019-2020,255235369.07081163
2020-2021,455658986.379209
