d_fiscal_year,total
2017-2018,305774279.2542823
2018-2019,303164528.71269375
2019-2020,258744666.36420178
2020-2021,459158695.4286281
