d_fiscal_year,total
2017-2018,304792577.4151134
2018-2019,302490081.5337384
2019-2020,255394984.18605024
2020-2021,456247086.8427415
