d_fiscal_year,total
2017-2018,602614557.2179632
2018-2019,616339102.5840464
2019-2020,255235369.07081163
2020-2021,455658986.379209
