d_fiscal_year,total
2017-2018,620908621.6052353
2018-2019,635214861.1701423
2019-2020,270593014.0813475
2020-2021,471557780.22738564
