d_fiscal_year,total
2017-2018,568310028.2777861
2018-2019,419219606.9161854
2019-2020,289309699.6568201
2020-2021,491290089.10675955
