d_fiscal_year,total
2017-2018,414523749.170035
2018-2019,400993762.95784444
2019-2020,270214690.405675
2020-2021,472614871.79951274
