d_fiscal_year,total
2017-2018,587599872.879865
2018-2019,601885435.2424276
2019-2020,238094309.94220838
2020-2021,438993682.2006588
