d_fiscal_year,total
2017-2018,2105582
2018-2019,263233.22350993374
2019-2020,1063222.5264900662
2020-2021,1920910.2354887219
