d_fiscal_year,total
2017-2018,8239003.663089431
2018-2019,21855.318926553675
2019-2020,48479.07107344633
