d_most_recent_category,total,percentage
3_information_technology,65941876.60779295,0.4647834058844602
6_industrial_products_and_services,32926703.120894108,0.23207991656195998
2_professional_services,27515020.291691646,0.1939363194077061
1_facilities_and_construction,10606203.674499797,0.07475655411899088
9_human_capital,4106920.955479376,0.028947139626299054
8_security_and_protection,779847.905645423,0.005496664400583765
