d_fiscal_year,total
2017-2018,58620974.53537108
2018-2019,46174363.77141416
2019-2020,39489688.17948402
2020-2021,34389234.95438523
