d_most_recent_category,total,percentage
3_information_technology,103275400.65417834,0.7154436869593854
2_professional_services,27597632.29512364,0.19118349263720658
1_facilities_and_construction,12637222.138065536,0.08754476615062722
8_security_and_protection,779847.905645423,0.00540242165460864
11_defence,51011.43433652531,3.533833655220364e-4
9_human_capital,10429.288265306124,7.224923265006946e-5
