d_most_recent_category,total,percentage
3_information_technology,98685527.21661764,0.6956105164464728
2_professional_services,27515020.291691646,0.1939467520209576
1_facilities_and_construction,10606203.674499797,0.07476057557417534
9_human_capital,4106920.955479376,0.028948696809158767
8_security_and_protection,779847.905645423,0.005496960088230306
6_industrial_products_and_services,175420.8121543792,0.001236499061005368
