d_most_recent_category,total,percentage
3_information_technology,66511202.04,0.3420991020088475
6_industrial_products_and_services,47956061.76,0.24666109107406015
2_professional_services,34844281.30,0.17922089780265993
11_defence,23699190.88,0.12189633732837138
1_facilities_and_construction,20410871.09,0.1049829270430649
8_security_and_protection,918821.35,0.004725940115347389
9_human_capital,40882.81,2.1027995526059e-4
10_office_management,39550.00,2.034246723881341e-4
