d_fiscal_year,total
2017-2018,35283745.05152525
2018-2019,38478011.114505716
2019-2020,34272177.64380376
2020-2021,36035434.513103984
