d_fiscal_year,total
2017-2018,62455043.463165715
2018-2019,47062428.842327975
2019-2020,39808466.330046944
2020-2021,34389234.95438523
