category,total,percentage
3_information_technology,63158465.318651974,0.3437846971727506
NA,43713763.86016326,0.23794313232796754
6_industrial_products_and_services,35751282.298739724,0.19460168477178072
2_professional_services,29770494.603845805,0.16204701017400497
1_facilities_and_construction,9430844.919288754,0.05133405551105715
8_security_and_protection,1879893.300971044,0.010232651251590083
9_human_capital,10429.288265306124,5.6768790848955885e-5
