d_most_recent_category,total,percentage
10_office_management,48435747.27091728,0.33570987389322915
6_industrial_products_and_services,35588236.08717808,0.24666332042083844
2_professional_services,26246133.364661586,0.18191287671793466
3_information_technology,15759044.859760014,0.10922649614460225
1_facilities_and_construction,13322077.459509177,0.09233578907975334
11_defence,4147503.101550595,0.0287464903845791
8_security_and_protection,779847.905645423,0.005405153359062974
