owner_org,d_fiscal_year,total
pc,2018-2019,945460.2521973094
pc,2019-2020,1446693.0169968298
pc,2020-2021,2018067.917187874
