d_most_recent_category,total,percentage
1_facilities_and_construction,3366510.952106977,0.5746951354459323
6_industrial_products_and_services,1660085.3778242648,0.28339221366959366
11_defence,831311.1839278179,0.14191265088447402
