d_most_recent_category,total,percentage
1_facilities_and_construction,3165472.312703583,0.5403759457134618
6_industrial_products_and_services,1704272.3478242648,0.29093534573432145
11_defence,831311.1839278179,0.14191265088447402
2_professional_services,156851.66940339355,0.02677605766774272
