d_most_recent_category,total,percentage
1_facilities_and_construction,3546851.67,0.3823867855725335
11_defence,3002792.30,0.32373163685082545
6_industrial_products_and_services,2724589.84,0.29373857421899685
3_information_technology,1326.44,1.4300335764414607e-4
