d_most_recent_category,total,percentage
1_facilities_and_construction,2750390.3102112166,0.675468734853275
2_professional_services,1321434.4365087852,0.324531265146725
