d_fiscal_year,total
2017-2018,1991638.708112145
2018-2019,9110777.9655323755
2019-2020,7034702.06026059
2020-2021,5384380.346421013
