d_most_recent_category,total,percentage
1_facilities_and_construction,12865259.092586141,0.5717461952755604
2_professional_services,8616633.887739982,0.38293264099413304
7_travel,1019803.05,0.045321163730306584
