d_most_recent_category,total,percentage
6_industrial_products_and_services,3862754.387305857,0.9542482516623343
1_facilities_and_construction,88280.41789592039,0.0218086437776226
2_professional_services,41375.049999999996,0.010221221741328237
3_information_technology,37826.81999999999,0.009344673057538534
9_human_capital,17718.75,0.0043772097611763545
