d_fiscal_year,total
2017-2018,593856.395
2018-2019,4762409.15765758
2019-2020,7751068.569578922
2020-2021,5511278.063881748
