owner_org,d_fiscal_year,total
dnd-mdn,2020-2021,243882.3594525547
phac-aspc,2019-2020,5345363.171733334
phac-aspc,2020-2021,195105755.76826668
