d_most_recent_category,d_fiscal_year,total
4_medical,2019-2020,5345363.171733334
4_medical,2020-2021,195105755.76826668
6_industrial_products_and_services,2020-2021,243882.3594525547
