d_fiscal_year,total
2019-2020,5345363.171733334
2020-2021,195349638.12771922
