d_most_recent_category,total,percentage
11_defence,23627863.72314376,0.47253342545272065
5_transportation_and_logistics,17992602.292955857,0.3598338848539658
1_facilities_and_construction,3853487.45,0.07706585944559921
6_industrial_products_and_services,3699492.5124636367,0.0739861161311345
3_information_technology,686382.95,0.01372696619280692
10_office_management,141296.94999999998,0.0028257963805725793
9_human_capital,1397.6476964769647,2.7951543200473968e-5
