d_fiscal_year,total
2018-2019,225307.59510253317
2019-2020,1328669.5584920999
2020-2021,3666540.9626538293
