d_most_recent_category,total,percentage
5_transportation_and_logistics,8638341.1,0.504776725124568
2_professional_services,6524804.32,0.3812733623968882
1_facilities_and_construction,1139869.58,0.0666076538308399
10_office_management,558474.79,0.03263416809980227
6_industrial_products_and_services,251702.38,0.01470809054790156
