d_most_recent_category,total,percentage
5_transportation_and_logistics,55045810.14,0.7284332849729838
2_professional_services,15145767.67349099,0.20042726724847632
10_office_management,2351130.4464864866,0.03111302513630603
1_facilities_and_construction,1596991.76,0.02113334240794929
NA,869187.23,0.011502145351211437
6_industrial_products_and_services,558513.74,0.007390934883073136
