d_fiscal_year,total
2017-2018,20271371.028197553
2018-2019,25449341.160788935
2019-2020,22382752.42
2020-2021,2219108.650990991
