owner_org,d_fiscal_year,total
dfo-mpo,2019-2020,242363.3
dnd-mdn,2017-2018,21900088.688197553
dnd-mdn,2018-2019,27419799.700788934
dnd-mdn,2019-2020,23786040.650000002
dnd-mdn,2020-2021,2128777.66
pch,2020-2021,90330.99099099098
