d_fiscal_year,total
2017-2018,21900088.688197553
2018-2019,27440522.350788936
2019-2020,24028403.95
2020-2021,2219108.650990991
