d_fiscal_year,total
2017-2018,6645999.919375
2018-2019,9337548.090625001
2019-2020,1129644.16
