d_fiscal_year,total
2017-2018,1238459.3453496087
2018-2019,1192633.0953496087
2019-2020,1195900.5832820733
2020-2021,1192633.0953496087
