d_fiscal_year,total
2017-2018,1423722.3653592751
2018-2019,1400835.3235836949
2019-2020,1404673.2285798145
2020-2021,1400835.3235836949
