d_fiscal_year,total
2017-2018,1423722.3653592751
2018-2019,1415400.5649826864
2019-2020,1419278.3747497622
2020-2021,1415400.5649826864
