d_most_recent_category,total,percentage
1_facilities_and_construction,5444803.221096813,0.9670939892932313
2_professional_services,185263.02000966654,0.03290601070676865
