d_fiscal_year,total
2017-2018,2010756.841791045
2018-2019,2414231.0764925373
2019-2020,6614.331716417911
