d_most_recent_category,total,percentage
5_transportation_and_logistics,10302869.126648238,0.9572689111539164
6_industrial_products_and_services,340479.02,0.0316348753672061
3_information_technology,101511.8,0.009431750424154627
1_facilities_and_construction,17914.24,0.0016644630547227792
