d_most_recent_category,total,percentage
1_facilities_and_construction,7796937.965186518,0.7244357105307487
11_defence,2182217.7556552687,0.2027560662159408
5_transportation_and_logistics,341627.6458064516,0.03174159746194971
6_industrial_products_and_services,340479.02,0.0316348753672061
10_office_management,53604.02,0.0049805021521773145
3_information_technology,47907.78,0.004451248271977313
