d_most_recent_category,total,percentage
5_transportation_and_logistics,10057554.24,0.7823138158014789
11_defence,2356026.41,0.18326045961955903
6_industrial_products_and_services,376760.72,0.029305844097967913
3_information_technology,47907.78,0.003726444550163682
1_facilities_and_construction,17914.24,0.00139343593083053
