d_most_recent_category,total,percentage
1_facilities_and_construction,7796937.965186518,0.7244357105307487
2_professional_services,1775029.0358064517,0.16492300265933893
11_defence,1065666.3356552685,0.0990140940592511
10_office_management,53604.02,0.0049805021521773145
3_information_technology,47907.78,0.004451248271977313
5_transportation_and_logistics,23629.05,0.0021954423265065823
