d_most_recent_category,total,percentage
5_transportation_and_logistics,8104005.390992969,0.7529662195316144
11_defence,2252467.7556552687,0.20928319377447943
6_industrial_products_and_services,340479.02,0.0316348753672061
3_information_technology,47907.78,0.004451248271977313
1_facilities_and_construction,17914.24,0.0016644630547227792
