d_fiscal_year,total
2017-2018,15721624.514626138
2018-2019,18940820.36464605
2019-2020,16618357.560025083
2020-2021,37380148.66622296
