d_most_recent_category,total,percentage
3_information_technology,88390127.9086709,0.996446776345421
9_human_capital,185739.47,0.0020938932944280886
1_facilities_and_construction,76675.27863013699,8.643819850032369e-4
10_office_management,27072.600000000002,3.0519703541058814e-4
6_industrial_products_and_services,16699.14,1.8825410274249122e-4
2_professional_services,9003.344657534246,1.0149723699457047e-4
