d_fiscal_year,total
2017-2018,16627503.006149719
2018-2019,19224944.475856554
2019-2020,16675565.265640996
2020-2021,37444068.23699922
