d_most_recent_category,total,percentage
3_information_technology,88296610.1571458,0.9964430263991737
9_human_capital,185739.47,0.0020961031151613264
1_facilities_and_construction,76675.27863013699,8.652942230991229e-4
10_office_management,27072.600000000002,3.0551912953943785e-4
6_industrial_products_and_services,16699.14,1.8845277944701315e-4
2_professional_services,9003.344657534246,1.0160435357939063e-4
