d_fiscal_year,total
2017-2018,15784018.7772524
2018-2019,19660652.664649926
2019-2020,16769752.920213003
2020-2021,39937705.497149155
