d_most_recent_category,total,percentage
3_information_technology,89508347.54272866,0.9956943498919905
9_human_capital,185739.47,0.0020661731101967677
6_industrial_products_and_services,88567.47,9.852279914019293e-4
1_facilities_and_construction,76675.27863013699,8.529387906750993e-4
10_office_management,27072.600000000002,3.0115665853419854e-4
2_professional_services,9003.344657534246,1.0015355720155217e-4
