category,total,percentage
3_information_technology,89585022.8213588,0.9956980192182759
9_human_capital,185739.47,0.0020644122928722302
6_industrial_products_and_services,88567.47,9.843883683774508e-4
1_facilities_and_construction,76675.27863013699,8.522119060825264e-4
10_office_management,27072.600000000002,3.0090000924419964e-4
2_professional_services,9003.344657534246,1.0006820514766848e-4
