d_most_recent_category,total,percentage
3_information_technology,88276843.8771458,0.9964422327822625
9_human_capital,185739.47,0.002096570788826191
1_facilities_and_construction,76675.27863013699,8.65487283887772e-4
10_office_management,27072.600000000002,3.055872956759053e-4
6_industrial_products_and_services,16699.14,1.8849482623439702e-4
2_professional_services,9003.344657534246,1.0162702311318454e-4
