d_most_recent_category,total,percentage
3_information_technology,65038999.541684866,0.9598621101866665
2_professional_services,1481064.266938341,0.021857923439833355
6_industrial_products_and_services,559140.1968253969,0.008251933347637562
10_office_management,387461.42317483237,0.005718254307189318
9_human_capital,261994.49185002735,0.0038665813984926495
NA,30030.47,4.4319732018052895e-4
