d_fiscal_year,total
2017-2018,20235587.49852075
2018-2019,16244573.066171689
2019-2020,12421445.390183596
2020-2021,19120779.109708197
