d_most_recent_category,total,percentage
3_information_technology,57010224.09293386,0.8413713984789354
11_defence,6867930.829119243,0.10135867133118084
2_professional_services,1665992.696938341,0.024587144281238517
10_office_management,1548306.042806596,0.022850294683739638
6_industrial_products_and_services,559140.1968253969,0.008251933347637562
9_human_capital,77066.06185002737,0.0011373605570874858
NA,30030.47,4.4319732018052895e-4
