d_fiscal_year,total
2017-2018,20146842.87405937
2018-2019,16073245.516522309
2019-2020,12446566.640183596
2020-2021,19436603.06492845
