d_fiscal_year,total
2017-2018,43691019.04725899
2018-2019,26359572.96566215
2019-2020,33042982.114918813
2020-2021,31148738.66662372
