category,total,percentage
5_transportation_and_logistics,101377531.59295535,0.7551831422047453
NA,23119492.470077943,0.1722220959160309
6_industrial_products_and_services,9547609.671430362,0.07112220783955474
1_facilities_and_construction,90475.6,6.739722976802835e-4
9_human_capital,65379.9,4.8702900478258415e-4
2_professional_services,41823.56,3.11552737206155e-4
