d_fiscal_year,total
2017-2018,39915403.09106032
2018-2019,22583957.009463478
2019-2020,29257022.005415488
2020-2021,27373122.71042505
