d_most_recent_category,total,percentage
5_transportation_and_logistics,95724881.55121213,0.8744732358909675
6_industrial_products_and_services,13543204.174238043,0.1237209112893181
1_facilities_and_construction,90475.6,8.265195988657243e-4
9_human_capital,65379.9,5.972634469611825e-4
2_professional_services,41823.56,3.820697738875072e-4
