d_most_recent_category,total,percentage
5_transportation_and_logistics,80503103.5431128,0.7278974356920233
11_defence,20558237.27688005,0.18588461236373507
6_industrial_products_and_services,9320935.185457334,0.08427854978426344
1_facilities_and_construction,107288.15,9.700839573634339e-4
9_human_capital,65379.9,5.911556134020913e-4
2_professional_services,41823.56,3.78162589212574e-4
