d_fiscal_year,total
2017-2018,34178624.5178801
2018-2019,21016349.79204503
2019-2020,28041423.33598608
2020-2021,27360369.96953897
