d_fiscal_year,total
2017-2018,33522590.39375017
2018-2019,20541381.08617496
2019-2020,28041423.33598608
2020-2021,27360369.96953897
