d_most_recent_category,total,percentage
5_transportation_and_logistics,88378305.65,0.7202001393879008
11_defence,23084518.62,0.18811713357834603
6_industrial_products_and_services,11014177.62,0.08975519729318644
1_facilities_and_construction,90475.60,7.372911174229673e-4
9_human_capital,65379.90,5.327847455888865e-4
2_professional_services,41823.56,3.408227111730291e-4
10_office_management,38854.93,3.1663116638177777e-4
