d_most_recent_category,total,percentage
5_transportation_and_logistics,99812006.20999284,0.9024857449454904
6_industrial_products_and_services,10587082.345457332,0.09572686954350315
1_facilities_and_construction,90475.6,8.180673083917575e-4
9_human_capital,65379.9,5.911556134020914e-4
2_professional_services,41823.56,3.7816258921257405e-4
