owner_org,d_fiscal_year,total
dfo-mpo,2017-2018,21067916.34908416
dfo-mpo,2018-2019,17535472.210973803
dfo-mpo,2019-2020,23798773.26752485
dfo-mpo,2020-2021,22371621.577273216
dnd-mdn,2017-2018,17665059.44197616
dnd-mdn,2018-2019,4791524.929960267
dnd-mdn,2019-2020,5374131.63642005
dnd-mdn,2020-2021,4930073.833151832
tc,2017-2018,1182427.3
tc,2018-2019,256959.86852941173
tc,2019-2020,84117.10147058824
tc,2020-2021,71427.3
