d_most_recent_category,total,percentage
5_transportation_and_logistics,95724881.55121213,0.8762591093137911
6_industrial_products_and_services,13320105.780211072,0.12193134990393142
1_facilities_and_construction,90475.6,8.282075400450256e-4
9_human_capital,65379.9,5.984831948877904e-4
2_professional_services,41823.56,3.8285004734453845e-4
