d_most_recent_category,total,percentage
3_information_technology,7045871.22,0.9784162726931472
11_defence,58697.85,0.008151005012566439
10_office_management,54957.55,0.007631612836387887
9_human_capital,20905.00,0.0029029472082487077
2_professional_services,20870.54,0.0028981622496497524
