d_fiscal_year,total
2017-2018,1493197.9220247453
2018-2019,1270447.6257220707
2019-2020,1195205.6214838864
2020-2021,1504172.2645255171
