d_most_recent_category,total,percentage
3_information_technology,5176990.401688912,0.9476419906420502
10_office_management,185559.64,0.03396647337322778
11_defence,58697.850000000006,0.010744572252299682
9_human_capital,20905,0.0038266356081922055
2_professional_services,20870.54206730769,0.0038203281242302307
