d_most_recent_category,total,percentage
3_information_technology,5366290.341688912,0.9822931215213923
10_office_management,54957.55000000001,0.010059914746185292
9_human_capital,20905,0.0038266356081922046
2_professional_services,20870.54206730769,0.0038203281242302303
