d_most_recent_category,total,percentage
11_defence,9028174.908125,0.8240908494950702
5_transportation_and_logistics,1753664.9586734695,0.1600743517078244
6_industrial_products_and_services,173475.21000000002,0.01583479879710549
