d_fiscal_year,total
2017-2018,2952373.23
2018-2019,3031885.0871904762
2019-2020,3384940.762809524
2020-2021,1586115.9967984695
