d_fiscal_year,total
2017-2018,7474339.738210608
2018-2019,7297533.847041989
2019-2020,258832.34159779616
