d_most_recent_category,d_fiscal_year,total
9_human_capital,2017-2018,7474339.738210608
9_human_capital,2018-2019,7297533.847041989
9_human_capital,2019-2020,258832.34159779616
