d_fiscal_year,total
2017-2018,5823197.159139932
2018-2019,8556802.542275729
2019-2020,8009940.870532951
2020-2021,8216915.788639203
