d_most_recent_category,total,percentage
1_facilities_and_construction,19405654.99812924,0.6340296686959899
2_professional_services,11001192.492458573,0.35943555793023924
7_travel,200008.87,0.006534773373770908
