category,total,percentage
1_facilities_and_construction,19639499.547607973,0.6094434372690042
2_professional_services,11528822.42970783,0.35775683347699644
5_transportation_and_logistics,772207.03,0.02396275452465939
7_travel,200008.87,0.006206578376480866
3_information_technology,84765.32,0.0026303963528591565
