d_most_recent_category,total,percentage
1_facilities_and_construction,18742142.647607975,0.6068144561201982
2_professional_services,11102500.753327463,0.35946572827223394
5_transportation_and_logistics,756700,0.024499680083523313
7_travel,200008.87,0.006475688289767415
9_human_capital,84765.32,0.0027444472342770987
