d_fiscal_year,total
2017-2018,5923507.794187894
2018-2019,9107332.780713838
2019-2020,8656716.980252732
2020-2021,8470838.612161344
