d_most_recent_category,total,percentage
1_facilities_and_construction,18834920.047607973,0.6039948397592603
2_professional_services,11307514.643327463,0.36260735260935856
5_transportation_and_logistics,756700,0.024265719954774986
7_travel,200008.87,0.006413848589785907
9_human_capital,84765.32,0.0027182390868202557
