d_fiscal_year,total
2017-2018,5828319.659139932
2018-2019,8711411.29495901
2019-2020,8335274.70418052
2020-2021,8308903.222655975
