d_most_recent_category,total,percentage
1_facilities_and_construction,18567449.937607974,0.6052509556234025
2_professional_services,11068350.753327463,0.3607996732527879
5_transportation_and_logistics,756700,0.024666467374853278
7_travel,200008.87,0.006519773049473068
3_information_technology,84765.32,0.0027631306994832807
