d_fiscal_year,total
2017-2018,2280300.1424810127
2018-2019,2280300.1424810127
2019-2020,2286547.5401316457
2020-2021,2280300.1424810127
