d_fiscal_year,total
2017-2018,4092424.242424242
2018-2019,4092424.242424242
2019-2020,4183266.0936363637
2020-2021,4092424.242424242
