owner_org,d_fiscal_year,total
pwgsc-tpsgc,2017-2018,91943433.9700304
pwgsc-tpsgc,2018-2019,91943433.9700304
pwgsc-tpsgc,2019-2020,92195333.78912638
pwgsc-tpsgc,2020-2021,93420494.4500304
