owner_org,d_fiscal_year,total
pwgsc-tpsgc,2017-2018,147431396.25509828
pwgsc-tpsgc,2018-2019,147431396.25509828
pwgsc-tpsgc,2019-2020,135977616.35926214
pwgsc-tpsgc,2020-2021,93420494.4500304
