d_fiscal_year,total
2017-2018,3098866.073297872
2018-2019,29240.14
2020-2021,1245689.2519117647
