owner_org,d_fiscal_year,total
dnd-mdn,2017-2018,3886435.909016393
dnd-mdn,2018-2019,4631142.190983606
tc,2018-2019,109135
