owner_org,d_fiscal_year,total
dnd-mdn,2017-2018,1943217.9545081966
dnd-mdn,2018-2019,2315571.095491803
tc,2018-2019,109135
