d_fiscal_year,total
2017-2018,1943217.9545081966
2018-2019,2424706.095491803
