d_fiscal_year,total
2017-2018,3886435.909016393
2018-2019,4740277.190983606
