d_fiscal_year,total
2017-2018,3617336.754529915
2019-2020,11302314.477748862
2020-2021,16212285.855383635
