d_fiscal_year,total
2017-2018,3617336.754529915
2019-2020,19381941.91722255
2020-2021,25041818.835646793
