d_fiscal_year,total
2017-2018,2465448.2066666665
2018-2019,2465448.2066666665
2019-2020,2851490.6385535607
2020-2021,2843699.6805247255
