d_most_recent_category,total,percentage
4_medical,10925645.265220609,0.9905790747219984
10_office_management,103908.60284069834,0.009420925278001532
