d_most_recent_category,total,percentage
2_professional_services,2523213.60,0.3974304443410293
3_information_technology,2296340.56,0.3616957548183338
11_defence,1151774.47,0.1814155720470035
1_facilities_and_construction,223105.77,0.03514130756131206
8_security_and_protection,101773.59,0.016030320631370824
9_human_capital,52610.12,0.00828660060095055
