d_most_recent_category,total,percentage
3_information_technology,47668479.50337638,0.9834452296326472
2_professional_services,246232.21,0.005080000344656519
9_human_capital,194844.79866666667,0.004019830079830729
6_industrial_products_and_services,177057.75,0.003652866662018376
10_office_management,117301.86,0.0024200468705083333
NA,66988.06972602742,0.0013820264103388189
