d_fiscal_year,total
2017-2018,11994388.715556359
2018-2019,11186243.303872406
2019-2020,12913087.97778261
2020-2021,12299622.650734168
