d_fiscal_year,total
2017-2018,12212891.61008376
2018-2019,11197943.827513805
2019-2020,12952041.421888793
2020-2021,12451721.387702305
