d_most_recent_category,total,percentage
3_information_technology,41367653.263761885,0.8548362325433118
10_office_management,3635068.9514780934,0.07511638689542914
11_defence,2664955.733112788,0.0550696145189472
2_professional_services,458507.5450236153,0.00947476667050915
6_industrial_products_and_services,177057.75,0.0036587857422693843
NA,66988.06972602742,0.0013842658365179525
9_human_capital,22258.018666666667,4.5994779301536257e-4
