d_most_recent_category,total,percentage
3_information_technology,47160974.21119391,0.9749633973920696
NA,487004.3219084961,0.010067887616278914
2_professional_services,246232.21,0.005090382377045473
9_human_capital,182860.28866666666,0.003780288496335423
6_industrial_products_and_services,177673.01,0.0036730513809733675
10_office_management,117301.86,0.0024249927372972666
