d_most_recent_category,total,percentage
3_information_technology,47628183.07337638,0.9830284856848766
2_professional_services,246232.21,0.005082143825436951
6_industrial_products_and_services,192087.35,0.0039646134831306055
9_human_capital,182860.28866666666,0.003774170271894642
10_office_management,117301.86,0.0024210679972017867
NA,83795.9797260274,0.0017295187374595314
