d_fiscal_year,total
2017-2018,12213717.551607102
2018-2019,11213017.260314787
2019-2020,12952949.957564468
2020-2021,12451721.387702305
