d_most_recent_category,total,percentage
3_information_technology,44801827.758769386,0.9257849387403574
11_defence,2759670.4846069915,0.057025829041882664
2_professional_services,246232.21,0.005088142222191659
9_human_capital,194844.79866666667,0.004026272788886148
6_industrial_products_and_services,177057.75,0.0036587212271751743
10_office_management,117301.86,0.0024239255563178142
NA,66988.06972602742,0.0013842414278624187
1_facilities_and_construction,29419.71617647059,6.079289953267892e-4
