d_fiscal_year,total
2017-2018,11401529.073956013
2018-2019,6090275.978191854
2019-2020,9876441.025077585
2020-2021,8161367.354888902
