d_fiscal_year,total
2017-2018,11401529.073956013
2018-2019,5932537.742838318
2019-2020,9847718.540431121
2020-2021,8161367.354888902
