category,total,percentage
2_professional_services,24175526.585859876,0.6804331443698795
3_information_technology,8548493.853883348,0.2406019381611558
6_industrial_products_and_services,2805592.992371134,0.07896491746896482
