d_fiscal_year,total
2017-2018,11355802.96454962
2018-2019,5904299.233426377
2019-2020,9277027.206897173
2020-2021,8039663.585969766
