d_most_recent_category,total,percentage
3_information_technology,32052940.19,0.9270073197179359
6_industrial_products_and_services,1899933.75,0.05494823516091554
1_facilities_and_construction,291262.60,0.008423644149911064
2_professional_services,256062.23,0.007405609700598564
11_defence,76594.21,0.002215191270638796
