d_fiscal_year,total
2019-2020,571937.8129198967
2020-2021,7975341.260609515
