d_most_recent_category,total,percentage
9_human_capital,10451861.585306844,0.9239727826361585
2_professional_services,676563.0884018117,0.05981000363593916
3_information_technology,183447.0412643308,0.016217213727902403
