d_most_recent_category,total,percentage
2_professional_services,64596409.51,0.8846724258632799
4_medical,8420910.37,0.11532757413672008
