d_most_recent_category,total,percentage
2_professional_services,55250899.57,0.8705145313796187
4_medical,8218344.86,0.12948546862038127
