d_most_recent_category,d_fiscal_year,total
2_professional_services,2017-2018,14205799.729695698
2_professional_services,2018-2019,14205799.729695698
2_professional_services,2019-2020,14244719.728955138
2_professional_services,2020-2021,12594580.377511647
4_medical,2017-2018,393903.6416904253
4_medical,2018-2019,657168.7828276656
4_medical,2019-2020,2949544.0564489774
4_medical,2020-2021,4217728.376119446
