owner_org,d_fiscal_year,total
phac-aspc,2019-2020,1790850.948509485
phac-aspc,2020-2021,163415149.05149052
