d_most_recent_category,total,percentage
1_facilities_and_construction,7803997.17,0.9301586634264255
2_professional_services,491520.86,0.058584386439234214
10_office_management,94445.40,0.011256950134340282
