d_most_recent_category,total,percentage
1_facilities_and_construction,7330744.86,0.9310837791543706
2_professional_services,491520.86,0.0624284583083971
10_office_management,51080.40,0.006487762537232391
