owner_org,d_fiscal_year,total
pwgsc-tpsgc,2017-2018,7148317.976279406
pwgsc-tpsgc,2018-2019,24469.897959183676
ssc-spc,2017-2018,563265.56
