d_fiscal_year,total
2017-2018,4800328.636016838
2018-2019,4025240.7162224664
2019-2020,4083039.6362130684
2020-2021,1692908.3073752185
