d_most_recent_category,total,percentage
3_information_technology,9997494.67,0.6056684528265066
10_office_management,3737813.36,0.22644429490303278
11_defence,1740326.96,0.10543252802126268
6_industrial_products_and_services,988204.49,0.05986742719284666
5_transportation_and_logistics,27991.59,0.001695787150630144
9_human_capital,14715.75,8.915099057211663e-4
