d_most_recent_category,total,percentage
3_information_technology,9142509.482975326,0.6265339260135288
10_office_management,3509545.7522292584,0.2405083071297739
11_defence,1531651.800934988,0.10496372116566714
6_industrial_products_and_services,365787.42392370576,0.025067322185889696
5_transportation_and_logistics,27991.59,0.0019182567773890445
9_human_capital,14715.75,0.0010084667277515437
