d_fiscal_year,total
2017-2018,2064961.1499999997
2018-2019,1957835.9499999997
2019-2020,1550681.880136986
2020-2021,15750
