d_most_recent_category,total,percentage
7_travel,5549273.280136986,0.9928513037948535
5_transportation_and_logistics,39955.700000000004,0.00714869620514648
