d_fiscal_year,total
2017-2018,18535182.788134277
2018-2019,21429020.86183422
2019-2020,18676585.193337385
2020-2021,21297608.083793286
