d_fiscal_year,total
2017-2018,18535182.788134277
2018-2019,21674129.077013537
2019-2020,19274788.721277334
2020-2021,21731901.766028482
