d_fiscal_year,total
2017-2018,18514434.11406266
2018-2019,21669803.148896825
2019-2020,19274788.721277334
2020-2021,21679921.766028482
