d_fiscal_year,total
2017-2018,18515057.027979627
2018-2019,21425524.72780398
2019-2020,18677417.26083231
2020-2021,21249848.04660497
