d_fiscal_year,total
2017-2018,20827711.449512735
2018-2019,24398092.277759746
2019-2020,22410430.552244302
2020-2021,24866461.139478855
