d_most_recent_category,total,percentage
5_transportation_and_logistics,19763596.791382235,0.9917868154130554
7_travel,123323.81999999999,0.006188698342383994
1_facilities_and_construction,40342.47,0.0020244862445606697
