d_most_recent_category,total,percentage
5_transportation_and_logistics,23274376.73,0.9830495116058408
11_defence,192017.20,0.008110310185078401
7_travel,168954.86,0.007136216557040178
1_facilities_and_construction,40342.47,0.00170396165204065
