d_fiscal_year,total
2017-2018,3275444.148695284
2018-2019,2807991.539982544
2019-2020,1619690.965278491
2020-2021,4493598.256521988
