owner_org,d_fiscal_year,total
dfatd-maecd,2018-2019,1051013
dfo-mpo,2018-2019,7471.0270769230765
dfo-mpo,2019-2020,113933.16292307692
dnd-mdn,2017-2018,61881385.39495282
dnd-mdn,2018-2019,88699420.24560925
dnd-mdn,2019-2020,101219238.34169753
dnd-mdn,2020-2021,57716922.8428744
ec,2017-2018,25200
ec,2018-2019,52500
ec,2019-2020,52500
