category,total,percentage
NA,169789163.5767727,0.5112823052305159
6_industrial_products_and_services,154036570.2878079,0.4638468738962958
3_information_technology,5825646.660465789,0.017542639302034195
11_defence,1312592.6865889214,0.003952580956819718
1_facilities_and_construction,844292.3929774128,0.002542398771962225
10_office_management,130200,3.920683436956389e-4
9_human_capital,121404.18999999999,3.655817180569174e-4
8_security_and_protection,25089.61,7.555178061958172e-5
