d_most_recent_category,total,percentage
9_human_capital,141011579.55256322,0.45413717215349114
3_information_technology,128071625.32657008,0.41246318879244653
6_industrial_products_and_services,31811573.009999998,0.10245128701030225
11_defence,8469725.14310107,0.027277313236332198
1_facilities_and_construction,984584.0065539035,0.0031709182884322664
10_office_management,130200,4.193177610094344e-4
8_security_and_protection,25089.61,8.080275798617447e-5
