d_fiscal_year,total
2017-2018,61906585.39495282
2018-2019,89810404.27268618
2019-2020,101385671.50462061
2020-2021,57716922.8428744
