d_most_recent_category,total,percentage
6_industrial_products_and_services,154057551.67610428,0.4956494365187848
1_facilities_and_construction,142189966.73546287,0.45746784967236664
11_defence,12214133.913101071,0.0392965390253735
10_office_management,1160424.8904657888,0.0037334355688774324
3_information_technology,1051013,0.0033814246400536503
2_professional_services,121404.18999999999,3.9059375999322076e-4
8_security_and_protection,25089.61,8.072081455066348e-5
