d_fiscal_year,total
2017-2018,14823501.766661072
2018-2019,7252306.546161804
2019-2020,4260722.142574758
2020-2021,106549.67658657346
