d_fiscal_year,total
2017-2018,14348460.312721679
2018-2019,7031051.679254589
2019-2020,4048306.279481975
2020-2021,106549.67658657346
