d_fiscal_year,total
2017-2018,1611527.129221835
2018-2019,4491543.958199767
2019-2020,4493277.462578397
