d_fiscal_year,total
2017-2018,1611527.129221835
2018-2019,4662224.348199767
2019-2020,4572035.342578397
