d_most_recent_category,total,percentage
1_facilities_and_construction,389637786.7993179,0.9556657429999409
2_professional_services,15708703.534438612,0.038528783253091184
5_transportation_and_logistics,749778.4169456682,0.001838983723323407
3_information_technology,622009.7480687831,0.0015256051342564505
NA,616138.6930927836,0.0015112051804893332
6_industrial_products_and_services,262331.18,6.434204549464659e-4
7_travel,79270.06999999999,1.9442593329179627e-4
10_office_management,22600,5.543108631535958e-5
9_human_capital,14841.680921052632,3.640223434512805e-5
