d_fiscal_year,total
2017-2018,102714423.37211081
2018-2019,104024854.36716257
2019-2020,102007733.87485665
2020-2021,104505923.63860993
