d_fiscal_year,total
2017-2018,101454128.33049466
2018-2019,101913670.81531851
2019-2020,101091621.44051543
2020-2021,103592394.83491522
