d_fiscal_year,total
2017-2018,101441823.83403517
2018-2019,101801938.26274326
2019-2020,100948577.1113958
2020-2021,103514842.52140614
