d_most_recent_category,total,percentage
1_facilities_and_construction,389948284.7507418,0.9556342356869231
2_professional_services,15681541.154438611,0.038430269298643106
5_transportation_and_logistics,782475.0824936386,0.0019175875536440554
NA,638461.754579963,0.001564658532203466
3_information_technology,604469.4289898357,0.0014813545881809745
6_industrial_products_and_services,294713.18,7.222445014630285e-4
7_travel,79270.06999999999,1.9426471591154956e-4
10_office_management,22600,5.5385123030685106e-5
