d_fiscal_year,total
2017-2018,101605746.35474533
2018-2019,101983144.85770838
2019-2020,101137563.4087441
2020-2021,103598499.80502775
