d_most_recent_category,total,percentage
2_professional_services,39443142.26,0.6171218179859979
NA,24471535.71,0.38287818201400226
