owner_org,d_fiscal_year,total
dfatd-maecd,2017-2018,12202059.549487138
dfatd-maecd,2018-2019,15648211.69515155
dfatd-maecd,2019-2020,17796074.779009283
dfatd-maecd,2020-2021,18268331.94600128
