d_most_recent_category,total,percentage
2_professional_services,41619852.895997636,0.7907895177380512
NA,11010906.569613041,0.2092104822619489
