d_most_recent_category,total,percentage
2_professional_services,52733557.53,0.6288037515286395
NA,31129742.27,0.37119624847136046
