owner_org,d_fiscal_year,total
dnd-mdn,2017-2018,3427971.9587703063
dnd-mdn,2018-2019,5891539.726199928
dnd-mdn,2019-2020,5907680.930929243
dnd-mdn,2020-2021,5891539.726199928
