d_fiscal_year,total
2017-2018,3427971.9587703063
2018-2019,5891539.726199928
2019-2020,5907680.930929243
2020-2021,5891539.726199928
