d_most_recent_category,d_fiscal_year,total
11_defence,2017-2018,3813442.2286252077
11_defence,2018-2019,6624074.666020259
11_defence,2019-2020,6642222.815790177
11_defence,2020-2021,6624074.666020259
