d_fiscal_year,total
2017-2018,3797170.6583072715
2018-2019,3797170.6583072715
2019-2020,3807573.865590305
2020-2021,3797170.6583072715
