d_fiscal_year,total
2017-2018,1928704.8222272028
2018-2019,1305799.1698628766
2019-2020,1205227.200753251
2020-2021,1213354.7646352386
