d_most_recent_category,total,percentage
2_professional_services,5160987.958139796,0.8936650715154865
3_information_technology,492670.7578211587,0.08530976076536483
9_human_capital,121422.04151761517,0.021025167719148686
