d_most_recent_category,total,percentage
6_industrial_products_and_services,3027556.55,0.5668817423404906
11_defence,2190355.13,0.4101235800842953
5_transportation_and_logistics,122808.13,0.022994677575214065
