d_most_recent_category,total,percentage
6_industrial_products_and_services,3027556.55,0.5897014322913129
11_defence,1983685.17,0.38637824484699923
5_transportation_and_logistics,122808.13,0.023920322861687833
