owner_org,d_fiscal_year,total
pwgsc-tpsgc,2017-2018,7594335.419583779
pwgsc-tpsgc,2018-2019,2267897.4266702244
pwgsc-tpsgc,2019-2020,771713.25
