owner_org,d_fiscal_year,total
hc-sc,2017-2018,1941720.065779271
hc-sc,2018-2019,2154303.7150943396
hc-sc,2019-2020,2118522.8485603514
hc-sc,2020-2021,1900731.7150943396
