d_fiscal_year,total
2017-2018,6303778.792977183
2018-2019,9791934.996650167
2019-2020,15038000.318839144
2020-2021,12620467.461760888
