d_most_recent_category,total,percentage
5_transportation_and_logistics,23724022.800847303,0.5383862951814402
11_defence,18887027.980684932,0.42861689633623146
6_industrial_products_and_services,1229304,0.02789747892958894
3_information_technology,141296.94999999998,0.0032065532085148846
1_facilities_and_construction,77587.36,0.0017607457071663573
NA,4420.289855072464,1.0031281366900279e-4
9_human_capital,1397.6476964769647,3.171782338905156e-5
