owner_org,d_fiscal_year,total
csa-asc,2018-2019,38405.426594594595
csa-asc,2019-2020,74372.4134054054
dnd-mdn,2017-2018,133582.95
dnd-mdn,2018-2019,10831.050000000001
dnd-mdn,2019-2020,2437089.552238806
dnd-mdn,2020-2021,3077985.074626866
