d_most_recent_category,total,percentage
2_professional_services,5772266.466865672,0.9903564737835041
6_industrial_products_and_services,56207.037037037044,0.009643526216495822
