owner_org,d_fiscal_year,total
pc,2017-2018,159063.2082051282
pc,2018-2019,1722632.1785849952
pc,2019-2020,697891.2232098766
pwgsc-tpsgc,2017-2018,1090018.35
pwgsc-tpsgc,2018-2019,208873.1590804598
pwgsc-tpsgc,2019-2020,967394.4340107692
pwgsc-tpsgc,2020-2021,2633554.9216025365
