d_fiscal_year,total
2017-2018,2450342.865456477
2018-2019,2328240.28745947
2019-2020,2157285.103706342
2020-2021,96549.38151785714
