d_most_recent_category,total,percentage
2_professional_services,4970740.4122312935,0.9368084646970235
10_office_management,221371.31567230631,0.04172065027830379
3_information_technology,113925.31120331949,0.02147088502467271
