d_most_recent_category,total,percentage
11_defence,2655338.262518021,0.4864519420112235
6_industrial_products_and_services,2212932.64546594,0.405404237238733
10_office_management,350137.03,0.06414430907647349
1_facilities_and_construction,228929.73295081969,0.04193940740055947
5_transportation_and_logistics,11245.250000000002,0.0020601042730105227
