d_most_recent_category,total,percentage
11_defence,2875810.872518021,0.5268420236850665
6_industrial_products_and_services,2317924.0054659396,0.42463841605780644
1_facilities_and_construction,228929.73295081969,0.04193940740055947
3_information_technology,24673.06,0.004520048583557057
5_transportation_and_logistics,11245.250000000002,0.0020601042730105227
