d_most_recent_category,total,percentage
6_industrial_products_and_services,2256981.51546594,0.4134738902307327
5_transportation_and_logistics,2011370.9522752692,0.36847859259612065
11_defence,525627.7023497751,0.09629380188288164
3_information_technology,435673.01789297664,0.07981430788970552
1_facilities_and_construction,228929.73295081969,0.04193940740055947
