d_fiscal_year,total
2017-2018,2072254.4170547759
2018-2019,2346591.947967185
2019-2020,702304.1173861431
2020-2021,337432.43852667615
