d_most_recent_category,total,percentage
11_defence,6303759.55,0.8546110192644363
1_facilities_and_construction,1072414.41,0.14538898073556378
