d_fiscal_year,total
2017-2018,938147.0997321428
2018-2019,974749.7946397945
2019-2020,1411328.5150923484
2020-2021,1954398.3204383561
