d_most_recent_category,total,percentage
11_defence,9280451.139255736,0.993309576049754
6_industrial_products_and_services,31848.61,0.00340883528420915
5_transportation_and_logistics,15750.000000000002,0.001685761348024109
1_facilities_and_construction,14909.75,0.0015958273180128543
