d_fiscal_year,total
2017-2018,715227.0510204653
2018-2019,4444383.0916293645
2019-2020,3201677.5376399867
2020-2021,981671.8189659195
