d_most_recent_category,total,percentage
2_professional_services,6320654.739999999,0.6765152669776109
11_defence,2991645.009255736,0.32020314435635217
5_transportation_and_logistics,15750.000000000002,0.001685761348024109
1_facilities_and_construction,14909.75,0.0015958273180128543
