owner_org,d_fiscal_year,total
dnd-mdn,2018-2019,4158172.3591803275
dnd-mdn,2019-2020,2130633.770819672
