d_most_recent_category,total,percentage
1_facilities_and_construction,13917941.047705956,0.8272593892946573
5_transportation_and_logistics,2906214.988253638,0.17274061070534272
