d_fiscal_year,total
2017-2018,6790635.184596502
2018-2019,3244696.469372148
2019-2020,5156279.091209543
2020-2021,1632545.2907814006
