d_most_recent_category,total,percentage
1_facilities_and_construction,4906014.20,0.5920457477154564
2_professional_services,3123967.99,0.37699278580061146
3_information_technology,256563.61,0.030961466483932155
