d_most_recent_category,total,percentage
1_facilities_and_construction,6430801.62,0.6554462555977515
2_professional_services,3123967.99,0.31840402504160104
3_information_technology,256563.61,0.026149719360647344
