d_most_recent_category,total,percentage
1_facilities_and_construction,11670568.16,0.7571858347591831
2_professional_services,3213056.29,0.20846291908185868
3_information_technology,529458.61,0.034351246158958244
