d_fiscal_year,total
2017-2018,108137.67363756537
2018-2019,121877.9708029197
2019-2020,88346.99839416059
2020-2021,525729.8966924015
