owner_org,d_fiscal_year,total
dnd-mdn,2017-2018,18707575.22662364
dnd-mdn,2018-2019,18707575.22662364
dnd-mdn,2019-2020,18758828.85738151
dnd-mdn,2020-2021,18707575.22662364
