d_fiscal_year,total
2017-2018,10127103.480978908
2018-2019,10127103.480978908
2019-2020,10154848.96996789
2020-2021,10127103.480978908
