owner_org,d_fiscal_year,total
pwgsc-tpsgc,2017-2018,16143499.832451053
pwgsc-tpsgc,2018-2019,16143499.832451053
pwgsc-tpsgc,2019-2020,16187728.599115303
pwgsc-tpsgc,2020-2021,16158946.347339874
