d_most_recent_category,total,percentage
2_professional_services,33278534.71024656,0.9995135898504101
1_facilities_and_construction,16194.894407554068,4.8641014958986957e-4
