d_fiscal_year,total
2017-2018,16143499.832451053
2018-2019,16143499.832451053
2019-2020,16187728.599115303
2020-2021,16158946.347339874
