d_most_recent_category,total,percentage
2_professional_services,6092721.67,0.9736079597201298
11_defence,113263.98,0.01809941707118635
9_human_capital,33894.12,0.0054162305132499314
1_facilities_and_construction,18000.12,0.002876392695433909
