d_fiscal_year,total
2017-2018,221223.56127622377
2018-2019,988190.4013197651
2019-2020,2808768.967510037
2020-2021,2092632.7830501203
