d_fiscal_year,total
2017-2018,5327677251.449511
2018-2019,5643022767.27765
2019-2020,5841563957.368794
2020-2021,5329203467.890306
