d_fiscal_year,total
2017-2018,3896373231.637692
2018-2019,4120960816.1929264
2019-2020,4160661617.045307
2020-2021,3880653874.4924583
