d_fiscal_year,total
2017-2018,3894980655.7682304
2018-2019,4120703178.9789696
2019-2020,4159909406.33565
2020-2021,3879496231.546534
