d_fiscal_year,total
2017-2018,2182373.54
2019-2020,3639149.7156401384
2020-2021,329838.2243598616
