d_most_recent_category,total,percentage
4_medical,4188092.2927461136,0.9945937232983793
2_professional_services,22765.06,0.0054062767016208125
