d_most_recent_category,total,percentage
10_office_management,9586899.677829161,0.9636894268387332
11_defence,361222,0.036310573161266804
