d_fiscal_year,total
2017-2018,9521184.05383327
2018-2019,4946008.896270034
2019-2020,2026242.2181376426
2020-2021,6303695.016407362
