d_fiscal_year,total
2017-2018,639157.5927585046
2018-2019,649560.5602934125
2019-2020,3358478.3540206593
2020-2021,13245348.609961202
