d_most_recent_category,total,percentage
2_professional_services,17921256.076171983,0.9986037676635796
3_information_technology,25057.222947761195,0.0013962323364203296
