d_most_recent_category,total,percentage
2_professional_services,8250164.264152118,0.665758865978993
1_facilities_and_construction,3459271.3326620837,0.27915087334123956
7_travel,531444.18,0.04288565212516988
10_office_management,89779.52,0.0072448874361268414
NA,61461.46303526449,0.004959721118470693
