d_fiscal_year,total
2017-2018,3363702.9571526265
2018-2019,3396091.739876277
2019-2020,2449657.7474885886
2020-2021,2852107.2422482874
