d_fiscal_year,total
2017-2018,3414251.6297189984
2018-2019,3728936.0673099053
2019-2020,2449657.7474885886
2020-2021,2799275.3153319736
