d_most_recent_category,total,percentage
2_professional_services,8250164.264152118,0.665758865978993
1_facilities_and_construction,3549050.8526620837,0.2863957607773664
7_travel,531444.18,0.04288565212516988
NA,61461.46303526449,0.004959721118470693
