owner_org,d_fiscal_year,total
nrc-cnrc,2017-2018,1243748.913650167
nrc-cnrc,2018-2019,1597494.2120200745
nrc-cnrc,2019-2020,1560465.7033680747
nrc-cnrc,2020-2021,1565229.7520200745
pwgsc-tpsgc,2017-2018,142301.1910454054
pwgsc-tpsgc,2018-2019,105258.55137404389
pwgsc-tpsgc,2019-2020,103433.78184240419
pwgsc-tpsgc,2020-2021,148050.6502472833
