d_fiscal_year,total
2017-2018,1386050.1046955725
2018-2019,1702752.7633941185
2019-2020,1663899.485210479
2020-2021,1713280.4022673578
