d_most_recent_category,total,percentage
2_professional_services,6422519.122650605,0.924379589402619
9_human_capital,140649.97377394297,0.02024345315658463
3_information_technology,121614.3023255814,0.017503689238189696
7_travel,102252.57771038666,0.014716997177312828
1_facilities_and_construction,94431.23076477404,0.01359128725880705
10_office_management,66456.78015002886,0.009564983766486757
