d_most_recent_category,total,percentage
6_industrial_products_and_services,8028985.405704918,0.9570780264070714
4_medical,360075.0305128205,0.04292197359292868
