d_fiscal_year,total
2017-2018,352211.8682179282
2018-2019,526639.3931506849
2019-2020,1033120.4015151516
2020-2021,6477088.773333974
