d_most_recent_category,total,percentage
6_industrial_products_and_services,7920032.20,0.9440904931550478
4_medical,360075.03,0.04292197359292868
1_facilities_and_construction,108953.20,0.012987533252023559
