d_most_recent_category,total,percentage
6_industrial_products_and_services,14624371.82,0.9418658553191196
4_medical,793696.94,0.051117138997809855
1_facilities_and_construction,108953.20,0.007017005683070624
