d_most_recent_category,total,percentage
1_facilities_and_construction,39303118.05848008,0.959182117444029
2_professional_services,1672539.5811897106,0.04081788255597084
