d_fiscal_year,total
2018-2019,4895238.656385543
2019-2020,17598357.479771852
2020-2021,18482061.503512394
