d_fiscal_year,total
2017-2018,91783.90347177158
2018-2019,81698.65347177158
2019-2020,92007.7353990915
2020-2021,11651588.980394391
