d_most_recent_category,total,percentage
2_professional_services,7625885.136720639,0.6127994908756736
3_information_technology,2361781.2471074252,0.18978758791133926
10_office_management,2165842.7980891606,0.17404240166099982
9_human_capital,137567.6776849064,0.011054638423587844
8_security_and_protection,114827.3505623472,0.009227275352519725
7_travel,22981.370000000003,0.0018467327507743691
1_facilities_and_construction,15454.29,0.0012418730251053276
