d_most_recent_category,total,percentage
2_professional_services,9218924.793335967,0.6707501104245176
3_information_technology,3260645.2398241973,0.2372378779191494
10_office_management,710823.3451555666,0.05171805258679104
9_human_capital,376511.5193017614,0.02739420798077399
8_security_and_protection,127938.5005623472,0.009308543599550136
7_travel,22981.370000000003,0.001672077472239439
1_facilities_and_construction,15454.29,0.00112442252826769
4_medical,10922.62,7.947074887107227e-4
