d_fiscal_year,total
2017-2018,69192.01781405382
2018-2019,1124234.975234824
2019-2020,4539685.91125108
2020-2021,6711226.96586452
