d_most_recent_category,total,percentage
2_professional_services,7984467.901915292,0.6416144195047415
3_information_technology,3247112.6591903944,0.2609308885058181
10_office_management,705756.7222071129,0.0567130703251827
9_human_capital,337750.3333408777,0.02714087985901446
8_security_and_protection,114827.3505623472,0.009227275352519725
7_travel,22981.370000000003,0.0018467327507743691
1_facilities_and_construction,20520.91294845361,0.0016490157905163661
4_medical,10922.62,8.777179114327448e-4
