d_most_recent_category,total,percentage
5_transportation_and_logistics,9814502.35608695,0.8555605418557215
1_facilities_and_construction,910142.9471428571,0.07933997718598208
6_industrial_products_and_services,721924.1,0.06293235782776474
2_professional_services,24860.000000000004,0.0021671231305316328
