d_most_recent_category,total,percentage
5_transportation_and_logistics,9825059.94608695,0.8556933527167517
6_industrial_products_and_services,1471913.7071428571,0.1281932916324283
1_facilities_and_construction,160153.34,0.01394822517169129
2_professional_services,24860.000000000004,0.0021651304791285996
