d_fiscal_year,total
2017-2018,2728795.8500587954
2018-2019,3031457.5551793
2019-2020,3422088.2885714285
2020-2021,1678041.3316425064
