d_fiscal_year,total
2017-2018,15083839.68
2018-2019,11699191.98
2019-2020,4493245.968356481
2020-2021,19235498.260821756
