d_fiscal_year,total
2017-2018,2021141.589069637
2018-2019,1364856.8337539271
2019-2020,1171112.3540074993
2020-2021,950242.019098554
