d_most_recent_category,total,percentage
3_information_technology,95476279.8446093,0.5722155002062627
2_professional_services,70587087.7305825,0.42304775363678077
1_facilities_and_construction,696722.0689655173,0.004175646221728604
9_human_capital,93621.60657534246,5.610999352280297e-4
