d_fiscal_year,total
2017-2018,42503489.09960843
2018-2019,38600922.43094186
2019-2020,36961128.56853474
2020-2021,54582239.728333004
