d_most_recent_category,total,percentage
3_information_technology,96827260.46202168,0.5756513649329363
2_professional_services,70587087.7305825,0.41964993334380607
1_facilities_and_construction,696722.0689655173,0.004142108411052379
9_human_capital,93621.60657534246,5.565933122051794e-4
