d_fiscal_year,total
2017-2018,43265014.54777661
2018-2019,38866768.339129545
2019-2020,34635300.41196779
2020-2021,50950989.04924072
