d_most_recent_category,total,percentage
3_information_technology,101270348.42,0.5865719705317173
2_professional_services,70587087.73,0.40885024876162723
1_facilities_and_construction,696722.07,0.004035511314781886
9_human_capital,93621.61,5.422693918736075e-4
