d_fiscal_year,total
2017-2018,42503489.09960843
2018-2019,38600322.108599864
2019-2020,36960393.72580173
2020-2021,54581506.89336703
