d_most_recent_category,total,percentage
3_information_technology,99138950.3419913,0.5814042576181244
2_professional_services,70587087.7305825,0.41396074093838764
1_facilities_and_construction,696722.0689655173,0.004085953864507336
9_human_capital,93621.60657534246,5.490475789806489e-4
