d_most_recent_category,total,percentage
2_professional_services,70624621.97715785,0.40906765234835657
10_office_management,58737562.19266468,0.3402161455616739
3_information_technology,42588873.58862998,0.24668069077518762
1_facilities_and_construction,696722.0689655173,0.004035511314781886
