d_most_recent_category,total,percentage
3_information_technology,3121220.5669817356,0.5619220839864634
6_industrial_products_and_services,1964328.5378766572,0.3536435705039338
10_office_management,263245.7420708447,0.04739286853029302
NA,64268.44000000001,0.011570427326217958
2_professional_services,51374.76,0.009249141989161231
5_transportation_and_logistics,43244.3,0.00778539249471696
1_facilities_and_construction,24879.75,0.004479171102791218
9_human_capital,21981.239112571897,0.0039573440664225365
