d_most_recent_category,total,percentage
11_defence,1812637.084820603,0.32633413318767907
6_industrial_products_and_services,1755034.15,0.3159637154349118
3_information_technology,1356050.2687464983,0.24413352938440216
10_office_management,263245.7420708447,0.04739286853029302
2_professional_services,213202.3612912913,0.03838341847256524
NA,64268.44000000001,0.011570427326217958
5_transportation_and_logistics,43244.3,0.00778539249471696
1_facilities_and_construction,24879.75,0.004479171102791218
9_human_capital,21981.239112571897,0.0039573440664225365
