d_fiscal_year,total
2017-2018,1834341.9972664313
2018-2019,1532826.826726405
2019-2020,1448755.817127239
2020-2021,738618.694921734
