d_most_recent_category,total,percentage
6_industrial_products_and_services,13675979.171837838,0.9886342745637146
1_facilities_and_construction,128173.30362934365,0.009265626940480502
3_information_technology,29051.090000000004,0.0021000984958048563
