d_most_recent_category,total,percentage
3_information_technology,4109705.3310368094,0.8188953150546702
1_facilities_and_construction,908891.3753840125,0.18110468494532975
