d_fiscal_year,total
2017-2018,1935614.4731447485
2018-2019,1026723.0977607361
2019-2020,1029536.0377546011
2020-2021,1026723.0977607361
