d_fiscal_year,total
2017-2018,1627428.41
2018-2019,6105892.515245073
2019-2020,647286.8047549272
2020-2021,104598.56999999999
