d_fiscal_year,total
2017-2018,2117481.39
2018-2019,8351096.585245073
2019-2020,2486804.808419849
2020-2021,370515.74633507855
