d_most_recent_category,total,percentage
10_office_management,11271319.36,0.8458205902307737
2_professional_services,1812445.05,0.13600921888454454
6_industrial_products_and_services,143871.5,0.010796382673641745
11_defence,98262.62000000001,0.007373808211040011
