d_most_recent_category,total,percentage
10_office_management,11271319.36,0.8458205902307737
2_professional_services,1783960.5899999999,0.13387169247791053
6_industrial_products_and_services,143871.5,0.010796382673641745
11_defence,98262.62000000001,0.007373808211040011
5_transportation_and_logistics,28484.460000000003,0.002137526406633985
