d_fiscal_year,total
2017-2018,17999645.746073823
2018-2019,49052580.43289308
2019-2020,96502456.6670596
2020-2021,166372634.00367644
