d_fiscal_year,total
2017-2018,17961743.126919717
2018-2019,49014677.81373898
2019-2020,96464450.20511329
2020-2021,166837239.9088367
