d_most_recent_category,total,percentage
3_information_technology,213303901.69214064,0.6465178565050749
2_professional_services,110539066.77094446,0.33504066236897895
1_facilities_and_construction,2951922.0953844697,0.008947189106894128
9_human_capital,2563458.0751186013,0.007769766079376732
NA,518813.71611478686,0.0015725091243388323
10_office_management,50154.5,1.5201681533647508e-4
