category,total,percentage
3_information_technology,230410609.35778078,0.6512981238347498
2_professional_services,115933106.2624918,0.3277063274540825
1_facilities_and_construction,2951922.0953844697,0.008344152761841235
9_human_capital,2588457.5251186015,0.007316753054187237
NA,1837089.2601049615,0.005192871941783811
10_office_management,50154.5,1.4177095335548128e-4
