d_fiscal_year,total
2017-2018,18026254.04138889
2018-2019,49557473.907578014
2019-2020,97989377.27797239
2020-2021,167258366.10246062
