d_most_recent_category,total,percentage
3_information_technology,210746002.64598018,0.6265021443485381
2_professional_services,117971533.45713128,0.35070377494720095
9_human_capital,3061008.865548709,0.009099715268894717
1_facilities_and_construction,2560136.726037736,0.0076107310627496795
11_defence,1521398.8820469698,0.004522788807591535
NA,474890.73175858957,0.0014117471175849026
10_office_management,50154.5,0.00014909844744012801
