d_most_recent_category,total,percentage
3_information_technology,212400531.95993933,0.6430959995554192
2_professional_services,111823935.27132432,0.338575072124096
9_human_capital,3061008.865548709,0.009267973756343171
1_facilities_and_construction,2467589.726037736,0.007471248149501924
NA,474890.73175858957,0.0014378510590429966
10_office_management,50154.5,1.5185535559668795e-4
