d_fiscal_year,total
2017-2018,17961743.126919717
2018-2019,49009611.81378449
2019-2020,98824252.42060436
2020-2021,170589518.4471949
