owner_org,d_fiscal_year,total
dnd-mdn,2017-2018,1338255.5775956283
dnd-mdn,2020-2021,8222961.375414364
