d_fiscal_year,total
2017-2018,4565978.840288809
2018-2019,1561506.0874000809
2019-2020,12112819.378471283
2020-2021,18358659.65294287
