category,total,percentage
2_professional_services,35027350.41600793,0.5944399144716933
3_information_technology,20134835.54363732,0.3417029771395847
6_industrial_products_and_services,1799791.49,0.030543786117877156
1_facilities_and_construction,1002562.0574375455,0.017014215936909036
10_office_management,829063.11,0.01406981111465421
5_transportation_and_logistics,97189.93999999999,0.0016493848074419517
9_human_capital,34171.2,5.799104118395424e-4
