d_most_recent_category,total,percentage
2_professional_services,34918176.60,0.6015151565805736
3_information_technology,16298798.22,0.2807699347151715
11_defence,4418365.38,0.07611261533297625
1_facilities_and_construction,1002562.06,0.017270554529191327
10_office_management,829063.11,0.01428178888595922
6_industrial_products_and_services,405874.02,0.006991756113639636
9_human_capital,177529.28,0.0030581938424884716
