d_most_recent_category,total,percentage
2_professional_services,35027350.41600793,0.6022631699023904
3_information_technology,19369414.26975977,0.3330393163830868
6_industrial_products_and_services,1799791.49,0.03094576424014557
1_facilities_and_construction,1002562.0574375455,0.017238135216195275
10_office_management,829063.11,0.014254979915624489
5_transportation_and_logistics,97189.93999999999,0.001671091893958168
9_human_capital,34171.2,5.875424485993442e-4
