d_most_recent_category,total,percentage
2_professional_services,34918176.59600793,0.6015151565805736
3_information_technology,20659634.919759773,0.35589153687588404
1_facilities_and_construction,1002562.0574375455,0.017270554529191327
10_office_management,829063.11,0.01428178888595922
6_industrial_products_and_services,366212.76,0.006308534612840814
9_human_capital,177529.28,0.0030581938424884716
5_transportation_and_logistics,97189.93999999999,0.0016742346730625167
