d_fiscal_year,total
2018-2019,603210.2058362989
2019-2020,2184989.1725608935
2020-2021,3224388.3834524187
