d_most_recent_category,total,percentage
10_office_management,6401313.58,0.9818535962010775
2_professional_services,118307.68000000001,0.018146403798922517
