d_most_recent_category,d_fiscal_year,total
2_professional_services,2017-2018,1226052.590607514
2_professional_services,2018-2019,1226052.590607514
2_professional_services,2019-2020,1229411.638800959
2_professional_services,2020-2021,433317.21695443644
