d_most_recent_category,total,percentage
2_professional_services,10319425.042127222,0.5901149371674334
3_information_technology,7100698.232002179,0.40605247617158985
9_human_capital,42442.99586776859,0.0024270970269621656
1_facilities_and_construction,24578,0.001405489634014667
