d_most_recent_category,total,percentage
9_human_capital,12227459.511377685,0.6163745464804229
10_office_management,6100698.232002179,0.3075303665872111
3_information_technology,1000000.0000000001,0.05040904416055394
2_professional_services,484974.26784307725,0.024447089284433992
1_facilities_and_construction,24578,0.0012389534873780946
