d_fiscal_year,total
2017-2018,2053237.7070472143
2018-2019,1957160.2464309258
2019-2020,7796475.09741871
2020-2021,8030836.960326092
