d_most_recent_category,total,percentage
9_human_capital,18414791.01,0.6505229873720472
3_information_technology,9376226.73,0.33122564459703335
2_professional_services,492075.73,0.017383122826411017
1_facilities_and_construction,24578.00,8.682452045085216e-4
