d_most_recent_category,total,percentage
2_professional_services,34093312.04,0.9526622250275827
4_medical,892731.74,0.024945414539455306
1_facilities_and_construction,523565.62,0.014629883651717163
6_industrial_products_and_services,118500.56,0.0033112361454583836
5_transportation_and_logistics,107718.41,0.00300995280295136
11_defence,51579.96,0.0014412878328351913
