d_most_recent_category,total,percentage
2_professional_services,40416403.02,0.9557221497309925
4_medical,892731.74,0.021110327246957217
1_facilities_and_construction,543953.87,0.012862816163256527
6_industrial_products_and_services,215565.63,0.005097456278427758
5_transportation_and_logistics,107718.41,0.0025472051614014507
9_human_capital,60910.34,0.0014403399793101036
11_defence,51579.96,0.0012197054396544426
