d_most_recent_category,total,percentage
2_professional_services,24715693.71676525,0.950307858924534
4_medical,652731.0179408543,0.025097228636242707
1_facilities_and_construction,403245.13364678895,0.0155046030254728
6_industrial_products_and_services,118500.56,0.004556295880077638
5_transportation_and_logistics,117921.0386966046,0.004534013533672881
