d_most_recent_category,total,percentage
2_professional_services,15259901.958210243,0.9219203510663234
4_medical,652731.0179408543,0.0394344610378145
1_facilities_and_construction,403245.13364678895,0.024361879663153223
6_industrial_products_and_services,118500.56,0.007159159880314793
5_transportation_and_logistics,117921.0386966046,0.007124148352394115
