category,total,percentage
3_information_technology,19553192.743182335,0.41365550231947085
2_professional_services,16396701.540313477,0.34687868631611146
10_office_management,5608893.177974209,0.1186583467705113
8_security_and_protection,4598316.96,0.09727920840836385
9_human_capital,775584.1740428178,0.016407789015253096
6_industrial_products_and_services,336579.27,0.0071204671702894025
