d_most_recent_category,total,percentage
3_information_technology,19060529.06994825,0.4088160294437908
2_professional_services,16396701.540313477,0.35168144572935744
10_office_management,5522098.851247954,0.11843965706716013
8_security_and_protection,4532239.28,0.09720884767359797
9_human_capital,775584.1740428178,0.016634965449701847
6_industrial_products_and_services,336579.27,0.00721905463639175
