d_fiscal_year,total
2017-2018,848057.6718070093
2018-2019,2885272.3393909847
2019-2020,19604391.157150093
2020-2021,23916459.692736283
