d_most_recent_category,total,percentage
6_industrial_products_and_services,12247142.611847106,0.8023452761862009
11_defence,1918017.6421097503,0.12565481137615786
5_transportation_and_logistics,919042.2348365596,0.06020908052654007
3_information_technology,111139.26908294552,0.007281050802921902
2_professional_services,47152.53999999999,0.0030890975085555066
1_facilities_and_construction,21685.57,0.0014206835996238177
