d_most_recent_category,total,percentage
6_industrial_products_and_services,11053726.139090018,0.7241611560377842
11_defence,3944940.408210662,0.25844430833213866
2_professional_services,110778.69730337079,0.007257428716265707
1_facilities_and_construction,92472.18327231122,0.006058116719845523
3_information_technology,62262.44,0.00407899019396594
