d_most_recent_category,total,percentage
6_industrial_products_and_services,12935892.01,0.698141555544057
11_defence,5327633.53,0.28752886575175535
2_professional_services,110778.70,0.005978653192669364
1_facilities_and_construction,92472.18,0.004990662710539814
3_information_technology,62262.44,0.003360262800978596
