owner_org,d_fiscal_year,total
cnsc-ccsn,2018-2019,18165.34
dnd-mdn,2017-2018,3600569.6199499215
dnd-mdn,2018-2019,3613734.115532901
dnd-mdn,2019-2020,3238144.962288062
dnd-mdn,2020-2021,4536280.195680963
pwgsc-tpsgc,2018-2019,11544.15
rcmp-grc,2017-2018,136326.5044245142
tc,2018-2019,15735.94
tc,2019-2020,24744.64
tc,2020-2021,68934.4
