d_fiscal_year,total
2017-2018,3736896.1243744357
2018-2019,3659179.545532901
2019-2020,3262889.602288062
2020-2021,4605214.595680963
