d_fiscal_year,total
2017-2018,3613154.109289562
2018-2019,3270284.0834810976
2019-2020,2949374.35367129
2020-2021,4083905.8516780334
