owner_org,d_fiscal_year,total
pc,2017-2018,1501891.5489185462
pc,2018-2019,537564.2308883651
pc,2019-2020,1454010.4087881616
pc,2020-2021,1402748.3776168851
