d_most_recent_category,total,percentage
2_professional_services,81216644.87,0.9938740800365823
1_facilities_and_construction,388499.08,0.004754187602310312
7_travel,50750.00,6.210439946677206e-4
10_office_management,40000.00,4.894928036789916e-4
8_security_and_protection,21344.18,2.6119556276072646e-4
