d_fiscal_year,total
2017-2018,16322051.661213191
2018-2019,16378142.566814737
2019-2020,16401659.466327295
2020-2021,16322841.12121319
