d_fiscal_year,total
2017-2018,32292527.860410564
2018-2019,32348618.76601211
2019-2020,32415890.39483754
2020-2021,32293317.320410565
