d_most_recent_category,total,percentage
6_industrial_products_and_services,14376541.34,0.9445550444165146
11_defence,807188.50,0.05303319841947464
5_transportation_and_logistics,36708.00,0.00241175716401073
