d_most_recent_category,total,percentage
2_professional_services,12139086.940000001,0.9333451839668847
11_defence,807188.5,0.0620627813897553
5_transportation_and_logistics,36708,0.0028223897878316374
6_industrial_products_and_services,23016,0.0017696448555283037
