d_fiscal_year,total
2017-2018,4204025.5737691745
2018-2019,7382087.341856521
2019-2020,4321528.5460106945
2020-2021,5277975.575204923
