d_most_recent_category,total,percentage
4_medical,3383173.33,0.7393310076438361
6_industrial_products_and_services,950535.0353178994,0.20772214631472985
3_information_technology,242284.38356164383,0.05294684604143406
