d_most_recent_category,total,percentage
4_medical,3432671.28,0.6780568376553332
6_industrial_products_and_services,1225289.56,0.24203190434826152
3_information_technology,391432.00,0.07731970888779727
1_facilities_and_construction,13119.75,0.0025915491086080803
