d_fiscal_year,total
2017-2018,516715.22206023993
2018-2019,294644.67766423355
2019-2020,368982.3646715328
2020-2021,3495424.054483537
