d_most_recent_category,d_fiscal_year,total
2_professional_services,2017-2018,467629.729821718
2_professional_services,2018-2019,467629.729821718
2_professional_services,2019-2020,468910.9071636953
2_professional_services,2020-2021,467629.729821718
4_medical,2017-2018,1926197.1589410626
4_medical,2018-2019,1488877.3108047282
4_medical,2019-2020,1430719.2010689585
4_medical,2020-2021,1313448.7762681907
