d_fiscal_year,total
2017-2018,72525530.6587582
2018-2019,88992574.94807695
2019-2020,79989270.67616251
2020-2021,80978824.89869946
