d_most_recent_category,total,percentage
3_information_technology,309315889.90562254,0.9891310486817999
2_professional_services,2663113.6033150684,0.00851611067252164
NA,723524.8232796532,0.0023136893077697284
9_human_capital,12243.201689373296,3.915133790872366e-5
