d_most_recent_category,total,percentage
3_information_technology,311551751.86792785,0.9914859134327932
2_professional_services,2663113.6033150684,0.008475123659960886
9_human_capital,12243.201689373296,3.896290724590795e-5
