d_most_recent_category,total,percentage
3_information_technology,284573673.81430376,0.8824367454220701
11_defence,26008734.39249315,0.08065068923007702
10_office_management,9228436.169895794,0.028616530369608754
2_professional_services,2675290.4833150683,0.008295829320795466
9_human_capital,66.321689373297,2.0565744869167174e-7
