d_most_recent_category,total,percentage
3_information_technology,319810844.37669265,0.991703965021756
2_professional_services,2663113.6033150684,0.008258069937741619
9_human_capital,12243.201689373296,3.7965040502539704e-5
