d_most_recent_category,total,percentage
3_information_technology,308636440.9046482,0.9891073818159629
2_professional_services,2663113.6033150684,0.008534654287525423
NA,723524.8232796532,0.0023187273075575996
9_human_capital,12243.201689373296,3.923658895406351e-5
