d_fiscal_year,total
2017-2018,80592657.2296541
2018-2019,75097432.16701119
2019-2020,80888577.93398592
2020-2021,59482204.62097708
