d_most_recent_category,total,percentage
2_professional_services,218388880.58671,0.7398151881723039
3_information_technology,68370655.9385293,0.2316127522277571
4_medical,7566480,0.02563224285944999
1_facilities_and_construction,412575.7001367989,0.0013976433617499872
10_office_management,334291.79973345785,0.0011324484564408563
5_transportation_and_logistics,94095.21,3.187573712784475e-4
9_human_capital,14680.96,4.9733288415468076e-5
NA,12172.1,4.12342626042111e-5
