d_most_recent_category,total,percentage
2_professional_services,218388880.58671,0.7588494738413464
3_information_technology,60966284.02376505,0.21184335223114645
4_medical,7566480,0.026291720308311735
1_facilities_and_construction,412575.7001367989,0.0014336025356576122
10_office_management,334291.79973345785,0.0011615845809351552
5_transportation_and_logistics,94095.21,3.269584990209262e-4
9_human_capital,14680.96,5.101284800561321e-5
NA,12172.1,4.229515557627871e-5
