d_fiscal_year,total
2017-2018,78937215.7607417
2018-2019,72890832.95495987
2019-2020,78771627.4248075
2020-2021,57189784.23983623
