d_most_recent_category,total,percentage
2_professional_services,218468627.52671,0.7591176330819229
3_information_technology,56693549.88220799,0.19699429563328008
4_medical,7566480,0.026291410594683505
10_office_management,3828481.3116215006,0.01330290625468029
11_defence,702187.8583942303,0.0024399072355499765
1_facilities_and_construction,412575.7001367989,0.0014335856479744345
5_transportation_and_logistics,94095.21,3.2695464748508813e-4
9_human_capital,14680.96,5.101224707976823e-5
NA,12172.1,4.229465734390987e-5
