d_most_recent_category,total,percentage
10_office_management,4338986.2419013325,0.7858965698896245
3_information_technology,1181083.246385076,0.2139230733493625
11_defence,995.7614457831324,1.803567610130008e-4
