d_most_recent_category,total,percentage
10_office_management,4187934.5298815765,0.7632187257619386
3_information_technology,1208234.198147376,0.2201913517397116
6_industrial_products_and_services,91032.23877209937,0.016589922498349768
