d_most_recent_category,total,percentage
10_office_management,4234625.614695191,0.7652165194403497
3_information_technology,1208234.198147376,0.21833353214666346
6_industrial_products_and_services,91032.23877209937,0.016449948412986876
