d_most_recent_category,total,percentage
10_office_management,5304786.30,0.7914968479636926
3_information_technology,1396438.31,0.20835458016160713
11_defence,995.76,1.4857187470027113e-4
