d_fiscal_year,total
2017-2018,2086717.7340020717
2018-2019,937977.9075373076
2019-2020,1194884.2833612824
2020-2021,1293186.0429272673
