d_fiscal_year,total
2017-2018,2086717.7340020717
2018-2019,944430.2906215651
2019-2020,1202231.170443509
2020-2021,1300512.8565475205
