d_most_recent_category,total,percentage
10_office_management,4304764.965407605,0.7845612134049498
3_information_technology,1182079.0078308592,0.21543878659505025
