d_most_recent_category,total,percentage
3_information_technology,2640984.8793863743,0.5612825337440712
2_professional_services,2044618.9133296555,0.4345382259368946
9_human_capital,19664.44673819743,0.004179240319034041
