d_most_recent_category,total,percentage
2_professional_services,2846436.4777033688,0.5858880615568631
3_information_technology,1888090.3838344489,0.38862965103702507
10_office_management,123801.31490533563,0.025482287406111834
