d_most_recent_category,total,percentage
3_information_technology,2640984.8793863743,0.5435995230194339
2_professional_services,1180903.4080049803,0.243067854849924
9_human_capital,1036439.8890517988,0.21333262213064214
