d_most_recent_category,total,percentage
3_information_technology,2640984.88,0.5435995230194339
2_professional_services,1180903.41,0.243067854849924
9_human_capital,1036439.89,0.21333262213064214
