d_fiscal_year,total
2017-2018,1119206.329914036
2018-2019,1051497.0915057512
2019-2020,1138986.733436963
2020-2021,1548638.0215864033
