d_most_recent_category,total,percentage
3_information_technology,2517183.5644810386,0.5181172356133221
2_professional_services,2217343.2970567793,0.4564004769805662
10_office_management,123801.31490533563,0.025482287406111834
