d_most_recent_category,total,percentage
3_information_technology,3645572.88,0.561937432946231
2_professional_services,1502861.87,0.23165476807918653
9_human_capital,1298332.59,0.2001281291954765
11_defence,40739.40,0.006279669779105918
