d_most_recent_category,total,percentage
3_information_technology,86401290.92,0.8769684358932033
11_defence,10184258.21,0.10336967070877008
6_industrial_products_and_services,1197632.10,0.012155901124579229
2_professional_services,739510.56,0.0075059922734474005
