d_fiscal_year,total
2017-2018,27792751.39784333
2018-2019,23922426.496802483
2019-2020,28015820.39339885
2020-2021,29627099.52435342
