d_most_recent_category,total,percentage
3_information_technology,88552033.703159,0.8987983589250891
2_professional_services,6512716.573380281,0.06610372143366826
11_defence,2260309.4194961665,0.022942018516663398
6_industrial_products_and_services,1197632.1,0.012155901124579229
