d_most_recent_category,total,percentage
3_information_technology,108698809.34,0.8907478985201671
11_defence,11178345.66,0.09160254804045634
6_industrial_products_and_services,1197632.10,0.009814167079702124
2_professional_services,804825.00,0.006595253266776384
1_facilities_and_construction,151334.62,0.0012401330928981235
