d_fiscal_year,total
2017-2018,24887048.349446855
2018-2019,20519695.080237612
2019-2020,24748256.461509366
2020-2021,26368463.362769645
