d_most_recent_category,total,percentage
3_information_technology,84301091.00435734,0.8556515201480681
11_defence,6793484.588945934,0.06895350162589958
10_office_management,5490973.539351894,0.05573308482800558
2_professional_services,1937142.6633802818,0.01966189339802663
