d_most_recent_category,total,percentage
3_information_technology,86552805.16108704,0.8967022342884383
2_professional_services,6512716.573380281,0.06747288538792513
11_defence,2260309.4194961665,0.023417201821168108
6_industrial_products_and_services,1197632.1,0.012407678502468388
