d_fiscal_year,total
2017-2018,1458645.8647408006
2018-2019,3750553.8898144113
2019-2020,3702096.4141888325
2020-2021,4918266.0966637265
