owner_org,d_fiscal_year,total
dnd-mdn,2018-2019,1633292.336592827
dnd-mdn,2019-2020,2953541.863101266
dnd-mdn,2020-2021,2747242.8703059074
