d_most_recent_category,total,percentage
1_facilities_and_construction,7316709.703343421,0.9940093190420435
6_industrial_products_and_services,22917.910000000003,0.003113505528660934
2_professional_services,21178.329999999998,0.002877175429295503
