d_fiscal_year,total
2017-2018,92636.9
2018-2019,1864500.9975947936
2019-2020,2793208.5163590354
2020-2021,2656919.1597374673
