owner_org,d_fiscal_year,total
csc-scc,2020-2021,22917.910000000003
phac-aspc,2017-2018,92636.9
pwgsc-tpsgc,2018-2019,1864500.9975947936
pwgsc-tpsgc,2019-2020,2793208.5163590354
pwgsc-tpsgc,2020-2021,2634001.249737467
