d_fiscal_year,total
2017-2018,92636.9
2018-2019,1882981.4705998867
2019-2020,2815385.0839651474
2020-2021,2569802.4887783877
