d_fiscal_year,total
2017-2018,339914386.5241787
2018-2019,392937742.06594056
2019-2020,381737790.27208626
2020-2021,378968949.65190744
