d_most_recent_category,total,percentage
2_professional_services,739475778.9918883,0.49472960876027755
3_information_technology,565137108.7961384,0.378092249501109
6_industrial_products_and_services,157478624.7530005,0.10535752573041764
11_defence,21130542.738136757,0.01413691352539269
1_facilities_and_construction,10212945.118138414,0.006832740822796076
10_office_management,787831.4377759189,5.270808727654119e-4
9_human_capital,362299.98,2.4238863861587352e-4
NA,121806.88,8.149214862569708e-5
