d_fiscal_year,total
2017-2018,340303422.7129867
2018-2019,393231749.3224601
2019-2020,382074722.25526464
2020-2021,379254929.3172984
