d_most_recent_category,total,percentage
2_professional_services,739108381.43487,0.486957089271622
3_information_technology,607135182.237011,0.4000073447449914
6_industrial_products_and_services,157594959.8984768,0.10383048668323448
1_facilities_and_construction,10065552.538327893,0.006631628444612159
NA,3129200.391492391,0.002061654762229253
10_office_management,776809.2722860448,5.117960933107785e-4
