d_fiscal_year,total
2017-2018,407167916.825412
2018-2019,454931420.9153365
2019-2020,442387807.9610311
2020-2021,442378120.3635441
