d_most_recent_category,total,percentage
3_information_technology,1296273006.0144997,0.8671523201510196
6_industrial_products_and_services,157478624.7530005,0.10534660075088277
11_defence,21130542.738136757,0.01413544760741597
1_facilities_and_construction,10286398.13073559,0.006881169293565234
2_professional_services,8421437.490205077,0.005633588777020654
10_office_management,787831.4377759189,5.270262174599815e-4
9_human_capital,362299.98,2.42363504284956e-4
NA,121806.88,8.148369835078965e-5
