d_fiscal_year,total
2017-2018,340264697.0550912
2018-2019,393193023.66456467
2019-2020,382034450.4405541
2020-2021,379214767.5348685
