d_fiscal_year,total
2017-2018,340270138.8199146
2018-2019,393293494.36167645
2019-2020,382094517.2316461
2020-2021,379324701.94764334
