d_fiscal_year,total
2017-2018,1871656.2671714723
2018-2019,666904.7567072192
2019-2020,1618856.5634907598
2020-2021,1272958.66550308
