d_most_recent_category,total,percentage
10_office_management,3663841.8921128307,0.6746939293892852
6_industrial_products_and_services,979927.7039762612,0.18045300331775432
1_facilities_and_construction,650758.89,0.11983679577557173
2_professional_services,135847.76678343953,0.02501627151738878
