owner_org,d_fiscal_year,total
pwgsc-tpsgc,2017-2018,18477906.67236842
pwgsc-tpsgc,2018-2019,18477906.67236842
pwgsc-tpsgc,2019-2020,18528531.074210525
