d_most_recent_category,total,percentage
3_information_technology,11120664.590307789,0.9890597680833089
9_human_capital,97428.59999999999,0.008665193319890822
1_facilities_and_construction,25579.79,0.0022750385968002217
