d_most_recent_category,total,percentage
2_professional_services,9575942.539038902,0.9775513539542574
11_defence,219903.47999999998,0.022448646045742492
