d_most_recent_category,total,percentage
11_defence,5642922.44,0.5760525867874499
5_transportation_and_logistics,4152923.58,0.42394741321255025
