d_fiscal_year,total
2017-2018,8121220.769673721
2018-2019,7792804.97586646
2019-2020,7843573.760214651
2020-2021,7794330.405488681
