d_most_recent_category,d_fiscal_year,total
1_facilities_and_construction,2017-2018,1184961.5865019383
1_facilities_and_construction,2018-2019,856545.792694678
1_facilities_and_construction,2019-2020,779232.6001815127
1_facilities_and_construction,2020-2021,802103.5493613445
2_professional_services,2017-2018,2656768.761443188
2_professional_services,2018-2019,2656768.761443188
2_professional_services,2019-2020,2773126.107012136
2_professional_services,2020-2021,2712736.434398742
