d_most_recent_category,d_fiscal_year,total
2_professional_services,2017-2018,1867514.818540146
2_professional_services,2018-2019,1457850.9058145126
2_professional_services,2019-2020,2346032.499086183
2_professional_services,2020-2021,232991.1011627907
