owner_org,d_fiscal_year,total
aafc-aac,2018-2019,24150
aafc-aac,2019-2020,32200
csc-scc,2017-2018,97679.69
csc-scc,2018-2019,62945.049999999996
dfo-mpo,2017-2018,193917.76
dfo-mpo,2018-2019,259263.43
dfo-mpo,2019-2020,54222.899999999994
dnd-mdn,2017-2018,4409715.262810962
dnd-mdn,2018-2019,9885936.472852172
dnd-mdn,2019-2020,4788070.5046564005
dnd-mdn,2020-2021,106439.2
pc,2018-2019,278340.09
pc,2019-2020,318794.75
pc,2020-2021,168914.26093750002
tc,2017-2018,183218.16
tc,2018-2019,44111.65
