d_fiscal_year,total
2017-2018,4884530.872810962
2018-2019,10554746.692852173
2019-2020,5170555.7546564005
2020-2021,275353.4609375
