d_most_recent_category,total,percentage
11_defence,17122987.94925408,0.8198628113118308
5_transportation_and_logistics,1616900.4309375,0.07741852863813277
10_office_management,1139704.37,0.05456998694513967
1_facilities_and_construction,602214.988757764,0.028834551257076086
6_industrial_products_and_services,403379.0423076923,0.019314121847820685
