d_most_recent_category,total,percentage
5_transportation_and_logistics,20314035.42019158,0.9726528009039391
6_industrial_products_and_services,429859.6623076923,0.020582035813702212
1_facilities_and_construction,141291.69875776398,0.0067651632823587295
