d_most_recent_category,total,percentage
11_defence,8752472.41,0.7152152413051764
5_transportation_and_logistics,3445009.83,0.28151171670407427
10_office_management,40053.97,0.003273041990749401
