d_fiscal_year,total
2017-2018,3650547.6498630135
2018-2019,125062.01000000001
2019-2020,1772055.74
2020-2021,3417982.19
