d_most_recent_category,total,percentage
10_office_management,3418815.9398630136,0.38132392619675226
11_defence,3295803.01,0.36760345273066397
2_professional_services,1800703.2,0.2008447445598866
1_facilities_and_construction,450325.44,0.05022787651269712
