d_most_recent_category,total,percentage
2_professional_services,1067221.0610499466,0.46475405874634235
10_office_management,291088.7039613297,0.12676348093069453
3_information_technology,281335.23486621253,0.12251603444162962
5_transportation_and_logistics,270743.61,0.11790358738174106
7_travel,221040.87999999998,0.0962590131306033
9_human_capital,69951.9,0.03046269477668859
6_industrial_products_and_services,61674.840000000004,0.02685819579341097
1_facilities_and_construction,33257.36,0.014482934798889697
