d_most_recent_category,total,percentage
2_professional_services,1180980.81,0.4407926784719509
3_information_technology,461013.73,0.172070092972037
9_human_capital,337546.01,0.12598664336669305
5_transportation_and_logistics,270743.61,0.10105312467445196
7_travel,221040.88,0.08250193459705503
6_industrial_products_and_services,61674.84,0.023019694890663817
10_office_management,55445.19,0.020694521995013617
1_facilities_and_construction,50900.62,0.01899829399063898
0_other,39874.88,0.014883015041495576
